Category,H2H,Market,Type,Odds,TrueProb,EV_pct,HitFreq
league_en,NOT - BOU,CS 0-6,CS,10000.0,0.0014814814814814814,1381.48,1 in 675
league_en,ARS - FUL,CS 0-6,CS,6162.0,0.0014705882352941176,806.18,1 in 680
league_en,MNC - BOU,CS 0-6,CS,10000.0,0.0007407407407407407,640.74,1 in 1350
league_en,WOL - SUN,CS 0-6,CS,10000.0,0.0007407407407407407,640.74,1 in 1350
league_en,ARS - CRY,CS 0-6,CS,10000.0,0.0007401924500370096,640.19,1 in 1351
league_en,MNU - BHA,CS 0-6,CS,10000.0,0.0007390983000739098,639.1,1 in 1353
league_en,LIV - BOU,CS 0-6,CS,10000.0,0.0007385524372230429,638.55,1 in 1354
league_en,AST - BOU,CS 0-6,CS,10000.0,0.0007385524372230429,638.55,1 in 1354
league_en,MNC - TOT,CS 0-6,CS,10000.0,0.0007385524372230429,638.55,1 in 1354
league_en,CHE - FUL,CS 0-6,CS,10000.0,0.0007380073800738007,638.01,1 in 1355
league_en,WOL - BHA,CS 0-6,CS,10000.0,0.0007380073800738007,638.01,1 in 1355
league_en,MNU - EVE,CS 0-6,CS,10000.0,0.0007374631268436578,637.46,1 in 1356
league_en,TOT - CHE,CS 6-0,CS,10000.0,0.0007374631268436578,637.46,1 in 1356
league_en,CHE - TOT,CS 0-5,CS,10000.0,0.0007369196757553427,636.92,1 in 1357
league_en,CHE - CRY,CS 0-6,CS,10000.0,0.0007363770250368188,636.38,1 in 1358
league_en,FUL - TOT,CS 0-6,CS,10000.0,0.000731528895391368,631.53,1 in 1367
league_en,WHU - LIV,CS 6-0,CS,3013.0,0.002214022140221402,567.08,1 in 451
league_en,LIV - FUL,CS 0-6,CS,8370.0,0.0007380073800738007,517.71,1 in 1355
league_en,AST - WHU,CS 0-6,CS,8370.0,0.0007363770250368188,516.35,1 in 1358
league_en,WHU - CRY,CS 0-6,CS,8181.0,0.0007390983000739098,504.66,1 in 1353
league_en,NOT - CRY,CS 0-6,CS,8181.0,0.0007390983000739098,504.66,1 in 1353
league_en,WHU - BHA,CS 0-6,CS,8181.0,0.0007347538574577516,501.1,1 in 1361
league_en,CRY - BOU,CS 0-6,CS,8135.0,0.0007374631268436578,499.93,1 in 1356
league_en,ARS - BUR,CS 0-6,CS,3725.0,0.0014716703458425313,448.2,1 in 679
league_en,BHA - LEE,CS 0-6,CS,3693.0,0.0014684287812041115,442.29,1 in 681
league_en,LIV - BOU,CS 1-5,CS,3517.0,0.0014771048744460858,419.5,1 in 677
league_en,BOU - CHE,CS 5-0,CS,3469.0,0.0014825796886582653,414.31,1 in 674
league_en,BUR - NOT,CS 0-6,CS,6864.0,0.0007407407407407407,408.44,1 in 1350
league_en,SUN - WHU,CS 0-6,CS,2102.0,0.0022091310751104565,364.36,1 in 452
league_en,BRE - EVE,CS 0-5,CS,2057.0,0.002210759027266028,354.75,1 in 452
league_en,BRE - FUL,CS 0-6,CS,6162.0,0.0007374631268436578,354.42,1 in 1356
league_en,NEW - FUL,CS 0-6,CS,6162.0,0.0007374631268436578,354.42,1 in 1356
league_en,FUL - LIV,CS 6-0,CS,3013.0,0.0014760147601476014,344.72,1 in 677
league_en,LIV - CHE,CS 6-0,CS,1442.0,0.002962962962962963,327.26,1 in 337
league_en,MNU - BRE,CS 6-0,CS,1828.0,0.0022058823529411764,303.24,1 in 453
league_en,TOT - ARS,CS 6-0,CS,5454.0,0.0007380073800738007,302.51,1 in 1355
league_en,TOT - BRE,CS 6-0,CS,5454.0,0.0007352941176470588,301.03,1 in 1360
league_en,ARS - NEW,CS 0-6,CS,1818.0,0.0022010271460014674,300.15,1 in 454
league_en,TOT - MNU,CS 6-0,CS,2696.0,0.0014771048744460858,298.23,1 in 677
league_en,LIV - LEE,CS 0-5,CS,2657.0,0.0014847809948032665,294.51,1 in 673
league_en,ARS - LIV,CS 6-0,CS,1307.0,0.0029498525073746312,285.55,1 in 339
league_en,LEE - MNC,CS 0-6,CS,1043.0,0.003695491500369549,285.44,1 in 270
league_en,CRY - CHE,CS 5-1,CS,1011.0,0.003676470588235294,271.69,1 in 272
league_en,CRY - BRE,CS 6-0,CS,2516.0,0.001467351430667645,269.19,1 in 681
league_en,NOT - TOT,CS 0-5,CS,2457.0,0.0014749262536873156,262.39,1 in 678
league_en,BUR - FUL,CS 0-5,CS,1216.0,0.0029651593773165306,260.56,1 in 337
league_en,CHE - FUL,CS 0-5,CS,4837.0,0.0007380073800738007,256.97,1 in 1355
league_en,WOL - CRY,CS 1-5,CS,1204.0,0.0029498525073746312,255.16,1 in 339
league_en,LIV - TOT,CS 0-4,CS,1200.0,0.002952029520295203,254.24,1 in 338
league_en,ARS - TOT,CS 0-5,CS,4716.0,0.0007385524372230429,248.3,1 in 1354
league_en,BRE - TOT,CS 0-5,CS,4716.0,0.0007380073800738007,248.04,1 in 1355
league_en,BRE - BOU,CS 0-5,CS,4716.0,0.0007374631268436578,247.79,1 in 1356
league_en,ARS - BOU,CS 0-5,CS,4716.0,0.0007358351729212656,247.02,1 in 1359
league_en,CHE - BRE,CS 0-5,CS,1165.0,0.002936857562408223,242.14,1 in 340
league_en,LEE - NOT,CS 6-0,CS,1139.0,0.0029411764705882353,235.0,1 in 340
league_en,WHU - TOT,CS 1-5,CS,1492.0,0.002207505518763797,229.36,1 in 453
league_en,ARS - BOU,CS 1-5,CS,2230.0,0.0014716703458425313,228.18,1 in 679
league_en,NOT - CRY,CS 1-5,CS,879.0,0.003695491500369549,224.83,1 in 270
league_en,LEE - TOT,CS 1-5,CS,874.0,0.003679175864606328,221.56,1 in 271
league_en,MNC - TOT,CS 0-4,CS,862.0,0.003692762186115214,218.32,1 in 270
league_en,MNC - CHE,CS 0-6,CS,847.0,0.0036845983787767134,212.09,1 in 271
league_en,BHA - NOT,CS 0-6,CS,2102.0,0.0014738393515106854,209.8,1 in 678
league_en,MNU - CRY,CS 1-5,CS,1044.0,0.0029607698001480384,209.1,1 in 337
league_en,MNU - BHA,CS 1-5,CS,1044.0,0.0029563932002956393,208.65,1 in 338
league_en,EVE - BHA,CS 6-0,CS,1054.0,0.0029282576866764276,208.64,1 in 341
league_en,BUR - LIV,CS 6-0,CS,2083.0,0.0014749262536873156,207.23,1 in 678
league_en,BRE - CRY,CS 1-5,CS,1029.0,0.0029542097488921715,203.99,1 in 338
league_en,ARS - BHA,CS 0-5,CS,2057.0,0.0014760147601476014,203.62,1 in 677
league_en,BRE - BHA,CS 0-5,CS,2057.0,0.0014727540500736377,202.95,1 in 679
league_en,NEW - SUN,CS 0-5,CS,2057.0,0.0014716703458425313,202.72,1 in 679
league_en,ARS - LEE,CS 0-5,CS,2057.0,0.0014684287812041115,202.06,1 in 681
league_en,ARS - TOT,CS 0-4,CS,814.0,0.003692762186115214,200.59,1 in 270
league_en,CHE - WOL,CS 0-4,CS,408.0,0.007326007326007326,198.9,1 in 136
league_en,TOT - BOU,CS 0-6,CS,4024.0,0.0007380073800738007,196.97,1 in 1355
league_en,MNU - TOT,CS 1-5,CS,1988.0,0.0014781966001478197,193.87,1 in 676
league_en,CRY - FUL,CS 0-5,CS,438.0,0.006671608598962194,192.22,1 in 149
league_en,BRE - LIV,CS 6-0,CS,1307.0,0.0022010271460014674,187.67,1 in 454
league_en,NEW - LIV,CS 6-0,CS,1307.0,0.0021961932650073207,187.04,1 in 455
league_en,TOT - FUL,CS 6-0,CS,1918.0,0.0014716703458425313,182.27,1 in 679
league_en,BOU - WHU,CS 6-0,CS,1918.0,0.0014695077149155032,181.85,1 in 680
league_en,CHE - WOL,CS 0-5,CS,1920.0,0.0014652014652014652,181.32,1 in 682
league_en,WHU - CHE,CS 5-0,CS,1271.0,0.0022123893805309734,181.19,1 in 452
league_en,BUR - TOT,CS 0-5,CS,3803.0,0.0007390983000739098,181.08,1 in 1353
league_en,MNU - TOT,CS 0-5,CS,3803.0,0.0007390983000739098,181.08,1 in 1353
league_en,BUR - BOU,CS 0-5,CS,3803.0,0.0007369196757553427,180.25,1 in 1357
league_en,SUN - CHE,CS 5-0,CS,1878.0,0.0014716703458425313,176.38,1 in 679
league_en,LIV - MNC,CS 0-6,CS,3725.0,0.0007396449704142012,175.52,1 in 1352
league_en,LIV - WOL,CS 0-6,CS,3725.0,0.0007396449704142012,175.52,1 in 1352
league_en,CHE - MNU,CS 1-5,CS,1246.0,0.0022058823529411764,174.85,1 in 453
league_en,CRY - EVE,CS 0-6,CS,3693.0,0.0007407407407407407,173.56,1 in 1350
league_en,LEE - CRY,CS 0-6,CS,3693.0,0.0007390983000739098,172.95,1 in 1353
league_en,BHA - TOT,CS 0-4,CS,284.0,0.009601181683899557,172.67,1 in 104
league_en,EVE - LEE,CS 0-6,CS,3693.0,0.0007358351729212656,171.74,1 in 1359
league_en,LEE - EVE,CS 1-5,CS,527.0,0.005154639175257732,171.65,1 in 194
league_en,SUN - EVE,CS 0-6,CS,3693.0,0.0007352941176470588,171.54,1 in 1360
league_en,NOT - CHE,CS 5-1,CS,735.0,0.0036900369003690036,171.22,1 in 271
league_en,EVE - SUN,CS 0-6,CS,3693.0,0.0007336757153338225,170.95,1 in 1363
league_en,BUR - BHA,CS 0-5,CS,1828.0,0.0014749262536873156,169.62,1 in 678
league_en,NEW - BRE,CS 0-6,CS,1818.0,0.0014749262536873156,168.14,1 in 678
league_en,WHU - MNC,CS 6-0,CS,1827.0,0.001467351430667645,168.09,1 in 681
league_en,WOL - EVE,CS 1-5,CS,1204.0,0.002210759027266028,166.18,1 in 452
league_en,MNC - CRY,CS 1-5,CS,1204.0,0.0021945866861741038,164.23,1 in 455
league_en,CHE - FUL,CS 0-4,CS,879.0,0.002952029520295203,159.48,1 in 338
league_en,TOT - CHE,CS 5-0,CS,3469.0,0.0007374631268436578,155.83,1 in 1356
league_en,WOL - BOU,CS 0-4,CS,862.0,0.0029542097488921715,154.65,1 in 338
league_en,EVE - NOT,CS 6-0,CS,1139.0,0.0022222222222222222,153.11,1 in 450
league_en,NOT - SUN,CS 6-0,CS,571.0,0.004421518054532056,152.47,1 in 226
league_en,NEW - SUN,CS 0-4,CS,428.0,0.005886681383370125,151.95,1 in 169
league_en,NEW - CHE,CS 0-6,CS,1140.0,0.0022091310751104565,151.84,1 in 452
league_en,CRY - LIV,CS 6-0,CS,3356.0,0.0007446016381236039,149.89,1 in 1343
league_en,BRE - WHU,CS 0-5,CS,1127.0,0.0022156573116691287,149.7,1 in 451
league_en,BHA - LIV,CS 6-0,CS,3356.0,0.0007401924500370096,148.41,1 in 1351
league_en,EVE - AST,CS 6-0,CS,3356.0,0.0007401924500370096,148.41,1 in 1351
league_en,SUN - AST,CS 6-0,CS,3356.0,0.0007396449704142012,148.22,1 in 1352
league_en,LEE - LIV,CS 6-0,CS,3356.0,0.0007369196757553427,147.31,1 in 1357
league_en,AST - TOT,CS 1-4,CS,557.0,0.004424778761061947,146.46,1 in 226
league_en,EVE - LIV,CS 6-0,CS,3356.0,0.0007342143906020558,146.4,1 in 1362
league_en,LEE - BUR,CS 6-0,CS,1665.0,0.0014771048744460858,145.94,1 in 677
league_en,CRY - MNU,CS 6-0,CS,1665.0,0.0014695077149155032,144.67,1 in 680
league_en,BHA - BUR,CS 6-0,CS,1665.0,0.0014641288433382138,143.78,1 in 683
league_en,MNC - MNU,CS 0-6,CS,3297.0,0.0007390983000739098,143.68,1 in 1353
league_en,CRY - WOL,CS 5-0,CS,413.0,0.0058997050147492625,143.66,1 in 169
league_en,CRY - NEW,CS 0-6,CS,824.0,0.0029433406916850625,142.53,1 in 339
league_en,BRE - WHU,CS 1-5,CS,651.0,0.003692762186115214,140.4,1 in 270
league_en,FUL - AST,CS 5-0,CS,645.0,0.0037064492216456633,139.07,1 in 269
league_en,CHE - BHA,CS 1-5,CS,3235.0,0.0007385524372230429,138.92,1 in 1354
league_en,CHE - TOT,CS 0-3,CS,463.0,0.005158437730287398,138.84,1 in 193
league_en,MNU - BUR,CS 0-6,CS,3240.0,0.0007369196757553427,138.76,1 in 1357
league_en,NOT - WHU,CS 0-6,CS,3229.0,0.0007390983000739098,138.65,1 in 1353
league_en,CRY - AST,CS 5-1,CS,408.0,0.005847953216374269,138.6,1 in 171
league_en,CHE - AST,CS 0-6,CS,3235.0,0.0007363770250368188,138.22,1 in 1358
league_en,FUL - NOT,CS 0-6,CS,3229.0,0.0007358351729212656,137.6,1 in 1359
league_en,LEE - CRY,CS 1-5,CS,527.0,0.004434589800443459,133.7,1 in 225
league_en,MNU - SUN,CS 1-5,CS,1044.0,0.002228826151560178,132.69,1 in 448
league_en,SUN - CRY,CS 6-0,CS,1054.0,0.002207505518763797,132.67,1 in 453
league_en,NEW - FUL,CS 2-4,CS,165.0,0.014011799410029498,131.19,1 in 71
league_en,CRY - MNC,CS 0-6,CS,1043.0,0.0022058823529411764,130.07,1 in 453
league_en,MNU - AST,CS 0-6,CS,1041.0,0.002207505518763797,129.8,1 in 453
league_en,NEW - MNC,CS 6-0,CS,778.0,0.002952029520295203,129.67,1 in 338
league_en,TOT - NEW,CS 5-0,CS,1038.0,0.0022123893805309734,129.65,1 in 452
league_en,SUN - MNC,CS 0-6,CS,1043.0,0.0021994134897360706,129.4,1 in 454
league_en,TOT - BRE,CS 5-0,CS,1038.0,0.0022058823529411764,128.97,1 in 453
league_en,AST - WOL,CS 0-5,CS,779.0,0.00293470286133529,128.61,1 in 340
league_en,AST - FUL,CS 0-5,CS,1553.0,0.0014695077149155032,128.21,1 in 680
league_en,NEW - EVE,CS 1-5,CS,1029.0,0.002210759027266028,127.49,1 in 452
league_en,LIV - NOT,CS 0-5,CS,1553.0,0.0014609203798392988,126.88,1 in 684
league_en,TOT - NOT,CS 5-0,CS,436.0,0.005154639175257732,124.74,1 in 194
league_en,FUL - AST,CS 6-0,CS,3013.0,0.0007412898443291327,123.35,1 in 1349
league_en,MNU - WHU,CS 1-5,CS,738.0,0.0029411764705882353,117.06,1 in 340
league_en,BUR - CRY,CS 6-0,CS,326.0,0.006603081438004402,115.26,1 in 151
league_en,CHE - MNC,CS 1-5,CS,960.0,0.0022205773501110288,113.18,1 in 450
league_en,BRE - EVE,CS 2-4,CS,222.0,0.009579955784819455,112.68,1 in 104
league_en,WHU - ARS,CS 0-6,CS,958.0,0.002207505518763797,111.48,1 in 453
league_en,LEE - BHA,CS 0-5,CS,703.0,0.002962962962962963,108.3,1 in 337
league_en,LEE - CRY,CS 0-5,CS,703.0,0.0029563932002956393,107.83,1 in 338
league_en,FUL - BHA,CS 0-5,CS,1407.0,0.0014716703458425313,107.06,1 in 679
league_en,WOL - FUL,CS 0-4,CS,282.0,0.007342143906020558,107.05,1 in 136
league_en,EVE - LEE,CS 0-5,CS,703.0,0.0029433406916850625,106.92,1 in 339
league_en,FUL - MNU,CS 1-5,CS,350.0,0.005908419497784343,106.79,1 in 169
league_en,EVE - BOU,CS 0-5,CS,1400.0,0.0014771048744460858,106.79,1 in 677
league_en,BHA - BOU,CS 0-5,CS,1400.0,0.0014738393515106854,106.34,1 in 678
league_en,SUN - BHA,CS 0-5,CS,703.0,0.0029304029304029304,106.01,1 in 341
league_en,BUR - TOT,CS 2-4,CS,345.0,0.005912786400591279,103.99,1 in 169
league_en,MNU - LIV,CS 0-5,CS,251.0,0.008082292432035268,102.87,1 in 123
league_en,NOT - LIV,CS 0-6,CS,688.0,0.0029455081001472753,102.65,1 in 339
league_en,EVE - FUL,CS 5-1,CS,210.0,0.009558823529411765,100.74,1 in 104
league_en,BUR - ARS,CS 5-0,CS,391.0,0.005124450951683748,100.37,1 in 195
league_en,CHE - CRY,CS 0-3,CS,269.0,0.007363770250368188,98.09,1 in 135
league_en,NEW - MNC,CS 0-6,CS,2682.0,0.0007380073800738007,97.93,1 in 1355
league_en,AST - BHA,CS 0-5,CS,2657.0,0.0007374631268436578,95.94,1 in 1356
league_en,CHE - FUL,HT CS 0-3,HTCS,265.0,0.007380073800738007,95.57,1 in 135
league_en,BRE - MNC,CS 0-4,CS,147.0,0.013293943870014771,95.42,1 in 75
league_en,CRY - BHA,CS 1-5,CS,527.0,0.003695491500369549,94.75,1 in 270
league_en,BOU - BHA,CS 0-6,CS,2625.0,0.0007401924500370096,94.3,1 in 1351
league_en,CHE - NOT,CS 2-4,CS,330.0,0.005886681383370125,94.26,1 in 169
league_en,BOU - BHA,CS 6-0,CS,1312.0,0.0014803849000740192,94.23,1 in 675
league_en,BHA - WHU,CS 1-5,CS,329.0,0.0058997050147492625,94.1,1 in 169
league_en,FUL - CRY,CS 1-5,CS,879.0,0.002207505518763797,94.04,1 in 453
league_en,BHA - NOT,CS 1-5,CS,329.0,0.0058953574060427415,93.96,1 in 169
league_en,LIV - CRY,CS 0-5,CS,2657.0,0.00072992700729927,93.94,1 in 1370
league_en,CRY - BUR,CS 5-0,CS,372.0,0.0052122114668652275,93.89,1 in 191
league_en,TOT - LEE,CS 6-0,CS,1312.0,0.0014771048744460858,93.8,1 in 677
league_en,TOT - BHA,CS 6-0,CS,1312.0,0.0014749262536873156,93.51,1 in 678
league_en,CRY - NOT,CS 0-5,CS,438.0,0.00440852314474651,93.09,1 in 226
league_en,CHE - FUL,CS 1-4,CS,373.0,0.0051660516605166054,92.69,1 in 193
league_en,ARS - WHU,CS 1-5,CS,651.0,0.0029542097488921715,92.32,1 in 338
league_en,MNC - MNU,CS 6-0,CS,650.0,0.0029563932002956393,92.17,1 in 338
league_en,LEE - CHE,CS 0-6,CS,262.0,0.007331378299120235,92.08,1 in 136
league_en,WOL - MNU,CS 6-0,CS,650.0,0.0029542097488921715,92.02,1 in 338
league_en,BRE - MNU,CS 6-0,CS,520.0,0.003692762186115214,92.02,1 in 270
league_en,MNU - BRE,CS 0-6,CS,1305.0,0.0014705882352941176,91.91,1 in 680
league_en,BUR - WHU,CS 2-4,CS,200.0,0.009579955784819455,91.6,1 in 104
league_en,LIV - LEE,CS 1-5,CS,1286.0,0.0014847809948032665,90.94,1 in 673
league_en,BOU - AST,CS 5-0,CS,1298.0,0.0014705882352941176,90.88,1 in 680
league_en,BOU - LIV,CS 5-0,CS,1298.0,0.0014684287812041115,90.6,1 in 681
league_en,LIV - SUN,CS 1-5,CS,1286.0,0.0014716703458425313,89.26,1 in 679
league_en,LIV - BHA,CS 1-5,CS,1286.0,0.0014652014652014652,88.42,1 in 682
league_en,ARS - BHA,CS 0-3,CS,111.0,0.016974169741697416,88.41,1 in 58
league_en,WOL - LEE,CS 1-4,CS,232.0,0.008094186902133923,87.79,1 in 123
league_en,EVE - ARS,CS 6-0,CS,2516.0,0.0007412898443291327,86.51,1 in 1349
league_en,EVE - BRE,CS 6-0,CS,2516.0,0.0007396449704142012,86.09,1 in 1352
league_en,BHA - BRE,CS 6-0,CS,2516.0,0.0007385524372230429,85.82,1 in 1354
league_en,BHA - NEW,CS 6-0,CS,2516.0,0.0007369196757553427,85.41,1 in 1357
league_en,SUN - NEW,CS 6-0,CS,2516.0,0.0007369196757553427,85.41,1 in 1357
league_en,LIV - BRE,CS 0-6,CS,2514.0,0.0007374631268436578,85.4,1 in 1356
league_en,CRY - NEW,CS 6-0,CS,2516.0,0.0007358351729212656,85.14,1 in 1359
league_en,WOL - BOU,CS 1-5,CS,2502.0,0.0007385524372230429,84.79,1 in 1354
league_en,WOL - TOT,CS 1-5,CS,2502.0,0.0007358351729212656,84.11,1 in 1359
league_en,NOT - NEW,CS 4-2,CS,117.0,0.015544041450777202,81.87,1 in 64
league_en,LIV - CHE,CS 0-6,CS,1226.0,0.0014814814814814814,81.63,1 in 675
league_en,LIV - LEE,HT CS 0-3,HTCS,188.0,0.009651076466221232,81.44,1 in 103
league_en,WHU - BOU,CS 0-5,CS,2457.0,0.0007374631268436578,81.19,1 in 1356
league_en,WHU - TOT,CS 0-5,CS,2457.0,0.0007358351729212656,80.79,1 in 1359
league_en,NOT - LIV,CS 5-1,CS,409.0,0.004418262150220913,80.71,1 in 226
league_en,FUL - BUR,CS 6-0,CS,1226.0,0.001467351430667645,79.9,1 in 681
league_en,FUL - BUR,CS 1-5,CS,350.0,0.005135730007336757,79.75,1 in 194
league_en,TOT - BUR,CS 1-5,CS,174.0,0.010309278350515464,79.38,1 in 97
league_en,MNC - WHU,CS 0-5,CS,1217.0,0.0014738393515106854,79.37,1 in 678
league_en,BUR - WHU,CS 0-5,CS,1216.0,0.0014738393515106854,79.22,1 in 678
league_en,MNU - WHU,CS 0-5,CS,1216.0,0.0014705882352941176,78.82,1 in 680
league_en,TOT - CHE,CS 4-2,CS,346.0,0.005162241887905605,78.61,1 in 193
league_en,WHU - BUR,CS 0-5,CS,482.0,0.003700962250185048,78.39,1 in 270
league_en,WOL - SUN,CS 1-5,CS,1204.0,0.0014814814814814814,78.37,1 in 675
league_en,WOL - BHA,CS 1-5,CS,1204.0,0.0014760147601476014,77.71,1 in 677
league_en,MNC - LEE,CS 1-5,CS,1204.0,0.0014749262536873156,77.58,1 in 678
league_en,ARS - MNC,CS 0-5,CS,605.0,0.00293470286133529,77.55,1 in 340
league_en,WOL - LEE,CS 1-5,CS,1204.0,0.0014716703458425313,77.19,1 in 679
league_en,NOT - BUR,CS 0-5,CS,482.0,0.0036737692872887582,77.08,1 in 272
league_en,CHE - TOT,CS 2-4,CS,800.0,0.002210759027266028,76.86,1 in 452
league_en,NEW - TOT,CS 0-3,CS,171.0,0.010332103321033211,76.68,1 in 96
league_en,WHU - ARS,CS 5-0,CS,479.0,0.003679175864606328,76.23,1 in 271
league_en,AST - MNU,CS 1-5,CS,599.0,0.002932551319648094,75.66,1 in 341
league_en,CHE - LEE,HT/FT 1/2,HTFT,132.0,0.013293943870014771,75.48,1 in 75
league_en,LEE - AST,CS 0-6,CS,473.0,0.0036982248520710057,74.93,1 in 270
league_en,ARS - SUN,HT CS 0-3,HTCS,168.0,0.01032448377581121,73.45,1 in 96
league_en,MNU - BHA,HT CS 0-3,HTCS,167.0,0.010347376201034738,72.8,1 in 96
league_en,BUR - LEE,HT CS 0-3,HTCS,167.0,0.0103397341211226,72.67,1 in 96
league_en,BOU - BRE,CS 0-6,CS,389.0,0.004421518054532056,72.0,1 in 226
league_en,CHE - ARS,CS 0-5,CS,1165.0,0.0014760147601476014,71.96,1 in 677
league_en,CHE - WOL,HT CS 0-3,HTCS,167.0,0.010256410256410256,71.28,1 in 97
league_en,CHE - BRE,CS 0-4,CS,259.0,0.006607929515418502,71.15,1 in 151
league_en,BOU - NEW,CS 0-6,CS,389.0,0.004398826979472141,71.11,1 in 227
league_en,CHE - FUL,CS 2-4,CS,330.0,0.0051660516605166054,70.48,1 in 193
league_en,SUN - NOT,CS 5-1,CS,210.0,0.008118081180811807,70.48,1 in 123
league_en,ARS - BOU,CS 1-4,CS,385.0,0.004415011037527594,69.98,1 in 226
league_en,SUN - NOT,CS 1-5,CS,329.0,0.0051660516605166054,69.96,1 in 193
league_en,CHE - NEW,CS 6-0,CS,327.0,0.0051698670605613,69.05,1 in 193
league_en,MNU - MNC,CS 5-1,CS,209.0,0.008088235294117648,69.04,1 in 123
league_en,BUR - WOL,CS 5-1,CS,209.0,0.008088235294117648,69.04,1 in 123
league_en,BUR - FUL,HT CS 0-3,HTCS,134.0,0.012601927353595256,68.87,1 in 79
league_en,EVE - BUR,CS 0-5,CS,328.0,0.005143277002204262,68.7,1 in 194
league_en,CRY - MNU,CS 0-5,CS,328.0,0.005143277002204262,68.7,1 in 194
league_en,BRE - CHE,CS 0-6,CS,1140.0,0.0014781966001478197,68.51,1 in 676
league_en,LIV - ARS,CS 5-0,CS,190.0,0.008862629246676515,68.39,1 in 112
league_en,WHU - BRE,CS 5-1,CS,326.0,0.005162241887905605,68.29,1 in 193
league_en,SUN - NOT,CS 6-0,CS,1139.0,0.0014760147601476014,68.12,1 in 677
league_en,WHU - ARS,CS 5-1,CS,326.0,0.0051508462104488595,67.92,1 in 194
league_en,FUL - BRE,CS 6-0,CS,2265.0,0.0007412898443291327,67.9,1 in 1349
league_en,CRY - BOU,CS 6-0,CS,569.0,0.0029498525073746312,67.85,1 in 339
league_en,NOT - ARS,CS 5-1,CS,326.0,0.005147058823529412,67.79,1 in 194
league_en,FUL - BHA,CS 0-4,CS,285.0,0.005886681383370125,67.77,1 in 169
league_en,FUL - ARS,CS 6-0,CS,2265.0,0.0007401924500370096,67.65,1 in 1351
league_en,NOT - BRE,CS 6-0,CS,2265.0,0.0007396449704142012,67.53,1 in 1352
league_en,EVE - FUL,CS 6-0,CS,1139.0,0.0014705882352941176,67.5,1 in 680
league_en,FUL - WOL,CS 0-6,CS,1131.0,0.0014803849000740192,67.43,1 in 675
league_en,BHA - BOU,CS 0-4,CS,284.0,0.0058953574060427415,67.43,1 in 169
league_en,ARS - CHE,CS 0-6,CS,1140.0,0.0014684287812041115,67.4,1 in 681
league_en,CRY - NOT,CS 6-0,CS,1139.0,0.0014695077149155032,67.38,1 in 680
league_en,FUL - TOT,HT CS 0-3,HTCS,208.0,0.008046817849305048,67.37,1 in 124
league_en,NOT - MNU,CS 0-6,CS,2279.0,0.0007342143906020558,67.33,1 in 1362
league_en,NOT - MNC,CS 0-6,CS,1131.0,0.0014792899408284023,67.31,1 in 676
league_en,BOU - FUL,CS 0-6,CS,1133.0,0.0014760147601476014,67.23,1 in 677
league_en,TOT - LIV,CS 0-6,CS,324.0,0.005158437730287398,67.13,1 in 193
league_en,EVE - WOL,CS 5-1,CS,282.0,0.005925925925925926,67.11,1 in 168
league_en,TOT - MNU,CS 1-5,CS,174.0,0.009601181683899557,67.06,1 in 104
league_en,LEE - WOL,CS 5-1,CS,282.0,0.005921539600296077,66.99,1 in 168
league_en,SUN - BUR,CS 5-1,CS,284.0,0.005878030859662013,66.94,1 in 170
league_en,MNC - NEW,CS 6-0,CS,1125.0,0.0014825796886582653,66.79,1 in 674
league_en,TOT - FUL,CS 0-6,CS,1133.0,0.0014716703458425313,66.74,1 in 679
league_en,WHU - ARS,CS 6-0,CS,2265.0,0.0007358351729212656,66.67,1 in 1359
league_en,MNC - ARS,CS 6-0,CS,1125.0,0.0014803849000740192,66.54,1 in 675
league_en,FUL - MNC,CS 0-6,CS,1131.0,0.0014716703458425313,66.45,1 in 679
league_en,LEE - ARS,CS 5-0,CS,564.0,0.0029498525073746312,66.37,1 in 339
league_en,BUR - WOL,CS 6-0,CS,1131.0,0.0014705882352941176,66.32,1 in 680
league_en,NEW - FUL,CS 0-5,CS,1127.0,0.0014749262536873156,66.22,1 in 678
league_en,TOT - WOL,CS 4-0,CS,173.0,0.009601181683899557,66.1,1 in 104
league_en,ARS - FUL,CS 0-5,CS,1127.0,0.0014705882352941176,65.74,1 in 680
league_en,NEW - NOT,CS 0-5,CS,1127.0,0.0014684287812041115,65.49,1 in 681
league_en,WOL - BHA,CS 0-5,CS,2237.0,0.0007380073800738007,65.09,1 in 1355
league_en,WOL - EVE,CS 0-5,CS,2237.0,0.0007369196757553427,64.85,1 in 1357
league_en,LIV - NOT,HT CS 0-3,HTCS,141.0,0.01168736303871439,64.79,1 in 85
league_en,ARS - TOT,CS 1-5,CS,2230.0,0.0007385524372230429,64.7,1 in 1354
league_en,WOL - LEE,CS 0-5,CS,2237.0,0.0007358351729212656,64.61,1 in 1359
league_en,AST - BHA,CS 1-4,CS,248.0,0.00663716814159292,64.6,1 in 150
league_en,NEW - TOT,CS 1-5,CS,2230.0,0.0007380073800738007,64.58,1 in 1355
league_en,BRE - TOT,CS 1-5,CS,2230.0,0.0007380073800738007,64.58,1 in 1355
league_en,AST - FUL,CS 6-0,CS,280.0,0.005878030859662013,64.58,1 in 170
league_en,MNC - MNU,CS 2-4,CS,139.0,0.011825572801182557,64.38,1 in 84
league_en,CRY - AST,CS 4-1,CS,107.0,0.015350877192982455,64.25,1 in 65
league_en,LIV - MNU,CS 0-5,CS,1112.0,0.0014771048744460858,64.25,1 in 677
league_en,MNC - EVE,CS 0-5,CS,2237.0,0.0007342143906020558,64.24,1 in 1362
league_en,BHA - MNU,CS 5-0,CS,372.0,0.004411764705882353,64.12,1 in 226
league_en,MNU - BHA,CS 0-4,CS,370.0,0.004434589800443459,64.08,1 in 225
league_en,WOL - AST,CS 0-5,CS,370.0,0.004434589800443459,64.08,1 in 225
league_en,BHA - SUN,CS 5-0,CS,246.0,0.006666666666666667,64.0,1 in 150
league_en,SUN - MNU,CS 5-0,CS,372.0,0.004405286343612335,63.88,1 in 226
league_en,BRE - MNC,CS 1-5,CS,368.0,0.004431314623338257,63.07,1 in 225
league_en,AST - ARS,CS 6-0,CS,737.0,0.0022123893805309734,63.05,1 in 452
league_en,TOT - MNU,CS 4-0,CS,147.0,0.011078286558345642,62.85,1 in 90
league_en,BOU - BUR,CS 4-0,CS,147.0,0.01107011070110701,62.73,1 in 90
league_en,WHU - CHE,CS 5-1,CS,735.0,0.0022123893805309734,62.61,1 in 452
league_en,BHA - LEE,CS 5-0,CS,246.0,0.006607929515418502,62.56,1 in 151
league_en,FUL - BHA,CS 1-4,CS,184.0,0.008830022075055188,62.47,1 in 113
league_en,EVE - WHU,CS 0-5,CS,438.0,0.003695491500369549,61.86,1 in 270
league_en,MNC - LEE,HT/FT 1/2,HTFT,84.4,0.019174041297935103,61.83,1 in 52
league_en,CHE - NOT,CS 1-5,CS,2198.0,0.0007358351729212656,61.74,1 in 1359
league_en,FUL - LEE,CS 1-4,CS,184.0,0.008784773060029283,61.64,1 in 113
league_en,BHA - NOT,CS 0-5,CS,438.0,0.0036845983787767134,61.39,1 in 271
league_en,CHE - TOT,CS 1-4,CS,1095.0,0.0014738393515106854,61.39,1 in 678
league_en,WHU - NOT,CS 1-4,CS,109.0,0.014771048744460856,61.0,1 in 67
league_en,BOU - NOT,CS 5-0,CS,436.0,0.003692762186115214,61.0,1 in 270
league_en,MNC - NOT,CS 1-4,CS,156.0,0.010316875460574797,60.94,1 in 96
league_en,ARS - BOU,CS 2-4,CS,364.0,0.004415011037527594,60.71,1 in 226
league_en,BOU - MNC,CS 4-1,CS,104.0,0.015429831006612785,60.47,1 in 64
league_en,BUR - MNC,CS 0-5,CS,434.0,0.003692762186115214,60.27,1 in 270
league_en,WHU - FUL,CS 1-5,CS,436.0,0.0036737692872887582,60.18,1 in 272
league_en,CHE - SUN,CS 2-3,CS,89.8,0.017804154302670624,59.88,1 in 56
league_en,BRE - FUL,HT/FT 1/2,HTFT,65.6,0.024336283185840708,59.65,1 in 41
league_en,CHE - SUN,CS 0-3,CS,269.0,0.005934718100890208,59.64,1 in 168
league_en,AST - BHA,CS 2-4,CS,240.0,0.00663716814159292,59.29,1 in 150
league_en,LIV - SUN,CS 2-4,CS,240.0,0.006622516556291391,58.94,1 in 151
league_en,NEW - BHA,CS 0-4,CS,428.0,0.0036982248520710057,58.28,1 in 270
league_en,LEE - AST,CS 4-1,CS,107.0,0.014792899408284023,58.28,1 in 67
league_en,BRE - CHE,CS 5-0,CS,428.0,0.003695491500369549,58.17,1 in 270
league_en,CHE - ARS,HT CS 0-3,HTCS,119.0,0.013284132841328414,58.08,1 in 75
league_en,ARS - EVE,CS 0-4,CS,428.0,0.0036845983787767134,57.7,1 in 271
league_en,CRY - BRE,CS 1-5,CS,165.0,0.009537784299339692,57.37,1 in 104
league_en,BHA - EVE,CS 1-5,CS,527.0,0.002969561989606533,56.5,1 in 336
league_en,CRY - EVE,CS 0-5,CS,703.0,0.0022222222222222222,56.22,1 in 450
league_en,SUN - LEE,CS 6-0,CS,1054.0,0.0014814814814814814,56.15,1 in 675
league_en,BHA - SUN,CS 1-5,CS,527.0,0.002962962962962963,56.15,1 in 337
league_en,LEE - BHA,CS 1-5,CS,527.0,0.002962962962962963,56.15,1 in 337
league_en,BHA - CRY,CS 0-5,CS,703.0,0.0022205773501110288,56.11,1 in 450
league_en,MNU - EVE,CS 2-4,CS,235.0,0.00663716814159292,55.97,1 in 150
league_en,BHA - MNU,CS 2-4,CS,96.4,0.016176470588235296,55.94,1 in 61
league_en,CRY - BHA,CS 0-5,CS,703.0,0.0022172949002217295,55.88,1 in 451
league_en,CRY - FUL,CS 0-6,CS,2102.0,0.0007412898443291327,55.82,1 in 1349
league_en,CRY - BHA,CS 6-0,CS,1054.0,0.0014781966001478197,55.8,1 in 676
league_en,LEE - CRY,CS 6-0,CS,1054.0,0.0014781966001478197,55.8,1 in 676
league_en,BUR - ARS,CS 0-5,CS,304.0,0.005124450951683748,55.78,1 in 195
league_en,BOU - BHA,CS 2-4,CS,140.0,0.011102886750555145,55.44,1 in 90
league_en,EVE - WHU,CS 0-6,CS,2102.0,0.0007390983000739098,55.36,1 in 1353
league_en,LEE - FUL,CS 0-6,CS,2102.0,0.0007385524372230429,55.24,1 in 1354
league_en,SUN - NOT,CS 0-6,CS,2102.0,0.0007380073800738007,55.13,1 in 1355
league_en,EVE - LEE,CS 6-0,CS,1054.0,0.0014716703458425313,55.11,1 in 679
league_en,BOU - TOT,CS 0-4,CS,175.0,0.008862629246676515,55.1,1 in 112
league_en,BOU - TOT,CS 1-5,CS,525.0,0.0029542097488921715,55.1,1 in 338
league_en,EVE - CRY,CS 6-0,CS,1054.0,0.0014684287812041115,54.77,1 in 681
league_en,EVE - SUN,CS 6-0,CS,1054.0,0.001467351430667645,54.66,1 in 681
league_en,LEE - SUN,CS 1-5,CS,527.0,0.00293470286133529,54.66,1 in 340
league_en,WHU - BOU,CS 1-4,CS,262.0,0.0058997050147492625,54.57,1 in 169
league_en,EVE - FUL,CS 0-6,CS,2102.0,0.0007352941176470588,54.56,1 in 1360
league_en,CHE - NOT,CS 6-0,CS,105.0,0.014716703458425313,54.53,1 in 67
league_en,LEE - WHU,CS 0-6,CS,2102.0,0.0007347538574577516,54.45,1 in 1361
league_en,CRY - NOT,CS 0-6,CS,2102.0,0.0007347538574577516,54.45,1 in 1361
league_en,CHE - SUN,HT CS 0-3,HTCS,347.0,0.004451038575667656,54.45,1 in 224
league_en,SUN - BHA,CS 1-5,CS,527.0,0.0029304029304029304,54.43,1 in 341
league_en,EVE - BHA,CS 0-5,CS,703.0,0.0021961932650073207,54.39,1 in 455
league_en,CRY - NOT,CS 5-1,CS,210.0,0.0073475385745775165,54.3,1 in 136
league_en,MNU - WOL,CS 0-6,CS,2089.0,0.0007385524372230429,54.28,1 in 1354
league_en,BUR - MNC,CS 0-6,CS,2089.0,0.0007385524372230429,54.28,1 in 1354
league_en,BOU - EVE,CS 0-5,CS,524.0,0.0029433406916850625,54.23,1 in 339
league_en,NEW - BUR,CS 6-0,CS,520.0,0.0029651593773165306,54.19,1 in 337
league_en,MNU - LEE,CS 1-5,CS,1044.0,0.0014760147601476014,54.1,1 in 677
league_en,MNU - EVE,CS 1-5,CS,1044.0,0.0014749262536873156,53.98,1 in 678
league_en,FUL - ARS,CS 4-0,CS,130.0,0.011843079200592153,53.96,1 in 84
league_en,BUR - WHU,CS 0-4,CS,261.0,0.0058953574060427415,53.87,1 in 169
league_en,CRY - LIV,CS 5-0,CS,688.0,0.0022338049143708115,53.69,1 in 447
league_en,BOU - ARS,CS 1-5,CS,99.5,0.015441176470588236,53.64,1 in 64
league_en,BUR - AST,CS 6-0,CS,2083.0,0.0007374631268436578,53.61,1 in 1356
league_en,MNU - MNC,CS 0-6,CS,2089.0,0.0007352941176470588,53.6,1 in 1360
league_en,BHA - CHE,CS 4-0,CS,418.0,0.0036737692872887582,53.56,1 in 272
league_en,FUL - SUN,CS 5-0,CS,149.0,0.010301692420897719,53.5,1 in 97
league_en,NOT - TOT,HT CS 0-3,HTCS,208.0,0.007374631268436578,53.39,1 in 135
league_en,LIV - ARS,CS 1-5,CS,346.0,0.004431314623338257,53.32,1 in 225
league_en,WOL - WHU,CS 1-5,CS,695.0,0.0022058823529411764,53.31,1 in 453
league_en,MNC - EVE,CS 1-4,CS,232.0,0.006607929515418502,53.3,1 in 151
league_en,MNU - AST,CS 6-0,CS,2083.0,0.0007358351729212656,53.27,1 in 1359
league_en,MNC - FUL,CS 1-5,CS,695.0,0.002204261572373255,53.2,1 in 453
league_en,LIV - NEW,CS 0-4,CS,147.0,0.010416666666666666,53.12,1 in 96
league_en,WOL - FUL,CS 1-5,CS,695.0,0.0022026431718061676,53.08,1 in 453
league_en,WHU - TOT,HT CS 0-3,HTCS,208.0,0.007358351729212656,53.05,1 in 135
league_en,BOU - BRE,CS 5-0,CS,1038.0,0.0014738393515106854,52.98,1 in 678
league_en,BOU - WOL,CS 5-0,CS,693.0,0.0022058823529411764,52.87,1 in 453
league_en,LEE - WOL,CS 5-0,CS,413.0,0.003700962250185048,52.85,1 in 270
league_en,NEW - CRY,CS 0-5,CS,2057.0,0.0007429420505200594,52.82,1 in 1346
league_en,CHE - AST,CS 1-5,CS,415.0,0.003681885125184094,52.8,1 in 271
league_en,EVE - AST,CS 5-0,CS,688.0,0.0022205773501110288,52.78,1 in 450
league_en,BHA - CHE,CS 4-1,CS,231.0,0.006612784717119765,52.76,1 in 151
league_en,LIV - LEE,CS 0-4,CS,514.0,0.002969561989606533,52.64,1 in 336
league_en,ARS - BRE,CS 0-5,CS,411.0,0.003711952487008166,52.56,1 in 269
league_en,BUR - BOU,CS 2-4,CS,345.0,0.004421518054532056,52.54,1 in 226
league_en,ARS - CRY,CS 1-5,CS,1029.0,0.0014803849000740192,52.33,1 in 675
league_en,FUL - NOT,CS 4-1,CS,55.8,0.027225901398086828,51.92,1 in 36
league_en,WHU - CHE,CS 4-0,CS,294.0,0.005162241887905605,51.77,1 in 193
league_en,NEW - FUL,HT CS 0-3,HTCS,121.0,0.012536873156342183,51.7,1 in 79
league_en,ARS - EVE,CS 0-5,CS,2057.0,0.0007369196757553427,51.58,1 in 1357
league_en,BRE - NOT,CS 1-4,CS,147.0,0.010309278350515464,51.55,1 in 97
league_en,SUN - MNC,CS 5-0,CS,413.0,0.0036656891495601175,51.39,1 in 272
league_en,ARS - FUL,CS 1-4,CS,147.0,0.010294117647058823,51.32,1 in 97
league_en,ARS - LEE,CS 1-5,CS,1029.0,0.0014684287812041115,51.1,1 in 681
league_en,CHE - ARS,CS 3-3,CS,51.1,0.02952029520295203,50.85,1 in 33
league_en,WOL - TOT,CS 1-4,CS,409.0,0.003679175864606328,50.48,1 in 271
league_en,MNC - TOT,HT CS 0-3,HTCS,291.0,0.0051698670605613,50.44,1 in 193
league_en,EVE - CHE,CS 5-1,CS,1011.0,0.0014858841010401188,50.22,1 in 673
league_en,CRY - WOL,CS 4-0,CS,113.0,0.01327433628318584,50.0,1 in 75
league_en,TOT - FUL,CS 4-1,CS,78.4,0.01913171449595291,49.99,1 in 52
league_en,CRY - BRE,HT CS 0-3,HTCS,43.3,0.034482758620689655,49.31,1 in 29
league_en,BUR - MNU,CS 4-2,CS,91.9,0.016236162361623615,49.21,1 in 61
league_en,NEW - BHA,HT CS 0-3,HTCS,168.0,0.008875739644970414,49.11,1 in 112
league_en,CRY - BOU,CS 4-2,CS,91.8,0.016224188790560472,48.94,1 in 61
league_en,BRE - MNU,CS 1-4,CS,112.0,0.013293943870014771,48.89,1 in 75
league_en,BUR - EVE,CS 0-3,CS,95.8,0.015521064301552107,48.69,1 in 64
league_en,LIV - ARS,CS 4-2,CS,69.4,0.02141802067946824,48.64,1 in 46
league_en,NOT - BOU,CS 5-1,CS,118.0,0.012592592592592593,48.59,1 in 79
league_en,BHA - CHE,CS 5-1,CS,1011.0,0.0014695077149155032,48.57,1 in 680
league_en,MNU - CRY,HT CS 0-3,HTCS,167.0,0.008882309400444115,48.33,1 in 112
league_en,AST - WHU,CS 1-3,CS,49.1,0.030191458026509573,48.24,1 in 33
league_en,LEE - SUN,HT CS 0-3,HTCS,101.0,0.014673514306676448,48.2,1 in 68
league_en,WHU - BOU,CS 5-1,CS,118.0,0.012536873156342183,47.94,1 in 79
league_en,TOT - FUL,CS 1-5,CS,201.0,0.007358351729212656,47.9,1 in 135
league_en,NOT - LEE,CS 3-3,CS,83.5,0.017712177121771217,47.9,1 in 56
league_en,NEW - BHA,CS 2-4,CS,222.0,0.006656804733727811,47.78,1 in 150
league_en,CHE - ARS,CS 1-4,CS,143.0,0.010332103321033211,47.75,1 in 96
league_en,MNC - SUN,CS 2-4,CS,249.0,0.005930318754633061,47.66,1 in 168
league_en,WHU - MNU,CS 5-0,CS,284.0,0.005196733481811433,47.59,1 in 192
league_en,MNC - WHU,CS 2-4,CS,182.0,0.008106116433308769,47.53,1 in 123
league_en,BUR - BOU,HT/FT 1/2,HTFT,95.3,0.015475313190862197,47.48,1 in 64
league_en,FUL - SUN,CS 3-3,CS,83.5,0.017660044150110375,47.46,1 in 56
league_en,CRY - NOT,CS 0-4,CS,118.0,0.012490815576781777,47.39,1 in 80
league_en,MNU - NOT,CS 2-4,CS,200.0,0.007369196757553427,47.38,1 in 135
league_en,BUR - TOT,CS 1-5,CS,1988.0,0.0007390983000739098,46.93,1 in 1353
league_en,FUL - BRE,HT/FT 2/1,HTFT,50.8,0.028910303928836176,46.86,1 in 34
league_en,NEW - LEE,CS 1-4,CS,222.0,0.006612784717119765,46.8,1 in 151
league_en,BUR - BOU,CS 1-5,CS,1988.0,0.0007369196757553427,46.5,1 in 1357
league_en,NOT - BHA,CS 0-4,CS,285.0,0.005139500734214391,46.48,1 in 194
league_en,SUN - WHU,CS 5-0,CS,284.0,0.005154639175257732,46.39,1 in 194
league_en,CRY - TOT,CS 0-4,CS,284.0,0.005154639175257732,46.39,1 in 194
league_en,CHE - LIV,CS 0-4,CS,166.0,0.00881704628949302,46.36,1 in 113
league_en,WHU - ARS,CS 2-4,CS,82.8,0.017660044150110375,46.23,1 in 56
league_en,CRY - MNU,CS 5-1,CS,284.0,0.005143277002204262,46.07,1 in 194
league_en,FUL - LEE,CS 0-4,CS,285.0,0.005124450951683748,46.05,1 in 195
league_en,AST - CRY,HT/FT 1/2,HTFT,85.9,0.016999260901699925,46.02,1 in 58
league_en,MNC - SUN,HT CS 0-3,HTCS,179.0,0.00815418828762046,45.96,1 in 122
league_en,BUR - LIV,CS 4-1,CS,82.4,0.017699115044247787,45.84,1 in 56
league_en,WHU - WOL,CS 5-1,CS,282.0,0.0051698670605613,45.79,1 in 193
league_en,WOL - LEE,CS 3-3,CS,61.9,0.0235467255334805,45.75,1 in 42
league_en,FUL - WOL,HT CS 3-0,HTCS,67.9,0.02146558105107328,45.75,1 in 46
league_en,AST - ARS,CS 2-4,CS,116.0,0.012536873156342183,45.43,1 in 79
league_en,WHU - WOL,HT CS 3-0,HTCS,67.9,0.02141802067946824,45.43,1 in 46
league_en,BHA - BUR,HT CS 3-0,HTCS,66.2,0.021961932650073207,45.39,1 in 45
league_en,NEW - NOT,CS 2-4,CS,165.0,0.00881057268722467,45.37,1 in 113
league_en,LIV - BHA,CS 1-4,CS,248.0,0.005860805860805861,45.35,1 in 170
league_en,FUL - MNC,CS 0-5,CS,282.0,0.0051508462104488595,45.25,1 in 194
league_en,NOT - WOL,CS 5-1,CS,282.0,0.005147058823529412,45.15,1 in 194
league_en,MNU - BUR,CS 0-5,CS,656.0,0.002210759027266028,45.03,1 in 452
league_en,FUL - BRE,CS 5-1,CS,326.0,0.004447739065974796,45.0,1 in 224
league_en,CRY - ARS,CS 2-3,CS,28.6,0.05066079295154185,44.89,1 in 19
league_en,CRY - LIV,HT/FT 2/1,HTFT,57.2,0.02531645569620253,44.81,1 in 39
league_en,CHE - ARS,CS 6-0,CS,327.0,0.004428044280442804,44.8,1 in 225
league_en,TOT - CRY,CS 5-1,CS,245.0,0.005908419497784343,44.76,1 in 169
league_en,BHA - TOT,CS 0-3,CS,70.0,0.0206794682422452,44.76,1 in 48
league_en,BRE - NEW,CS 1-5,CS,281.0,0.0051508462104488595,44.74,1 in 194
league_en,CHE - AST,CS 0-5,CS,655.0,0.0022091310751104565,44.7,1 in 452
league_en,BRE - ARS,CS 1-5,CS,281.0,0.005147058823529412,44.63,1 in 194
league_en,SUN - BUR,CS 0-5,CS,328.0,0.00440852314474651,44.6,1 in 226
league_en,FUL - NOT,CS 1-4,CS,109.0,0.013245033112582781,44.37,1 in 75
league_en,BOU - MNU,CS 0-5,CS,217.0,0.0066518847006651885,44.35,1 in 150
league_en,BUR - SUN,CS 6-0,CS,326.0,0.004424778761061947,44.25,1 in 226
league_en,WHU - FUL,CS 0-5,CS,654.0,0.002204261572373255,44.16,1 in 453
league_en,BHA - MNU,CS 1-5,CS,245.0,0.0058823529411764705,44.12,1 in 170
league_en,BHA - BUR,CS 0-5,CS,328.0,0.004392386530014641,44.07,1 in 227
league_en,FUL - MNC,CS 0-4,CS,78.3,0.01839587932303164,44.04,1 in 54
league_en,SUN - BUR,CS 1-5,CS,245.0,0.005878030859662013,44.01,1 in 170
league_en,CRY - MNU,CS 1-5,CS,245.0,0.005878030859662013,44.01,1 in 170
league_en,WOL - WHU,HT/FT 1/2,HTFT,67.4,0.021323529411764706,43.72,1 in 46
league_en,AST - FUL,CS 4-2,CS,54.3,0.02645113886847906,43.63,1 in 37
league_en,BUR - TOT,CS 0-4,CS,647.0,0.0022172949002217295,43.46,1 in 451
league_en,TOT - NEW,CS 0-6,CS,389.0,0.003687315634218289,43.44,1 in 271
league_en,FUL - EVE,HT CS 0-3,HTCS,149.0,0.009608277900960829,43.16,1 in 104
league_en,TOT - AST,CS 0-6,CS,324.0,0.004418262150220913,43.15,1 in 226
league_en,BHA - LIV,CS 0-5,CS,138.0,0.010362694300518135,43.01,1 in 96
league_en,NEW - LIV,CS 1-4,CS,69.7,0.020497803806734993,42.87,1 in 48
league_en,WHU - LIV,CS 5-0,CS,645.0,0.002214022140221402,42.8,1 in 451
league_en,NOT - SUN,CS 5-0,CS,149.0,0.009579955784819455,42.74,1 in 104
league_en,BOU - LIV,CS 0-6,CS,324.0,0.004405286343612335,42.73,1 in 226
league_en,FUL - CRY,HT CS 0-3,HTCS,149.0,0.009565857247976454,42.53,1 in 104
league_en,NOT - LIV,CS 5-0,CS,645.0,0.0022091310751104565,42.49,1 in 452
league_en,WOL - TOT,CS 2-4,CS,387.0,0.003679175864606328,42.38,1 in 271
league_en,NEW - NOT,HT CS 0-3,HTCS,121.0,0.011747430249632892,42.14,1 in 85
league_en,FUL - ARS,CS 0-6,CS,958.0,0.0014803849000740192,41.82,1 in 675
league_en,FUL - ARS,CS 5-0,CS,479.0,0.0029607698001480384,41.82,1 in 337
league_en,BOU - AST,CS 1-4,CS,31.1,0.045588235294117645,41.78,1 in 21
league_en,MNC - MNU,HT/FT 1/2,HTFT,58.1,0.024390243902439025,41.71,1 in 41
league_en,NOT - FUL,CS 6-0,CS,959.0,0.0014771048744460858,41.65,1 in 677
league_en,BUR - LEE,CS 0-3,CS,95.8,0.014771048744460856,41.51,1 in 67
league_en,BHA - BOU,HT/FT 1/2,HTFT,71.1,0.01989683124539425,41.47,1 in 50
league_en,LIV - MNC,CS 5-0,CS,147.0,0.009615384615384616,41.35,1 in 104
league_en,LEE - FUL,CS 1-4,CS,83.2,0.016986706056129987,41.33,1 in 58
league_en,FUL - NEW,CS 0-6,CS,958.0,0.0014749262536873156,41.3,1 in 678
league_en,FUL - NEW,CS 5-0,CS,479.0,0.0029498525073746312,41.3,1 in 339
league_en,WHU - NOT,CS 5-1,CS,191.0,0.007385524372230428,41.06,1 in 135
league_en,NOT - FUL,CS 5-1,CS,191.0,0.007385524372230428,41.06,1 in 135
league_en,BUR - CHE,HT/FT 2/1,HTFT,79.7,0.017673048600883652,40.85,1 in 56
league_en,FUL - MNC,HT/FT 1/2,HTFT,41.6,0.03384841795437822,40.81,1 in 29
league_en,LIV - BHA,CS 2-4,CS,240.0,0.005860805860805861,40.66,1 in 170
league_en,BUR - CRY,CS 5-0,CS,95.8,0.014673514306676448,40.57,1 in 68
league_en,TOT - EVE,CS 4-0,CS,83.1,0.016911764705882352,40.54,1 in 59
league_en,WHU - LEE,CS 0-3,CS,70.3,0.019970414201183433,40.39,1 in 50
league_en,TOT - CHE,CS 3-0,CS,173.0,0.008112094395280236,40.34,1 in 123
league_en,TOT - MNU,CS 4-1,CS,100.0,0.014032496307237814,40.32,1 in 71
league_en,TOT - LIV,CS 4-2,CS,173.0,0.008106116433308769,40.24,1 in 123
league_en,MNC - AST,CS 3-3,CS,58.3,0.024052478134110787,40.23,1 in 41
league_en,LIV - CRY,CS 2-4,CS,240.0,0.00583941605839416,40.15,1 in 171
league_en,BHA - WOL,CS 2-4,CS,82.5,0.016986706056129987,40.14,1 in 58
league_en,CRY - CHE,CS 2-0,CS,47.6,0.029411764705882353,40.0,1 in 34
league_en,WOL - BUR,CS 0-4,CS,173.0,0.008082292432035268,39.82,1 in 123
league_en,ARS - CHE,CS 4-0,CS,119.0,0.011747430249632892,39.79,1 in 85
league_en,NOT - LIV,CS 1-5,CS,146.0,0.009572901325478646,39.76,1 in 104
league_en,ARS - MNC,HT CS 0-3,HTCS,82.7,0.016874541452677916,39.55,1 in 59
league_en,WOL - TOT,CS 1-3,CS,86.2,0.016188373804267846,39.54,1 in 61
league_en,BHA - AST,CS 0-6,CS,473.0,0.0029498525073746312,39.53,1 in 339
league_en,LEE - LIV,CS 0-6,CS,473.0,0.0029476787030213707,39.43,1 in 339
league_en,LIV - WHU,CS 0-3,CS,90.6,0.015384615384615385,39.38,1 in 65
league_en,TOT - LIV,HT CS 3-0,HTCS,126.0,0.01105379513633014,39.28,1 in 90
league_en,CHE - BOU,CS 6-0,CS,46.3,0.03008070432868672,39.27,1 in 33
league_en,SUN - WHU,CS 5-1,CS,210.0,0.0066273932253313695,39.18,1 in 150
league_en,BRE - CHE,CS 0-5,CS,269.0,0.005173688100517369,39.17,1 in 193
league_en,NEW - EVE,CS 0-3,CS,111.0,0.012527634487840826,39.06,1 in 79
league_en,SUN - CHE,CS 0-5,CS,78.7,0.017660044150110375,38.98,1 in 56
league_en,MNU - WOL,CS 5-1,CS,209.0,0.0066469719350073855,38.92,1 in 150
league_en,WHU - NOT,CS 5-0,CS,235.0,0.005908419497784343,38.85,1 in 169
league_en,BHA - CRY,HT/FT 2/1,HTFT,42.6,0.03256846780162842,38.74,1 in 30
league_en,CHE - AST,CS 5-0,CS,157.0,0.008836524300441826,38.73,1 in 113
league_en,BUR - BHA,CS 1-4,CS,209.0,0.00663716814159292,38.72,1 in 150
league_en,LIV - EVE,HT CS 0-3,HTCS,188.0,0.007369196757553427,38.54,1 in 135
league_en,FUL - MNC,CS 1-5,CS,209.0,0.006622516556291391,38.41,1 in 151
league_en,WOL - BHA,CS 4-2,CS,56.8,0.024354243542435424,38.33,1 in 41
league_en,NOT - LIV,HT/FT 2/1,HTFT,56.9,0.024300441826215022,38.27,1 in 41
league_en,BUR - MNC,CS 2-4,CS,117.0,0.011816838995568686,38.26,1 in 84
league_en,EVE - MNC,CS 3-3,CS,50.4,0.02742772424017791,38.24,1 in 36
league_en,CRY - CHE,HT CS 3-0,HTCS,188.0,0.007352941176470588,38.24,1 in 136
league_en,CRY - NOT,HT/FT 2/1,HTFT,41.8,0.03306392358559882,38.21,1 in 30
league_en,WOL - ARS,CS 4-0,CS,77.9,0.017738359201773836,38.18,1 in 56
league_en,CRY - CHE,CS 5-0,CS,1878.0,0.0007352941176470588,38.09,1 in 1360
league_en,FUL - LEE,CS 2-3,CS,58.9,0.02342606149341142,37.98,1 in 42
league_en,MNU - BUR,HT/FT 1/2,HTFT,58.5,0.023581429624170966,37.95,1 in 42
league_en,EVE - ARS,HT CS 3-0,HTCS,80.9,0.01704966641957005,37.93,1 in 58
league_en,BUR - LIV,HT CS 0-3,HTCS,49.2,0.028023598820058997,37.88,1 in 35
league_en,BUR - AST,HT CS 0-3,HTCS,49.2,0.028023598820058997,37.88,1 in 35
league_en,BHA - ARS,CS 0-5,CS,208.0,0.0066273932253313695,37.85,1 in 150
league_en,WHU - MNU,CS 0-3,CS,39.4,0.034892353377876766,37.48,1 in 28
league_en,WOL - FUL,CS 1-4,CS,156.0,0.00881057268722467,37.44,1 in 113
league_en,BRE - MNC,CS 5-1,CS,155.0,0.008862629246676515,37.37,1 in 112
league_en,EVE - BUR,HT CS 0-3,HTCS,58.4,0.02351212343864805,37.31,1 in 42
league_en,WHU - TOT,CS 6-0,CS,373.0,0.003679175864606328,37.23,1 in 271
league_en,CHE - SUN,HT/FT 1/2,HTFT,132.0,0.010385756676557863,37.09,1 in 96
league_en,SUN - MNC,HT CS 3-0,HTCS,66.7,0.020527859237536656,36.92,1 in 48
league_en,BRE - CHE,CS 5-1,CS,308.0,0.004434589800443459,36.59,1 in 225
league_en,MNC - BHA,CS 1-4,CS,232.0,0.005886681383370125,36.57,1 in 169
league_en,ARS - MNC,CS 5-1,CS,155.0,0.00880410858400587,36.46,1 in 113
league_en,ARS - LIV,CS 0-5,CS,370.0,0.003687315634218289,36.43,1 in 271
league_en,MNC - LIV,CS 0-5,CS,370.0,0.0036845983787767134,36.33,1 in 271
league_en,FUL - BRE,CS 3-3,CS,55.7,0.02446256486286138,36.26,1 in 40
league_en,ARS - NOT,CS 6-0,CS,368.0,0.003700962250185048,36.2,1 in 270
league_en,BRE - BHA,CS 5-1,CS,68.5,0.019882179675994108,36.19,1 in 50
league_en,CHE - CRY,HT/FT 1/2,HTFT,132.0,0.010309278350515464,36.08,1 in 97
league_en,MNC - WHU,CS 6-0,CS,369.0,0.0036845983787767134,35.96,1 in 271
league_en,MNC - NOT,CS 6-0,CS,369.0,0.0036845983787767134,35.96,1 in 271
league_en,BOU - BHA,CS 5-0,CS,306.0,0.0044411547002220575,35.9,1 in 225
league_en,MNU - SUN,CS 0-5,CS,1828.0,0.0007429420505200594,35.81,1 in 1346
league_en,NOT - LEE,CS 1-4,CS,184.0,0.007380073800738007,35.79,1 in 135
league_en,CRY - BHA,CS 0-4,CS,167.0,0.008130081300813009,35.77,1 in 122
league_en,CRY - BHA,CS 2-4,CS,167.0,0.008130081300813009,35.77,1 in 122
league_en,BUR - CRY,CS 0-4,CS,370.0,0.003668378576669112,35.73,1 in 272
league_en,LEE - ARS,CS 5-1,CS,368.0,0.003687315634218289,35.69,1 in 271
league_en,NEW - FUL,CS 6-0,CS,368.0,0.003687315634218289,35.69,1 in 271
league_en,BUR - TOT,CS 5-1,CS,73.4,0.018477457501847747,35.62,1 in 54
league_en,LIV - BOU,CS 1-3,CS,102.0,0.013293943870014771,35.6,1 in 75
league_en,TOT - CRY,CS 5-0,CS,306.0,0.004431314623338257,35.6,1 in 225
league_en,ARS - WHU,CS 5-0,CS,108.0,0.012555391432791729,35.6,1 in 79
league_en,BRE - WHU,CS 5-0,CS,108.0,0.012555391432791729,35.6,1 in 79
league_en,CHE - BOU,CS 3-3,CS,168.0,0.008070432868672046,35.58,1 in 123
league_en,MNU - LIV,CS 0-4,CS,73.8,0.018368846436443792,35.56,1 in 54
league_en,NOT - LIV,HT CS 3-0,HTCS,87.6,0.015463917525773196,35.46,1 in 64
league_en,NEW - FUL,HT/FT 1/2,HTFT,65.6,0.02064896755162242,35.46,1 in 48
league_en,BUR - FUL,CS 0-4,CS,261.0,0.005189028910303929,35.43,1 in 192
league_en,LEE - EVE,CS 0-4,CS,167.0,0.008100147275405008,35.27,1 in 123
league_en,FUL - WOL,CS 6-0,CS,1827.0,0.0007401924500370096,35.23,1 in 1351
league_en,EVE - BOU,CS 1-4,CS,183.0,0.007385524372230428,35.16,1 in 135
league_en,CRY - ARS,CS 5-1,CS,368.0,0.003671071953010279,35.1,1 in 272
league_en,CRY - BHA,CS 4-0,CS,70.3,0.019216555801921657,35.09,1 in 52
league_en,BOU - WHU,CS 3-0,CS,38.3,0.03526818515797208,35.08,1 in 28
league_en,TOT - EVE,CS 5-0,CS,306.0,0.004411764705882353,35.0,1 in 226
league_en,CRY - LEE,CS 0-4,CS,167.0,0.008082292432035268,34.97,1 in 123
league_en,CRY - LEE,CS 2-4,CS,167.0,0.008082292432035268,34.97,1 in 123
league_en,ARS - BRE,CS 0-6,CS,1818.0,0.0007423904974016332,34.97,1 in 1347
league_en,LEE - MNC,CS 6-0,CS,1826.0,0.0007390983000739098,34.96,1 in 1353
league_en,NOT - CRY,CS 2-3,CS,58.9,0.022912047302291204,34.95,1 in 43
league_en,WHU - WOL,CS 6-0,CS,1827.0,0.0007385524372230429,34.93,1 in 1354
league_en,MNU - LEE,CS 0-5,CS,1828.0,0.0007380073800738007,34.91,1 in 1355
league_en,BUR - SUN,CS 0-5,CS,1828.0,0.0007374631268436578,34.81,1 in 1356
league_en,MNU - EVE,CS 0-5,CS,1828.0,0.0007374631268436578,34.81,1 in 1356
league_en,AST - LIV,CS 0-6,CS,1818.0,0.0007412898443291327,34.77,1 in 1349
league_en,MNU - NOT,CS 0-4,CS,261.0,0.005158437730287398,34.64,1 in 193
league_en,EVE - CRY,HT/FT 2/1,HTFT,42.6,0.0315712187958884,34.49,1 in 31
league_en,BHA - CHE,CS 3-0,CS,122.0,0.011021307861866276,34.46,1 in 90
league_en,FUL - MNC,CS 6-0,CS,1827.0,0.0007358351729212656,34.44,1 in 1359
league_en,NOT - FUL,CS 0-3,CS,47.9,0.028064992614475627,34.43,1 in 35
league_en,BRE - WHU,CS 0-4,CS,260.0,0.0051698670605613,34.42,1 in 193
league_en,BUR - BRE,CS 6-0,CS,1828.0,0.0007352941176470588,34.41,1 in 1360
league_en,AST - CRY,HT/FT 2/1,HTFT,31.9,0.04212860310421286,34.39,1 in 23
league_en,WOL - ARS,CS 0-6,CS,1818.0,0.0007390983000739098,34.37,1 in 1353
league_en,MNU - FUL,CS 0-4,CS,261.0,0.005147058823529412,34.34,1 in 194
league_en,EVE - BRE,CS 1-5,CS,165.0,0.008136094674556213,34.25,1 in 122
league_en,NEW - FUL,CS 0-4,CS,260.0,0.005162241887905605,34.22,1 in 193
league_en,LIV - LEE,CS 5-1,CS,58.3,0.02301410541945063,34.17,1 in 43
league_en,MNU - BRE,CS 0-5,CS,304.0,0.004411764705882353,34.12,1 in 226
league_en,BHA - TOT,CS 2-4,CS,227.0,0.005908419497784343,34.12,1 in 169
league_en,BRE - NOT,CS 0-4,CS,260.0,0.005154639175257732,34.02,1 in 194
league_en,LEE - NEW,CS 3-3,CS,43.3,0.030927835051546393,33.92,1 in 32
league_en,SUN - MNC,CS 6-0,CS,1826.0,0.0007331378299120235,33.87,1 in 1364
league_en,BHA - BOU,CS 1-3,CS,45.4,0.029476787030213707,33.82,1 in 33
league_en,NEW - ARS,CS 0-6,CS,1818.0,0.0007358351729212656,33.77,1 in 1359
league_en,SUN - NEW,HT/FT 1/2,HTFT,38.6,0.034635224760501106,33.69,1 in 28
league_en,BOU - ARS,CS 5-1,CS,606.0,0.0022058823529411764,33.68,1 in 453
league_en,LIV - AST,CS 0-6,CS,1818.0,0.0007352941176470588,33.68,1 in 1360
league_en,ARS - WOL,CS 0-5,CS,605.0,0.002207505518763797,33.55,1 in 453
league_en,NEW - TOT,CS 4-2,CS,54.8,0.024354243542435424,33.46,1 in 41
league_en,WOL - CHE,CS 5-0,CS,601.0,0.0022205773501110288,33.46,1 in 450
league_en,EVE - LIV,CS 3-0,CS,56.8,0.023494860499265784,33.45,1 in 42
league_en,BOU - CHE,CS 5-1,CS,1799.0,0.0007412898443291327,33.36,1 in 1349
league_en,NOT - BOU,CS 3-3,CS,100.0,0.013333333333333334,33.33,1 in 75
league_en,TOT - WHU,CS 1-5,CS,201.0,0.006632277081798084,33.31,1 in 150
league_en,FUL - WOL,CS 0-4,CS,78.3,0.017024426350851222,33.3,1 in 58
league_en,NEW - WOL,CS 4-1,CS,47.5,0.028023598820058997,33.11,1 in 35
league_en,TOT - SUN,CS 3-3,CS,78.7,0.016911764705882352,33.1,1 in 59
league_en,MNU - NOT,CS 5-1,CS,129.0,0.010316875460574797,33.09,1 in 96
league_en,BHA - BUR,CS 3-3,CS,58.6,0.022693997071742314,32.99,1 in 44
league_en,CRY - NOT,HT CS 3-0,HTCS,53.2,0.024981631153563555,32.9,1 in 40
league_en,MNC - ARS,CS 1-4,CS,77.9,0.017024426350851222,32.62,1 in 58
league_en,BUR - WHU,CS 4-2,CS,78.1,0.01694915254237288,32.37,1 in 59
league_en,BOU - AST,HT/FT X/1,HTFT,15.0,0.08823529411764706,32.35,1 in 11
league_en,LIV - BOU,CS 6-0,CS,94.3,0.014032496307237814,32.33,1 in 71
league_en,CHE - FUL,CS 2-3,CS,74.7,0.017712177121771217,32.31,1 in 56
league_en,NEW - MNC,CS 5-0,CS,199.0,0.006642066420664207,32.18,1 in 150
league_en,LIV - EVE,CS 0-3,CS,128.0,0.010316875460574797,32.06,1 in 96
league_en,BOU - NEW,HT/FT 2/1,HTFT,64.2,0.020527859237536656,31.79,1 in 48
league_en,AST - EVE,CS 0-3,CS,128.0,0.010279001468428781,31.57,1 in 97
league_en,CHE - EVE,HT CS 1-2,HTCS,37.3,0.03526818515797208,31.55,1 in 28
league_en,NOT - WOL,HT/FT 1/2,HTFT,41.6,0.03161764705882353,31.53,1 in 31
league_en,AST - LEE,CS 6-0,CS,162.0,0.008112094395280236,31.42,1 in 123
league_en,SUN - BUR,HT CS 3-0,HTCS,66.2,0.019838354151359296,31.33,1 in 50
league_en,CRY - FUL,CS 2-4,CS,118.0,0.01111934766493699,31.21,1 in 89
league_en,SUN - LEE,CS 2-3,CS,49.2,0.02666666666666667,31.2,1 in 37
league_en,BHA - TOT,HT CS 0-3,HTCS,148.0,0.008862629246676515,31.17,1 in 112
league_en,CRY - EVE,CS 1-4,CS,118.0,0.011111111111111112,31.11,1 in 90
league_en,EVE - TOT,HT/FT 1/2,HTFT,71.1,0.018436578171091445,31.08,1 in 54
league_en,WOL - WHU,CS 2-3,CS,49.5,0.026470588235294117,31.03,1 in 37
league_en,EVE - TOT,CS 5-1,CS,148.0,0.008849557522123894,30.97,1 in 113
league_en,BRE - EVE,CS 6-0,CS,222.0,0.0058953574060427415,30.88,1 in 169
league_en,WOL - EVE,CS 0-3,CS,111.0,0.011790714812085483,30.88,1 in 84
league_en,CHE - NOT,CS 5-0,CS,40.4,0.03237674760853569,30.8,1 in 30
league_en,CRY - AST,HT CS 3-0,HTCS,89.4,0.014619883040935672,30.7,1 in 68
league_en,EVE - WOL,CS 0-5,CS,252.0,0.005185185185185185,30.67,1 in 192
league_en,CHE - WHU,HT CS 0-2,HTCS,39.4,0.03316138540899042,30.66,1 in 30
league_en,CRY - NEW,CS 3-3,CS,43.3,0.03016924208977189,30.63,1 in 33
league_en,LIV - CRY,CS 1-3,CS,61.7,0.021167883211678833,30.61,1 in 47
league_en,SUN - FUL,CS 0-4,CS,118.0,0.011061946902654867,30.53,1 in 90
league_en,BUR - WOL,CS 4-1,CS,59.1,0.022058823529411766,30.37,1 in 45
league_en,LEE - MNU,HT/FT 2/1,HTFT,47.8,0.027266028002947678,30.33,1 in 36
league_en,LIV - ARS,CS 5-1,CS,147.0,0.008862629246676515,30.28,1 in 112
league_en,BRE - NOT,CS 0-3,CS,73.7,0.017673048600883652,30.25,1 in 56
league_en,CHE - TOT,HT CS 0-2,HTCS,70.7,0.018422991893883568,30.25,1 in 54
league_en,CHE - TOT,HT CS 0-3,HTCS,589.0,0.002210759027266028,30.21,1 in 452
league_en,WHU - SUN,CS 2-3,CS,58.9,0.02210759027266028,30.21,1 in 45
league_en,NOT - BHA,HT/FT 2/1,HTFT,40.3,0.032305433186490456,30.19,1 in 30
league_en,NOT - AST,CS 1-5,CS,146.0,0.008915304606240713,30.16,1 in 112
league_en,LIV - CRY,CS 6-0,CS,162.0,0.008029197080291971,30.07,1 in 124
league_en,BHA - LEE,CS 1-4,CS,118.0,0.011013215859030838,29.96,1 in 90
league_en,WHU - CRY,CS 1-5,CS,879.0,0.0014781966001478197,29.93,1 in 676
league_en,FUL - EVE,CS 1-5,CS,879.0,0.0014781966001478197,29.93,1 in 676
league_en,LEE - NEW,CS 4-0,CS,147.0,0.008836524300441826,29.9,1 in 113
league_en,CHE - BOU,CS 1-3,CS,177.0,0.007336757153338224,29.86,1 in 136
league_en,SUN - LIV,HT/FT 1/2,HTFT,34.5,0.037638376383763834,29.85,1 in 26
league_en,FUL - CHE,CS 0-4,CS,36.6,0.03547671840354767,29.84,1 in 28
league_en,BUR - BHA,CS 4-2,CS,65.2,0.01991150442477876,29.82,1 in 50
league_en,CHE - BHA,CS 0-2,CS,76.4,0.016986706056129987,29.78,1 in 58
league_en,NOT - LEE,CS 1-5,CS,879.0,0.0014760147601476014,29.74,1 in 677
league_en,CRY - MNC,CS 0-5,CS,252.0,0.005147058823529412,29.71,1 in 194
league_en,BRE - BUR,HT CS 3-0,HTCS,34.3,0.03780578206078577,29.67,1 in 26
league_en,BUR - LIV,CS 0-5,CS,251.0,0.005162241887905605,29.57,1 in 193
league_en,LEE - BRE,HT/FT 2/1,HTFT,54.9,0.02359882005899705,29.56,1 in 42
league_en,WHU - SUN,CS 1-5,CS,879.0,0.0014738393515106854,29.55,1 in 678
league_en,CHE - WHU,CS 0-4,CS,879.0,0.0014738393515106854,29.55,1 in 678
league_en,MNC - WOL,CS 5-0,CS,250.0,0.005177514792899409,29.44,1 in 193
league_en,FUL - NEW,CS 4-2,CS,117.0,0.011061946902654867,29.42,1 in 90
league_en,CHE - NOT,CS 0-4,CS,879.0,0.0014716703458425313,29.36,1 in 679
league_en,FUL - BHA,CS 1-5,CS,879.0,0.0014716703458425313,29.36,1 in 679
league_en,BUR - TOT,HT CS 0-3,HTCS,250.0,0.005173688100517369,29.34,1 in 193
league_en,MNU - TOT,HT CS 0-3,HTCS,250.0,0.005173688100517369,29.34,1 in 193
league_en,BUR - MNU,CS 1-5,CS,438.0,0.002952029520295203,29.3,1 in 338
league_en,MNU - BHA,HT/FT 2/1,HTFT,35.7,0.03621581670362158,29.29,1 in 27
league_en,SUN - WHU,HT/FT 2/1,HTFT,41.8,0.030927835051546393,29.28,1 in 32
league_en,LIV - MNU,CS 4-2,CS,54.7,0.023633677991137372,29.28,1 in 42
league_en,FUL - WHU,CS 1-5,CS,436.0,0.0029651593773165306,29.28,1 in 337
league_en,CRY - LIV,CS 4-2,CS,124.0,0.010424422933730455,29.26,1 in 95
league_en,WHU - BHA,CS 1-5,CS,879.0,0.0014695077149155032,29.17,1 in 680
league_en,WOL - NOT,HT/FT 1/2,HTFT,67.4,0.01915991156963891,29.14,1 in 52
league_en,WHU - AST,CS 4-1,CS,103.0,0.012536873156342183,29.13,1 in 79
league_en,CRY - WHU,CS 0-5,CS,438.0,0.0029476787030213707,29.11,1 in 339
league_en,WHU - TOT,CS 1-3,CS,60.5,0.021339220014716703,29.1,1 in 46
league_en,EVE - FUL,HT CS 3-0,HTCS,53.2,0.02426470588235294,29.09,1 in 41
league_en,MNU - ARS,HT CS 3-0,HTCS,67.8,0.01903367496339678,29.05,1 in 52
league_en,FUL - BHA,CS 4-2,CS,92.3,0.013980868285504048,29.04,1 in 71
league_en,SUN - BOU,CS 1-5,CS,874.0,0.0014760147601476014,29.0,1 in 677
league_en,CRY - WHU,HT/FT 1/2,HTFT,50.0,0.025792188651436992,28.96,1 in 38
league_en,NOT - LIV,CS 4-1,CS,103.0,0.012518409425625921,28.94,1 in 79
league_en,EVE - TOT,CS 1-5,CS,874.0,0.0014749262536873156,28.91,1 in 678
league_en,TOT - CRY,CS 4-0,CS,83.1,0.0155096011816839,28.88,1 in 64
league_en,ARS - BOU,HT/FT 1/2,HTFT,103.0,0.012509197939661517,28.84,1 in 79
league_en,EVE - FUL,CS 0-5,CS,438.0,0.0029411764705882353,28.82,1 in 340
league_en,BHA - BOU,CS 1-5,CS,874.0,0.0014738393515106854,28.81,1 in 678
league_en,TOT - LEE,CS 4-2,CS,109.0,0.011816838995568686,28.8,1 in 84
league_en,NOT - EVE,CS 1-5,CS,879.0,0.0014652014652014652,28.79,1 in 682
league_en,BHA - FUL,CS 0-5,CS,438.0,0.0029390154298310064,28.73,1 in 340
league_en,BUR - NOT,CS 0-3,CS,69.5,0.018518518518518517,28.7,1 in 54
league_en,LIV - AST,CS 5-0,CS,250.0,0.005147058823529412,28.68,1 in 194
league_en,LIV - NEW,CS 1-4,CS,91.0,0.014136904761904762,28.65,1 in 70
league_en,AST - NEW,CS 2-4,CS,116.0,0.011078286558345642,28.51,1 in 90
league_en,WHU - NEW,CS 4-1,CS,87.1,0.014749262536873156,28.47,1 in 67
league_en,LEE - NOT,CS 1-4,CS,83.2,0.015441176470588236,28.47,1 in 64
league_en,BOU - EVE,CS 4-0,CS,83.1,0.01545253863134658,28.41,1 in 64
league_en,SUN - AST,CS 4-2,CS,124.0,0.010355029585798817,28.4,1 in 96
league_en,TOT - FUL,CS 5-0,CS,436.0,0.0029433406916850625,28.33,1 in 339
league_en,MNC - MNU,CS 1-5,CS,434.0,0.0029563932002956393,28.31,1 in 338
league_en,ARS - CHE,CS 0-4,CS,72.8,0.01762114537444934,28.28,1 in 56
league_en,BOU - CHE,CS 4-2,CS,346.0,0.0037064492216456633,28.24,1 in 269
league_en,BUR - BRE,CS 4-0,CS,109.0,0.011764705882352941,28.24,1 in 85
league_en,MNU - WOL,HT/FT 1/2,HTFT,49.6,0.0258493353028065,28.21,1 in 38
league_en,BUR - LIV,HT/FT 1/2,HTFT,40.4,0.03171091445427729,28.11,1 in 31
league_en,BRE - BUR,CS 4-2,CS,64.0,0.02001482579688658,28.09,1 in 49
league_en,AST - ARS,HT CS 0-3,HTCS,78.9,0.016224188790560472,28.01,1 in 61
league_en,TOT - BUR,CS 0-6,CS,869.0,0.0014727540500736377,27.98,1 in 679
league_en,LIV - EVE,CS 1-4,CS,248.0,0.005158437730287398,27.93,1 in 193
league_en,FUL - WOL,CS 4-2,CS,108.0,0.011843079200592153,27.91,1 in 84
league_en,BUR - LEE,HT/FT 1/2,HTFT,78.7,0.01624815361890694,27.87,1 in 61
league_en,MNC - MNU,CS 5-0,CS,173.0,0.007390983000739098,27.86,1 in 135
league_en,AST - BOU,HT CS 1-2,HTCS,41.2,0.0310192023633678,27.8,1 in 32
league_en,WOL - ARS,CS 0-4,CS,108.0,0.011825572801182557,27.72,1 in 84
league_en,CRY - BUR,CS 1-5,CS,245.0,0.0052122114668652275,27.7,1 in 191
league_en,MNU - MNC,CS 4-2,CS,91.4,0.013970588235294118,27.69,1 in 71
league_en,AST - NOT,CS 2-3,CS,52.6,0.02426470588235294,27.63,1 in 41
league_en,WHU - WOL,CS 4-0,CS,108.0,0.011816838995568686,27.62,1 in 84
league_en,BUR - MNU,CS 5-1,CS,192.0,0.006642066420664207,27.53,1 in 150
league_en,BUR - MNU,CS 0-4,CS,157.0,0.008118081180811807,27.45,1 in 123
league_en,MNU - BHA,CS 0-3,CS,95.8,0.013303769401330377,27.45,1 in 75
league_en,FUL - WHU,CS 5-1,CS,191.0,0.006671608598962194,27.43,1 in 149
league_en,NEW - WHU,CS 5-0,CS,108.0,0.011799410029498525,27.43,1 in 84
league_en,MNC - BOU,CS 0-3,CS,172.0,0.007407407407407408,27.41,1 in 135
league_en,SUN - MNU,CS 2-4,CS,96.4,0.013215859030837005,27.4,1 in 75
league_en,BUR - FUL,CS 4-2,CS,78.1,0.01630837657524092,27.37,1 in 61
league_en,NEW - BRE,CS 4-2,CS,82.2,0.015486725663716814,27.3,1 in 64
league_en,MNU - LEE,CS 5-1,CS,95.8,0.013284132841328414,27.26,1 in 75
league_en,TOT - LEE,HT/FT 1/2,HTFT,52.2,0.024372230428360415,27.22,1 in 41
league_en,BOU - LIV,CS 4-2,CS,173.0,0.007342143906020558,27.02,1 in 136
league_en,BOU - MNC,HT/FT 2/1,HTFT,57.6,0.02204261572373255,26.97,1 in 45
league_en,WOL - BHA,CS 0-4,CS,430.0,0.002952029520295203,26.94,1 in 338
league_en,CHE - BUR,CS 0-4,CS,575.0,0.002207505518763797,26.93,1 in 453
league_en,SUN - LEE,HT CS 3-0,HTCS,51.9,0.024444444444444446,26.87,1 in 40
league_en,AST - NOT,CS 0-4,CS,345.0,0.003676470588235294,26.84,1 in 272
league_en,AST - FUL,CS 0-4,CS,345.0,0.0036737692872887582,26.75,1 in 272
league_en,WOL - EVE,CS 0-4,CS,430.0,0.0029476787030213707,26.75,1 in 339
league_en,ARS - CRY,CS 0-4,CS,428.0,0.0029607698001480384,26.72,1 in 337
league_en,CHE - SUN,CS 2-4,CS,427.0,0.002967359050445104,26.71,1 in 337
league_en,NOT - CRY,CS 6-0,CS,571.0,0.0022172949002217295,26.61,1 in 451
league_en,WOL - CHE,CS 4-1,CS,114.0,0.011102886750555145,26.57,1 in 90
league_en,MNU - BOU,CS 1-4,CS,345.0,0.003668378576669112,26.56,1 in 272
league_en,BRE - CHE,CS 6-0,CS,1712.0,0.0007390983000739098,26.53,1 in 1353
league_en,EVE - MNU,CS 1-5,CS,245.0,0.005162241887905605,26.47,1 in 193
league_en,CHE - NOT,CS 2-3,CS,74.7,0.01692420897718911,26.42,1 in 59
league_en,NEW - BRE,HT/FT 2/X,HTFT,13.6,0.09292035398230089,26.37,1 in 10
league_en,EVE - SUN,CS 5-0,CS,246.0,0.005135730007336757,26.34,1 in 194
league_en,LIV - MNU,HT CS 0-3,HTCS,114.0,0.011078286558345642,26.29,1 in 90
league_en,SUN - TOT,CS 6-0,CS,569.0,0.0022189349112426036,26.26,1 in 450
league_en,WOL - AST,CS 5-1,CS,244.0,0.005173688100517369,26.24,1 in 193
league_en,CRY - LEE,HT CS 0-3,HTCS,101.0,0.012490815576781777,26.16,1 in 80
league_en,AST - BUR,CS 5-1,CS,89.8,0.014042867701404288,26.1,1 in 71
league_en,WHU - SUN,HT/FT 1/2,HTFT,71.3,0.017686072218128224,26.1,1 in 56
league_en,FUL - SUN,CS 6-0,CS,571.0,0.002207505518763797,26.05,1 in 453
league_en,EVE - BUR,CS 1-5,CS,245.0,0.005143277002204262,26.01,1 in 194
league_en,BRE - EVE,HT CS 1-2,HTCS,25.9,0.04863669859985262,25.97,1 in 20
league_en,MNC - LEE,CS 2-3,CS,61.0,0.02064896755162242,25.96,1 in 48
league_en,MNU - WOL,CS 3-3,CS,60.9,0.0206794682422452,25.94,1 in 48
league_en,WHU - EVE,CS 6-0,CS,571.0,0.002204261572373255,25.86,1 in 453
league_en,WHU - BHA,CS 6-0,CS,571.0,0.002204261572373255,25.86,1 in 453
league_en,LEE - FUL,CS 5-0,CS,284.0,0.004431314623338257,25.85,1 in 225
league_en,BHA - LEE,CS 3-3,CS,65.9,0.01908957415565345,25.8,1 in 52
league_en,CHE - CRY,CS 2-4,CS,427.0,0.0029455081001472753,25.77,1 in 339
league_en,CRY - MNU,CS 4-1,CS,74.4,0.01689933872152829,25.73,1 in 59
league_en,EVE - AST,CS 3-2,CS,39.5,0.03182827535159141,25.72,1 in 31
league_en,CRY - TOT,CS 6-0,CS,569.0,0.0022091310751104565,25.7,1 in 452
league_en,ARS - CHE,CS 6-0,CS,1712.0,0.0007342143906020558,25.7,1 in 1362
league_en,WOL - AST,CS 4-1,CS,65.4,0.019216555801921657,25.68,1 in 52
league_en,BHA - WHU,CS 5-0,CS,284.0,0.004424778761061947,25.66,1 in 226
league_en,MNU - LIV,CS 1-5,CS,190.0,0.006612784717119765,25.64,1 in 151
league_en,EVE - WOL,CS 1-4,CS,54.7,0.022962962962962963,25.61,1 in 43
league_en,CRY - WHU,CS 5-0,CS,284.0,0.004421518054532056,25.57,1 in 226
league_en,BHA - WOL,CS 4-1,CS,73.9,0.016986706056129987,25.53,1 in 58
league_en,BUR - ARS,CS 1-4,CS,63.5,0.019765739385065886,25.51,1 in 50
league_en,CRY - MNU,HT/FT 1/2,HTFT,43.8,0.028655400440852314,25.51,1 in 34
league_en,CHE - EVE,CS 2-4,CS,427.0,0.0029390154298310064,25.5,1 in 340
league_en,ARS - WOL,CS 5-1,CS,155.0,0.008094186902133923,25.46,1 in 123
league_en,MNU - CHE,CS 4-2,CS,189.0,0.00663716814159292,25.44,1 in 150
league_en,EVE - ARS,CS 5-0,CS,564.0,0.002223869532987398,25.43,1 in 449
league_en,MNU - WHU,HT/FT 2/1,HTFT,37.9,0.03308823529411765,25.4,1 in 30
league_en,WOL - CHE,CS 0-6,CS,847.0,0.0014803849000740192,25.39,1 in 675
league_en,TOT - EVE,HT CS 3-0,HTCS,58.8,0.021323529411764706,25.38,1 in 46
league_en,NOT - CHE,CS 3-1,CS,54.8,0.022878228782287822,25.37,1 in 43
league_en,CRY - NOT,CS 5-0,CS,284.0,0.00440852314474651,25.2,1 in 226
league_en,NOT - BUR,CS 5-0,CS,284.0,0.00440852314474651,25.2,1 in 226
league_en,LEE - LIV,HT CS 3-0,HTCS,89.4,0.01400147383935151,25.17,1 in 71
league_en,NOT - MNC,CS 5-1,CS,282.0,0.004437869822485207,25.15,1 in 225
league_en,WOL - NOT,CS 5-1,CS,99.9,0.012527634487840826,25.15,1 in 79
league_en,EVE - BRE,CS 5-0,CS,564.0,0.0022189349112426036,25.15,1 in 450
league_en,BRE - EVE,CS 1-3,CS,56.6,0.02210759027266028,25.13,1 in 45
league_en,NOT - MNU,CS 5-0,CS,284.0,0.004405286343612335,25.11,1 in 226
league_en,BOU - LEE,CS 0-4,CS,130.0,0.009622501850481125,25.09,1 in 103
league_en,AST - MNU,CS 5-1,CS,89.8,0.013929618768328446,25.09,1 in 71
league_en,EVE - BRE,CS 0-4,CS,65.0,0.019230769230769232,25.0,1 in 52
league_en,BHA - BRE,CS 5-0,CS,564.0,0.0022156573116691287,24.96,1 in 451
league_en,SUN - WOL,CS 5-1,CS,282.0,0.004431314623338257,24.96,1 in 225
league_en,WOL - AST,CS 3-3,CS,58.3,0.021433850702143386,24.96,1 in 46
league_en,WOL - LIV,CS 1-5,CS,283.0,0.004415011037527594,24.94,1 in 226
league_en,CHE - MNC,CS 1-4,CS,211.0,0.005921539600296077,24.94,1 in 168
league_en,NOT - LIV,HT/FT 1/2,HTFT,37.7,0.03313696612665685,24.93,1 in 30
league_en,TOT - CHE,HT/FT 2/1,HTFT,121.0,0.01032448377581121,24.93,1 in 96
league_en,EVE - MNU,HT CS 0-3,HTCS,58.4,0.021386430678466076,24.9,1 in 46
league_en,LEE - BOU,HT/FT 1/2,HTFT,71.1,0.01755669348939283,24.83,1 in 56
league_en,NOT - WOL,HT CS 3-0,HTCS,67.9,0.01838235294117647,24.82,1 in 54
league_en,AST - LEE,HT CS 0-3,HTCS,188.0,0.00663716814159292,24.78,1 in 150
league_en,MNC - ARS,HT CS 1-2,HTCS,19.6,0.06365655070318282,24.77,1 in 15
league_en,BRE - NOT,HT CS 0-3,HTCS,121.0,0.010309278350515464,24.74,1 in 97
league_en,LIV - LEE,CS 2-4,CS,240.0,0.005196733481811433,24.72,1 in 192
league_en,BRE - LIV,CS 0-4,CS,100.0,0.012472487160674981,24.72,1 in 80
league_en,SUN - NEW,CS 5-0,CS,564.0,0.002210759027266028,24.69,1 in 452
league_en,WHU - BRE,CS 4-0,CS,130.0,0.009587020648967551,24.63,1 in 104
league_en,SUN - MNC,CS 4-1,CS,73.9,0.01686217008797654,24.61,1 in 59
league_en,CHE - TOT,CS 3-2,CS,34.5,0.03610906411201179,24.58,1 in 27
league_en,BRE - BHA,HT/FT 2/1,HTFT,32.5,0.03829160530191458,24.45,1 in 26
league_en,EVE - NOT,CS 5-1,CS,210.0,0.005925925925925926,24.44,1 in 168
league_en,MNU - BRE,HT CS 0-3,HTCS,56.4,0.022058823529411766,24.41,1 in 45
league_en,ARS - CRY,HT CS 0-3,HTCS,168.0,0.007401924500370096,24.35,1 in 135
league_en,MNC - FUL,CS 0-4,CS,282.0,0.00440852314474651,24.32,1 in 226
league_en,AST - FUL,HT CS 0-3,HTCS,141.0,0.00881704628949302,24.32,1 in 113
league_en,TOT - BRE,HT/FT 1/2,HTFT,34.5,0.03602941176470588,24.3,1 in 27
league_en,TOT - EVE,CS 0-3,CS,39.3,0.03161764705882353,24.26,1 in 31
league_en,EVE - BRE,CS 1-4,CS,49.4,0.02514792899408284,24.23,1 in 39
league_en,BOU - NEW,CS 4-0,CS,242.0,0.005131964809384164,24.19,1 in 194
league_en,FUL - WHU,CS 4-0,CS,69.8,0.017790956263899184,24.18,1 in 56
league_en,WOL - BRE,CS 1-5,CS,281.0,0.004418262150220913,24.15,1 in 226
league_en,NEW - ARS,CS 1-5,CS,281.0,0.004415011037527594,24.06,1 in 226
league_en,FUL - BOU,CS 5-0,CS,105.0,0.011808118081180811,23.99,1 in 84
league_en,BOU - AST,CS 4-0,CS,281.0,0.004411764705882353,23.97,1 in 226
league_en,CHE - AST,HT/FT 1/2,HTFT,56.1,0.022091310751104567,23.93,1 in 45
league_en,BOU - BHA,HT CS 0-3,HTCS,83.7,0.014803849000740192,23.91,1 in 67
league_en,MNU - CHE,CS 0-6,CS,560.0,0.0022123893805309734,23.89,1 in 452
league_en,LIV - SUN,HT CS 1-2,HTCS,27.6,0.044885945548197206,23.89,1 in 22
league_en,BHA - WHU,CS 5-1,CS,210.0,0.0058997050147492625,23.89,1 in 169
league_en,AST - TOT,CS 0-3,CS,240.0,0.005162241887905605,23.89,1 in 193
league_en,EVE - CRY,CS 4-0,CS,70.3,0.01762114537444934,23.88,1 in 56
league_en,CHE - WHU,CS 6-0,CS,105.0,0.011790714812085483,23.8,1 in 84
league_en,BOU - LIV,CS 4-0,CS,281.0,0.004405286343612335,23.79,1 in 226
league_en,BHA - SUN,CS 2-4,CS,167.0,0.007407407407407408,23.7,1 in 135
league_en,BOU - WHU,CS 2-0,CS,17.0,0.07274063188831742,23.66,1 in 13
league_en,NEW - SUN,HT CS 0-3,HTCS,168.0,0.007358351729212656,23.62,1 in 135
league_en,MNC - NOT,HT CS 0-3,HTCS,129.0,0.009579955784819455,23.58,1 in 104
league_en,BOU - NOT,HT CS 3-0,HTCS,69.7,0.01772525849335303,23.55,1 in 56
league_en,BHA - MNU,CS 4-0,CS,105.0,0.011764705882352941,23.53,1 in 85
league_en,WHU - LIV,CS 0-4,CS,57.7,0.021402214022140223,23.49,1 in 46
league_en,MNU - NEW,HT CS 1-2,HTCS,19.0,0.06499261447562776,23.49,1 in 15
league_en,TOT - BHA,HT CS 0-3,HTCS,83.7,0.014749262536873156,23.45,1 in 67
league_en,LEE - WHU,CS 5-1,CS,210.0,0.005878030859662013,23.44,1 in 170
league_en,CHE - LIV,CS 1-4,CS,105.0,0.011756061719324026,23.44,1 in 85
league_en,EVE - BUR,CS 4-0,CS,105.0,0.011756061719324026,23.44,1 in 85
league_en,LIV - BOU,CS 1-4,CS,557.0,0.0022156573116691287,23.41,1 in 451
league_en,NOT - AST,HT CS 2-0,HTCS,17.3,0.0713224368499257,23.39,1 in 14
league_en,NOT - CHE,HT CS 3-0,HTCS,152.0,0.008118081180811807,23.39,1 in 123
league_en,FUL - AST,HT CS 3-0,HTCS,87.6,0.014084507042253521,23.38,1 in 71
league_en,WHU - CHE,HT CS 3-0,HTCS,152.0,0.008112094395280236,23.3,1 in 123
league_en,NOT - BHA,HT CS 0-2,HTCS,23.0,0.053597650513950074,23.27,1 in 18
league_en,CHE - WOL,CS 5-1,CS,67.3,0.018315018315018316,23.26,1 in 54
league_en,ARS - NEW,CS 0-4,CS,112.0,0.011005135730007337,23.26,1 in 90
league_en,SUN - ARS,CS 0-5,CS,208.0,0.005925925925925926,23.26,1 in 168
league_en,FUL - AST,CS 3-1,CS,32.6,0.03780578206078577,23.25,1 in 26
league_en,AST - LIV,HT/FT 1/2,HTFT,47.5,0.025945144551519646,23.24,1 in 38
league_en,BHA - LIV,CS 1-5,CS,111.0,0.011102886750555145,23.24,1 in 90
league_en,NEW - CRY,HT/FT 2/1,HTFT,32.5,0.03789004457652303,23.14,1 in 26
league_en,WHU - MNC,HT CS 0-3,HTCS,52.4,0.02347762289068232,23.02,1 in 42
league_en,BOU - BRE,HT/FT 2/1,HTFT,64.2,0.01915991156963891,23.01,1 in 52
league_en,AST - CHE,HT/FT 2/1,HTFT,46.3,0.026568265682656828,23.01,1 in 37
league_en,WOL - ARS,CS 5-1,CS,208.0,0.005912786400591279,22.99,1 in 169
league_en,NOT - LIV,HT CS 1-2,HTCS,15.6,0.07879234167893961,22.92,1 in 12
league_en,BOU - EVE,CS 1-3,CS,28.8,0.042678440029433405,22.91,1 in 23
league_en,MNC - WOL,CS 3-3,CS,53.6,0.022928994082840236,22.9,1 in 43
league_en,SUN - CRY,CS 2-4,CS,167.0,0.007358351729212656,22.88,1 in 135
league_en,SUN - WOL,CS 3-3,CS,50.4,0.024372230428360415,22.84,1 in 41
league_en,WHU - LIV,HT CS 3-0,HTCS,87.6,0.014022140221402213,22.83,1 in 71
league_en,EVE - MNU,CS 6-0,CS,1665.0,0.0007374631268436578,22.79,1 in 1356
league_en,SUN - EVE,CS 2-4,CS,167.0,0.007352941176470588,22.79,1 in 136
league_en,ARS - NEW,HT CS 1-2,HTCS,18.8,0.0652971386647102,22.76,1 in 15
league_en,TOT - LEE,CS 4-0,CS,83.1,0.014771048744460856,22.75,1 in 67
league_en,BOU - CRY,HT/FT 1/2,HTFT,52.2,0.02351212343864805,22.73,1 in 42
league_en,WHU - CHE,CS 0-6,CS,416.0,0.0029498525073746312,22.71,1 in 339
league_en,LEE - MNU,CS 6-0,CS,1665.0,0.0007369196757553427,22.7,1 in 1357
league_en,NEW - CHE,CS 4-0,CS,119.0,0.010309278350515464,22.68,1 in 97
league_en,SUN - NEW,CS 0-5,CS,208.0,0.0058953574060427415,22.62,1 in 169
league_en,EVE - CRY,CS 0-4,CS,167.0,0.007342143906020558,22.61,1 in 136
league_en,WOL - LEE,CS 0-3,CS,111.0,0.011037527593818985,22.52,1 in 90
league_en,BHA - MNU,CS 6-0,CS,1665.0,0.0007352941176470588,22.43,1 in 1360
league_en,AST - NOT,HT/FT 2/1,HTFT,33.3,0.03676470588235294,22.43,1 in 27
league_en,MNU - TOT,CS 0-3,CS,138.0,0.008869179600886918,22.39,1 in 112
league_en,NOT - CRY,HT CS 1-2,HTCS,30.1,0.04065040650406504,22.36,1 in 24
league_en,BOU - WOL,CS 4-1,CS,104.0,0.011764705882352941,22.35,1 in 85
league_en,EVE - BUR,CS 6-0,CS,1665.0,0.0007347538574577516,22.34,1 in 1361
league_en,BRE - NEW,HT CS 0-3,HTCS,66.5,0.01839587932303164,22.33,1 in 54
league_en,SUN - BUR,CS 0-4,CS,87.6,0.013960323291697281,22.29,1 in 71
league_en,LEE - CHE,CS 1-0,CS,27.8,0.04398826979472141,22.29,1 in 22
league_en,SUN - MNU,CS 6-0,CS,1665.0,0.0007342143906020558,22.25,1 in 1362
league_en,SUN - ARS,CS 1-5,CS,165.0,0.007407407407407408,22.22,1 in 135
league_en,MNU - SUN,CS 2-4,CS,235.0,0.005200594353640416,22.21,1 in 192
league_en,SUN - NOT,CS 2-3,CS,38.5,0.03173431734317343,22.18,1 in 31
league_en,BHA - MNU,Exact 6,ExactGoals,23.4,0.05220588235294118,22.16,1 in 19
league_en,ARS - NOT,CS 2-4,CS,165.0,0.007401924500370096,22.13,1 in 135
league_en,CRY - BRE,CS 0-5,CS,208.0,0.00586940572267058,22.08,1 in 170
league_en,LEE - BHA,CS 3-3,CS,65.9,0.018518518518518517,22.04,1 in 54
league_en,WHU - WOL,CS 5-0,CS,413.0,0.0029542097488921715,22.01,1 in 338
league_en,TOT - CRY,CS 3-2,CS,36.7,0.03323485967503693,21.97,1 in 30
league_en,AST - MNC,HT/FT 2/1,HTFT,35.5,0.03435399551904406,21.96,1 in 29
league_en,SUN - BOU,CS 4-2,CS,91.8,0.013284132841328414,21.95,1 in 75
league_en,BRE - NOT,HT/FT 2/1,HTFT,34.5,0.035346097201767304,21.94,1 in 28
league_en,BHA - LIV,CS 3-0,CS,56.8,0.02146558105107328,21.92,1 in 46
league_en,BUR - SUN,HT/FT 1/2,HTFT,78.7,0.015486725663716814,21.88,1 in 64
league_en,AST - LIV,CS 0-5,CS,411.0,0.0029651593773165306,21.87,1 in 337
league_en,BOU - LIV,CS 2-4,CS,55.3,0.022026431718061675,21.81,1 in 45
league_en,FUL - BRE,Exact 6,ExactGoals,21.9,0.05559673832468495,21.76,1 in 17
league_en,CRY - BUR,CS 4-2,CS,109.0,0.011169024571854059,21.74,1 in 89
league_en,WOL - LIV,HT/FT 1/X,HTFT,13.9,0.0875643855776306,21.71,1 in 11
league_en,FUL - WOL,CS 4-1,CS,78.3,0.015544041450777202,21.71,1 in 64
league_en,WHU - EVE,CS 1-4,CS,184.0,0.006612784717119765,21.68,1 in 151
league_en,NOT - BRE,CS 0-5,CS,235.0,0.005177514792899409,21.67,1 in 193
league_en,SUN - WHU,CS 2-4,CS,118.0,0.010309278350515464,21.65,1 in 97
league_en,NEW - MNC,CS 1-3,CS,31.1,0.03911439114391144,21.65,1 in 25
league_en,NOT - LIV,CS 3-2,CS,41.3,0.029455081001472753,21.65,1 in 33
league_en,CRY - NOT,CS 2-3,CS,38.5,0.03159441587068332,21.64,1 in 31
league_en,LEE - WHU,CS 4-0,CS,78.8,0.015429831006612785,21.59,1 in 64
league_en,EVE - LEE,CS 1-4,CS,118.0,0.010301692420897719,21.56,1 in 97
league_en,CRY - WHU,HT CS 3-0,HTCS,53.2,0.022844509948415623,21.53,1 in 43
league_en,CRY - LIV,CS 5-1,CS,408.0,0.0029784065524944155,21.52,1 in 335
league_en,LIV - NOT,HT/FT 1/2,HTFT,75.6,0.016070124178232285,21.49,1 in 62
league_en,EVE - FUL,CS 0-4,CS,118.0,0.010294117647058823,21.47,1 in 97
league_en,CRY - MNC,CS 5-0,CS,413.0,0.0029411764705882353,21.47,1 in 340
league_en,TOT - WOL,CS 5-1,CS,411.0,0.0029542097488921715,21.42,1 in 338
league_en,FUL - BUR,CS 4-0,CS,78.8,0.015407190022010272,21.41,1 in 64
league_en,BUR - TOT,Exact 6,ExactGoals,22.5,0.05395417590539542,21.4,1 in 18
league_en,WOL - BOU,CS 5-1,CS,58.7,0.0206794682422452,21.39,1 in 48
league_en,BHA - ARS,CS 0-6,CS,824.0,0.0014727540500736377,21.35,1 in 679
league_en,TOT - LEE,HT/FT 2/1,HTFT,44.4,0.027326440177252585,21.33,1 in 36
league_en,ARS - FUL,CS 2-4,CS,165.0,0.007352941176470588,21.32,1 in 136
league_en,WHU - BOU,CS 4-0,CS,35.0,0.03466076696165192,21.31,1 in 28
league_en,SUN - FUL,CS 1-5,CS,329.0,0.003687315634218289,21.31,1 in 271
league_en,FUL - AST,CS 5-1,CS,409.0,0.0029651593773165306,21.28,1 in 337
league_en,WHU - MNC,CS 2-4,CS,87.0,0.013939838591342627,21.28,1 in 71
league_en,CHE - BHA,HT/FT X/2,HTFT,28.8,0.042097488921713444,21.24,1 in 23
league_en,FUL - ARS,CS 1-5,CS,182.0,0.006661732050333087,21.24,1 in 150
league_en,WHU - LEE,CS 5-1,CS,149.0,0.008136094674556213,21.23,1 in 122
league_en,LEE - SUN,CS 1-4,CS,118.0,0.010271460014673514,21.2,1 in 97
league_en,BOU - BUR,CS 1-4,CS,51.3,0.023616236162361623,21.15,1 in 42
league_en,FUL - EVE,CS 5-1,CS,149.0,0.008130081300813009,21.14,1 in 122
league_en,LEE - BUR,CS 0-5,CS,328.0,0.003692762186115214,21.12,1 in 270
league_en,MNC - BRE,CS 0-5,CS,411.0,0.0029455081001472753,21.06,1 in 339
league_en,FUL - TOT,HT/FT 2/1,HTFT,39.4,0.030724213606437453,21.05,1 in 32
league_en,BOU - LIV,Exact 0,ExactGoals,12.3,0.09838472834067548,21.01,1 in 10
league_en,BOU - LIV,CS 0-0,CS,12.3,0.09838472834067548,21.01,1 in 10
league_en,NOT - BOU,CS 1-3,CS,60.5,0.02,21.0,1 in 50
league_en,WOL - MNU,CS 3-3,CS,46.8,0.0258493353028065,20.97,1 in 38
league_en,TOT - WHU,HT CS 0-3,HTCS,51.3,0.023581429624170966,20.97,1 in 42
league_en,WOL - NOT,CS 3-3,CS,60.8,0.01989683124539425,20.97,1 in 50
league_en,BRE - NEW,CS 0-5,CS,411.0,0.0029433406916850625,20.97,1 in 339
league_en,NOT - LEE,CS 5-0,CS,149.0,0.008118081180811807,20.96,1 in 123
league_en,NOT - BOU,HT CS 1-2,HTCS,35.5,0.034074074074074076,20.96,1 in 29
league_en,NOT - TOT,CS 2-4,CS,328.0,0.003687315634218289,20.94,1 in 271
league_en,WOL - ARS,CS 1-4,CS,77.9,0.015521064301552107,20.91,1 in 64
league_en,CRY - BRE,CS 0-6,CS,824.0,0.001467351430667645,20.91,1 in 681
league_en,BOU - EVE,HT CS 0-2,HTCS,15.5,0.07799852832965416,20.9,1 in 12
league_en,WOL - BOU,CS 1-4,CS,409.0,0.0029542097488921715,20.83,1 in 338
league_en,BHA - SUN,HT/FT 1/2,HTFT,60.4,0.02,20.8,1 in 50
league_en,WHU - NEW,CS 1-5,CS,182.0,0.00663716814159292,20.8,1 in 150
league_en,TOT - SUN,HT/FT 2/1,HTFT,44.4,0.027205882352941177,20.79,1 in 36
league_en,FUL - LIV,CS 5-1,CS,409.0,0.002952029520295203,20.74,1 in 338
league_en,CHE - ARS,HT CS 1-2,HTCS,22.4,0.05387453874538745,20.68,1 in 18
league_en,WHU - AST,CS 5-1,CS,409.0,0.0029498525073746312,20.65,1 in 339
league_en,NOT - NEW,CS 5-1,CS,326.0,0.003700962250185048,20.65,1 in 270
league_en,WHU - AST,HT CS 0-3,HTCS,39.9,0.03023598820058997,20.64,1 in 33
league_en,MNC - AST,CS 0-6,CS,1655.0,0.0007288629737609329,20.63,1 in 1372
league_en,AST - BUR,CS 5-0,CS,102.0,0.011825572801182557,20.62,1 in 84
league_en,LEE - MNU,CS 4-1,CS,74.4,0.016212232866617538,20.62,1 in 61
league_en,FUL - CRY,CS 5-0,CS,149.0,0.008094186902133923,20.6,1 in 123
league_en,ARS - TOT,HT CS 0-3,HTCS,272.0,0.004431314623338257,20.53,1 in 225
league_en,MNU - BUR,CS 1-4,CS,109.0,0.01105379513633014,20.49,1 in 90
league_en,AST - NOT,CS 1-5,CS,819.0,0.0014705882352941176,20.44,1 in 680
league_en,EVE - BUR,CS 2-4,CS,96.4,0.012490815576781777,20.41,1 in 80
league_en,MNC - SUN,CS 1-4,CS,232.0,0.005189028910303929,20.39,1 in 192
league_en,MNU - WOL,CS 1-5,CS,326.0,0.003692762186115214,20.38,1 in 270
league_en,MNU - ARS,CS 4-1,CS,78.3,0.015373352855051245,20.37,1 in 65
league_en,LEE - BHA,HT CS 1-2,HTCS,25.0,0.04814814814814815,20.37,1 in 20
league_en,NOT - BUR,CS 2-4,CS,126.0,0.009551800146950772,20.35,1 in 104
league_en,BUR - CRY,HT CS 3-0,HTCS,27.8,0.043286867204695524,20.34,1 in 23
league_en,NOT - BHA,HT CS 0-3,HTCS,149.0,0.008076358296622614,20.34,1 in 123
league_en,WOL - LIV,CS 2-4,CS,109.0,0.011037527593818985,20.31,1 in 90
league_en,WOL - LIV,CS 5-0,CS,327.0,0.003679175864606328,20.31,1 in 271
league_en,WOL - SUN,CS 6-0,CS,232.0,0.005185185185185185,20.3,1 in 192
league_en,MNU - EVE,CS 6-0,CS,326.0,0.003687315634218289,20.21,1 in 271
league_en,BRE - BUR,CS 0-3,CS,57.9,0.020756115641215715,20.18,1 in 48
league_en,CHE - NOT,HT/FT X/2,HTFT,23.0,0.05224429727740986,20.16,1 in 19
league_en,WHU - FUL,CS 1-4,CS,109.0,0.011021307861866276,20.13,1 in 90
league_en,CRY - MNU,CS 4-2,CS,109.0,0.011021307861866276,20.13,1 in 90
league_en,NOT - EVE,CS 5-1,CS,149.0,0.00805860805860806,20.07,1 in 124
league_en,EVE - TOT,CS 5-0,CS,148.0,0.008112094395280236,20.06,1 in 123
league_en,BRE - BOU,CS 0-4,CS,814.0,0.0014749262536873156,20.06,1 in 678
league_en,FUL - LEE,HT/FT 1/2,HTFT,71.3,0.01683748169838946,20.05,1 in 59
league_en,CHE - BRE,CS 6-0,CS,327.0,0.003671071953010279,20.04,1 in 272
league_en,CHE - SUN,CS 1-4,CS,539.0,0.002225519287833828,19.96,1 in 449
league_en,BRE - MNU,CS 5-1,CS,116.0,0.0103397341211226,19.94,1 in 96
league_en,NEW - MNU,CS 3-1,CS,16.5,0.07268722466960352,19.93,1 in 13
league_en,BHA - LIV,CS 4-0,CS,180.0,0.006661732050333087,19.91,1 in 150
league_en,NOT - CHE,CS 2-0,CS,36.1,0.033210332103321034,19.89,1 in 30
league_en,BUR - WOL,CS 1-5,CS,326.0,0.003676470588235294,19.85,1 in 272
league_en,MNU - CHE,HT CS 3-0,HTCS,125.0,0.009587020648967551,19.84,1 in 104
league_en,AST - EVE,HT/FT 1/2,HTFT,85.9,0.013950073421439061,19.83,1 in 71
league_en,CRY - LIV,HT CS 3-0,HTCS,89.4,0.01340282948622487,19.82,1 in 74
league_en,LEE - TOT,CS 5-1,CS,148.0,0.008094186902133923,19.79,1 in 123
league_en,LEE - TOT,HT CS 0-3,HTCS,148.0,0.008094186902133923,19.79,1 in 123
league_en,ARS - BOU,CS 0-4,CS,814.0,0.0014716703458425313,19.79,1 in 679
league_en,AST - WOL,HT/FT 1/2,HTFT,58.3,0.020542920029347028,19.77,1 in 48
league_en,ARS - AST,HT/FT 2/1,HTFT,42.7,0.028044280442804426,19.75,1 in 35
league_en,BHA - NEW,CS 0-4,CS,65.0,0.018422991893883568,19.75,1 in 54
league_en,AST - CRY,CS 6-0,CS,162.0,0.007390983000739098,19.73,1 in 135
league_en,BHA - SUN,CS 4-2,CS,101.0,0.011851851851851851,19.7,1 in 84
league_en,BHA - SUN,HT CS 0-3,HTCS,101.0,0.011851851851851851,19.7,1 in 84
league_en,LIV - CHE,CS 1-5,CS,202.0,0.005925925925925926,19.7,1 in 168
league_en,ARS - NOT,CS 1-4,CS,147.0,0.008142116950407105,19.69,1 in 122
league_en,FUL - WOL,CS 3-3,CS,53.9,0.02220577350111029,19.69,1 in 45
league_en,BUR - ARS,CS 4-2,CS,109.0,0.010980966325036604,19.69,1 in 91
league_en,NEW - CHE,CS 4-2,CS,125.0,0.009572901325478646,19.66,1 in 104
league_en,LIV - NEW,HT/FT 2/1,HTFT,37.4,0.031994047619047616,19.66,1 in 31
league_en,MNC - TOT,CS 3-3,CS,108.0,0.011078286558345642,19.65,1 in 90
league_en,WHU - WOL,CS 4-2,CS,108.0,0.011078286558345642,19.65,1 in 90
league_en,FUL - LIV,HT/FT 1/2,HTFT,37.7,0.03173431734317343,19.64,1 in 31
league_en,CRY - EVE,CS 4-1,CS,59.8,0.02,19.6,1 in 50
league_en,LEE - BRE,CS 2-4,CS,73.7,0.016224188790560472,19.57,1 in 61
league_en,ARS - WOL,CS 2-4,CS,125.0,0.009565857247976454,19.57,1 in 104
league_en,WHU - LIV,CS 0-5,CS,180.0,0.006642066420664207,19.56,1 in 150
league_en,MNU - NEW,HT/FT 2/1,HTFT,47.6,0.025110782865583457,19.53,1 in 39
league_en,WOL - LEE,CS 6-0,CS,232.0,0.0051508462104488595,19.5,1 in 194
league_en,BUR - CRY,CS 5-1,CS,95.8,0.012472487160674981,19.49,1 in 80
league_en,WHU - AST,CS 0-5,CS,180.0,0.00663716814159292,19.47,1 in 150
league_en,SUN - CRY,CS 3-0,CS,24.6,0.04856512141280353,19.47,1 in 20
league_en,AST - TOT,CS 4-2,CS,54.0,0.022123893805309734,19.47,1 in 45
league_en,SUN - BRE,CS 4-1,CS,95.4,0.012518409425625921,19.43,1 in 79
league_en,CHE - LEE,CS 1-4,CS,539.0,0.0022156573116691287,19.42,1 in 451
league_en,BHA - BOU,CS 4-0,CS,46.3,0.025792188651436992,19.42,1 in 38
league_en,CRY - SUN,HT/FT 2/1,HTFT,42.6,0.028023598820058997,19.38,1 in 35
league_en,CHE - BHA,CS 2-3,CS,89.8,0.013293943870014771,19.38,1 in 75
league_en,WOL - ARS,HT CS 3-0,HTCS,52.1,0.022912047302291204,19.37,1 in 43
league_en,NOT - BOU,Exact 6,ExactGoals,29.3,0.040740740740740744,19.37,1 in 24
league_en,AST - CHE,HT CS 3-0,HTCS,59.9,0.01992619926199262,19.36,1 in 50
league_en,CRY - LIV,HT CS 0-3,HTCS,32.7,0.03648548026805659,19.31,1 in 27
league_en,WOL - BRE,CS 0-4,CS,108.0,0.011045655375552283,19.29,1 in 90
league_en,MNU - CHE,CS 4-1,CS,147.0,0.008112094395280236,19.25,1 in 123
league_en,BRE - BOU,CS 5-0,CS,46.2,0.025811209439528023,19.25,1 in 38
league_en,MNC - AST,CS 5-0,CS,327.0,0.0036443148688046646,19.17,1 in 274
league_en,SUN - NEW,CS 4-0,CS,147.0,0.008106116433308769,19.16,1 in 123
league_en,AST - NOT,CS 1-3,CS,49.1,0.02426470588235294,19.14,1 in 41
league_en,TOT - AST,CS 2-0,CS,31.1,0.03829160530191458,19.09,1 in 26
league_en,CRY - ARS,CS 4-1,CS,95.4,0.012481644640234948,19.07,1 in 80
league_en,BUR - WOL,HT/FT 2/1,HTFT,41.5,0.028676470588235293,19.01,1 in 34
league_en,WOL - BRE,HT/FT 2/1,HTFT,41.4,0.028718703976435934,18.9,1 in 34
league_en,WOL - BHA,HT CS 0-3,HTCS,179.0,0.006642066420664207,18.89,1 in 150
league_en,BUR - NEW,HT/FT 1/2,HTFT,42.7,0.02783882783882784,18.87,1 in 35
league_en,BRE - SUN,CS 4-1,CS,27.4,0.04338235294117647,18.87,1 in 23
league_en,MNU - BOU,HT/FT 1/2,HTFT,95.3,0.012472487160674981,18.86,1 in 80
league_en,BHA - BOU,HT/FT X/2,HTFT,12.5,0.0950626381724392,18.83,1 in 10
league_en,EVE - LEE,CS 4-1,CS,59.8,0.019867549668874173,18.81,1 in 50
league_en,MNU - WOL,CS 2-3,CS,38.3,0.0310192023633678,18.8,1 in 32
league_en,WHU - BHA,CS 0-3,CS,70.3,0.01689933872152829,18.8,1 in 59
league_en,BOU - TOT,CS 3-3,CS,69.9,0.016986706056129987,18.74,1 in 58
league_en,WOL - EVE,HT CS 0-3,HTCS,179.0,0.006632277081798084,18.72,1 in 150
league_en,TOT - BOU,CS 5-1,CS,201.0,0.005904059040590406,18.67,1 in 169
league_en,WHU - MNC,CS 3-3,CS,53.9,0.022010271460014674,18.64,1 in 45
league_en,CRY - MNU,Exact 6,ExactGoals,23.4,0.050698016164584865,18.63,1 in 19
league_en,TOT - SUN,CS 1-3,CS,28.8,0.041176470588235294,18.59,1 in 24
league_en,NOT - BRE,CS 0-4,CS,69.7,0.017011834319526627,18.57,1 in 58
league_en,NEW - CHE,HT CS 0-3,HTCS,46.0,0.02577319587628866,18.56,1 in 38
league_en,BHA - SUN,HT CS 1-2,HTCS,25.0,0.047407407407407405,18.52,1 in 21
league_en,MNU - WOL,Exact 6,ExactGoals,23.6,0.050221565731166914,18.52,1 in 19
league_en,BUR - WHU,HT CS 0-3,HTCS,134.0,0.008843036109064112,18.5,1 in 113
league_en,ARS - BRE,HT CS 0-3,HTCS,66.5,0.017817371937639197,18.49,1 in 56
league_en,FUL - EVE,CS 2-4,CS,229.0,0.005173688100517369,18.48,1 in 193
league_en,NEW - AST,CS 3-2,CS,32.2,0.03679175864606328,18.47,1 in 27
league_en,MNC - WHU,CS 4-2,CS,64.3,0.018422991893883568,18.46,1 in 54
league_en,BHA - CHE,HT CS 2-0,HTCS,32.9,0.03600293901542983,18.45,1 in 27
league_en,BUR - MNC,HT CS 0-3,HTCS,72.9,0.01624815361890694,18.45,1 in 61
league_en,MNC - BUR,CS 0-3,CS,53.8,0.022010271460014674,18.42,1 in 45
league_en,ARS - TOT,CS 3-3,CS,94.3,0.012555391432791729,18.4,1 in 79
league_en,SUN - BHA,HT CS 0-3,HTCS,101.0,0.011721611721611722,18.39,1 in 85
league_en,BOU - CRY,CS 0-3,CS,39.3,0.030124908155767818,18.39,1 in 33
league_en,NOT - AST,HT/FT 2/1,HTFT,56.9,0.020802377414561663,18.37,1 in 48
league_en,BHA - AST,CS 4-1,CS,107.0,0.011061946902654867,18.36,1 in 90
league_en,LIV - SUN,CS 3-3,CS,64.3,0.01839587932303164,18.29,1 in 54
league_en,CHE - WHU,HT/FT 1/2,HTFT,107.0,0.01105379513633014,18.28,1 in 90
league_en,LEE - LIV,CS 4-1,CS,107.0,0.01105379513633014,18.28,1 in 90
league_en,TOT - MNC,HT/FT 2/X,HTFT,13.1,0.09024211298606016,18.22,1 in 11
league_en,CHE - NOT,CS 0-2,CS,55.4,0.021339220014716703,18.22,1 in 46
league_en,WHU - MNU,HT CS 3-0,HTCS,54.9,0.021529324424647365,18.2,1 in 46
league_en,FUL - TOT,CS 4-1,CS,39.4,0.029992684711046085,18.17,1 in 33
league_en,MNC - NEW,HT/FT 1/2,HTFT,48.3,0.02446256486286138,18.15,1 in 40
league_en,CRY - NEW,CS 0-3,CS,24.7,0.047829286239882265,18.14,1 in 20
league_en,CRY - WOL,HT CS 2-0,HTCS,14.3,0.08259587020648967,18.11,1 in 12
league_en,TOT - BHA,HT/FT 2/X,HTFT,15.1,0.07817109144542773,18.04,1 in 12
league_en,LIV - SUN,CS 1-3,CS,61.7,0.01913171449595291,18.04,1 in 52
league_en,WOL - FUL,CS 4-2,CS,64.3,0.018355359765051395,18.02,1 in 54
league_en,NEW - SUN,CS 5-0,CS,72.9,0.016188373804267846,18.01,1 in 61
league_en,LIV - CRY,HT CS 3-0,HTCS,18.8,0.06277372262773723,18.01,1 in 15
league_en,NOT - LIV,CS 1-3,CS,18.0,0.06553755522827688,17.97,1 in 15
league_en,NOT - EVE,HT CS 0-2,HTCS,23.0,0.05128205128205128,17.95,1 in 19
league_en,CHE - LIV,CS 3-0,CS,21.4,0.055106539309331376,17.93,1 in 18
league_en,BOU - TOT,HT/FT 1/2,HTFT,61.4,0.019202363367799114,17.9,1 in 52
league_en,WHU - LIV,CS 3-1,CS,32.6,0.03616236162361624,17.89,1 in 27
league_en,NOT - NEW,HT CS 3-0,HTCS,75.8,0.015544041450777202,17.82,1 in 64
league_en,CRY - BUR,CS 3-3,CS,58.6,0.020104244229337303,17.81,1 in 49
league_en,TOT - ARS,HT CS 3-0,HTCS,114.0,0.010332103321033211,17.79,1 in 96
league_en,LIV - BHA,CS 5-0,CS,57.4,0.020512820512820513,17.74,1 in 48
league_en,NEW - AST,CS 2-4,CS,100.0,0.01177336276674025,17.73,1 in 84
league_en,LIV - WOL,CS 1-3,CS,34.6,0.034023668639053255,17.72,1 in 29
league_en,CHE - BUR,HT/FT 1/2,HTFT,94.1,0.012509197939661517,17.71,1 in 79
league_en,CHE - BUR,HT/FT 1/X,HTFT,18.6,0.06328182487122884,17.7,1 in 15
league_en,CRY - LIV,CS 3-2,CS,39.5,0.029784065524944156,17.65,1 in 33
league_en,WHU - EVE,CS 1-3,CS,45.7,0.025716385011021307,17.52,1 in 38
league_en,AST - MNU,HT/FT 1/2,HTFT,64.1,0.018328445747800588,17.49,1 in 54
league_en,EVE - SUN,HT/FT 2/X,HTFT,13.8,0.0851063829787234,17.45,1 in 11
league_en,WHU - FUL,Exact 5,ExactGoals,12.2,0.09625275532696546,17.43,1 in 10
league_en,CRY - BUR,HT CS 0-3,HTCS,58.4,0.020104244229337303,17.41,1 in 49
league_en,BHA - MNC,CS 3-1,CS,25.6,0.04585798816568047,17.4,1 in 21
league_en,BOU - ARS,HT CS 3-0,HTCS,114.0,0.010294117647058823,17.35,1 in 97
league_en,BRE - FUL,CS 2-3,CS,46.8,0.025073746312684365,17.35,1 in 39
league_en,CHE - AST,HT CS 3-0,HTCS,36.2,0.03240058910162003,17.29,1 in 30
league_en,BRE - TOT,CS 4-2,CS,54.8,0.021402214022140223,17.28,1 in 46
league_en,ARS - BOU,CS 4-1,CS,23.1,0.05077262693156733,17.28,1 in 19
league_en,NEW - TOT,HT/FT 2/1,HTFT,33.8,0.03468634686346864,17.24,1 in 28
league_en,CHE - TOT,HT/FT 2/1,HTFT,37.0,0.03168754605747973,17.24,1 in 31
league_en,BOU - CHE,HT CS 1-0,HTCS,10.2,0.11489992587101557,17.2,1 in 8
league_en,FUL - EVE,CS 2-2,CS,15.7,0.07464892830746489,17.2,1 in 13
league_en,BOU - MNU,HT CS 0-3,HTCS,45.3,0.025868440502586843,17.18,1 in 38
league_en,TOT - FUL,HT CS 2-1,HTCS,19.9,0.05886681383370125,17.14,1 in 16
league_en,NEW - LIV,CS 2-4,CS,100.0,0.01171303074670571,17.13,1 in 85
league_en,BHA - FUL,CS 3-3,CS,61.3,0.019103600293901544,17.11,1 in 52
league_en,NOT - LIV,CS 2-3,CS,28.4,0.041237113402061855,17.11,1 in 24
league_en,AST - MNC,CS 1-4,CS,112.0,0.010455563853622106,17.1,1 in 95
league_en,TOT - NEW,HT/FT 1/2,HTFT,34.5,0.03392330383480826,17.04,1 in 29
league_en,BHA - EVE,HT/FT 2/1,HTFT,42.6,0.02746844840386043,17.02,1 in 36
league_en,TOT - FUL,HT CS 0-3,HTCS,51.3,0.022810890360559236,17.02,1 in 43
league_en,BOU - EVE,HT CS 0-3,HTCS,83.7,0.013980868285504048,17.02,1 in 71
league_en,BHA - CRY,CS 1-5,CS,527.0,0.0022205773501110288,17.02,1 in 450
league_en,BOU - NEW,HT CS 3-0,HTCS,114.0,0.010263929618768328,17.01,1 in 97
league_en,BOU - CHE,HT CS 3-0,HTCS,263.0,0.004447739065974796,16.98,1 in 224
league_en,WOL - CRY,CS 2-3,CS,61.0,0.019174041297935103,16.96,1 in 52
league_en,CHE - CRY,CS 6-0,CS,66.1,0.017673048600883652,16.82,1 in 56
league_en,EVE - CHE,CS 0-6,CS,262.0,0.004457652303120356,16.79,1 in 224
league_en,BRE - LEE,HT CS 1-2,HTCS,25.9,0.0450849963045085,16.77,1 in 22
league_en,WHU - FUL,CS 2-3,CS,45.4,0.025716385011021307,16.75,1 in 38
league_en,NEW - CHE,HT CS 3-0,HTCS,75.5,0.015463917525773196,16.75,1 in 64
league_en,CHE - LEE,CS 3-3,CS,98.8,0.011816838995568686,16.75,1 in 84
league_en,FUL - MNC,CS 3-1,CS,26.0,0.044885945548197206,16.7,1 in 22
league_en,EVE - MNU,HT/FT 1/X,HTFT,14.0,0.08333333333333333,16.67,1 in 12
league_en,AST - MNU,HT CS 2-1,HTCS,13.6,0.08577712609970674,16.66,1 in 11
league_en,FUL - WOL,HT/FT 2/X,HTFT,13.7,0.0851221317542561,16.62,1 in 11
league_en,AST - BHA,HT/FT X/2,HTFT,18.6,0.06268436578171091,16.59,1 in 15
league_en,ARS - AST,HT/FT X/2,HTFT,9.46,0.12324723247232472,16.59,1 in 8
league_en,BHA - WHU,CS 1-4,CS,83.2,0.014011799410029498,16.58,1 in 71
league_en,MNC - BUR,CS 1-3,CS,33.8,0.034482758620689655,16.55,1 in 29
league_en,NOT - BUR,CS 0-4,CS,122.0,0.009551800146950772,16.53,1 in 104
league_en,WHU - BUR,CS 3-2,CS,34.2,0.034048852701702444,16.45,1 in 29
league_en,MNC - EVE,CS 2-3,CS,61.0,0.01908957415565345,16.45,1 in 52
league_en,WOL - CHE,CS 2-4,CS,68.4,0.017024426350851222,16.45,1 in 58
league_en,SUN - CHE,CS 1-5,CS,68.8,0.01692420897718911,16.44,1 in 59
league_en,LIV - NOT,CS 3-3,CS,48.3,0.02410518626734843,16.43,1 in 41
league_en,WHU - BOU,CS 4-2,CS,87.7,0.01327433628318584,16.42,1 in 75
league_en,SUN - WHU,CS 1-4,CS,83.2,0.013991163475699559,16.41,1 in 71
league_en,NEW - AST,CS 5-1,CS,226.0,0.0051508462104488595,16.41,1 in 194
league_en,TOT - CHE,HT CS 3-0,HTCS,263.0,0.004424778761061947,16.37,1 in 226
league_en,BOU - LEE,CS 1-5,CS,393.0,0.0029607698001480384,16.36,1 in 337
league_en,SUN - CRY,CS 1-5,CS,527.0,0.002207505518763797,16.34,1 in 453
league_en,EVE - LEE,CS 1-5,CS,527.0,0.002207505518763797,16.34,1 in 453
league_en,BOU - TOT,HT CS 0-3,HTCS,105.0,0.011078286558345642,16.32,1 in 90
league_en,TOT - BOU,CS 0-2,CS,19.7,0.05904059040590406,16.31,1 in 16
league_en,SUN - EVE,CS 3-3,CS,65.9,0.01764705882352941,16.29,1 in 56
league_en,BOU - TOT,CS 0-5,CS,787.0,0.0014771048744460858,16.25,1 in 677
league_en,BHA - CRY,HT/FT 1/2,HTFT,60.4,0.01924500370096225,16.24,1 in 51
league_en,SUN - FUL,CS 4-0,CS,78.8,0.014749262536873156,16.22,1 in 67
league_en,BRE - WHU,HT CS 0-3,HTCS,121.0,0.009601181683899557,16.17,1 in 104
league_en,TOT - BOU,CS 0-5,CS,787.0,0.0014760147601476014,16.16,1 in 677
league_en,CRY - LEE,CS 1-5,CS,527.0,0.002204261572373255,16.16,1 in 453
league_en,NOT - CRY,HT/FT 2/1,HTFT,40.3,0.028824833702882482,16.16,1 in 34
league_en,TOT - BUR,CS 3-0,CS,47.8,0.024300441826215022,16.16,1 in 41
league_en,NOT - TOT,CS 5-0,CS,105.0,0.011061946902654867,16.15,1 in 90
league_en,BHA - NOT,CS 4-0,CS,78.8,0.014738393515106854,16.14,1 in 67
league_en,MNC - MNU,HT CS 0-3,HTCS,92.4,0.012564671101256468,16.1,1 in 79
league_en,TOT - LEE,CS 0-5,CS,524.0,0.0022156573116691287,16.1,1 in 451
league_en,AST - MNC,CS 3-2,CS,26.8,0.043315907393577296,16.09,1 in 23
league_en,BHA - LEE,CS 1-5,CS,527.0,0.0022026431718061676,16.08,1 in 453
league_en,NOT - EVE,CS 4-0,CS,46.6,0.02490842490842491,16.07,1 in 40
league_en,LEE - CRY,HT/FT 1/2,HTFT,60.4,0.019216555801921657,16.07,1 in 52
league_en,BRE - LIV,CS 5-1,CS,226.0,0.005135730007336757,16.07,1 in 194
league_en,SUN - BHA,CS 3-2,CS,36.0,0.03223443223443224,16.04,1 in 31
league_en,FUL - CHE,Exact 0,ExactGoals,16.7,0.06947524020694752,16.02,1 in 14
league_en,FUL - CHE,CS 0-0,CS,16.7,0.06947524020694752,16.02,1 in 14
league_en,FUL - BOU,CS 1-4,CS,262.0,0.004428044280442804,16.01,1 in 225
league_en,WHU - WOL,CS 3-0,CS,37.4,0.0310192023633678,16.01,1 in 32
league_en,MNC - BOU,HT/FT 2/1,HTFT,34.8,0.03333333333333333,16.0,1 in 30
league_en,MNC - WOL,CS 2-4,CS,112.0,0.010355029585798817,15.98,1 in 96
league_en,LIV - WOL,CS 1-4,CS,112.0,0.010355029585798817,15.98,1 in 96
league_en,FUL - EVE,CS 4-2,CS,92.3,0.012564671101256468,15.97,1 in 79
league_en,WOL - BHA,Exact 0,ExactGoals,13.2,0.08782287822878229,15.93,1 in 11
league_en,WOL - BHA,CS 0-0,CS,13.2,0.08782287822878229,15.93,1 in 11
league_en,SUN - BUR,HT/FT 2/1,HTFT,47.8,0.024246877296105803,15.9,1 in 41
league_en,MNU - AST,HT CS 0-3,HTCS,49.2,0.0235467255334805,15.85,1 in 42
league_en,BUR - BRE,CS 1-5,CS,225.0,0.005147058823529412,15.81,1 in 194
league_en,NOT - LEE,CS 4-2,CS,92.3,0.012546125461254613,15.8,1 in 79
league_en,SUN - MNU,HT/FT 1/2,HTFT,43.8,0.02643171806167401,15.77,1 in 37
league_en,TOT - MNU,Exact 6,ExactGoals,20.9,0.055391432791728215,15.77,1 in 18
league_en,TOT - MNU,CS 2-4,CS,82.5,0.014032496307237814,15.77,1 in 71
league_en,BRE - MNC,CS 4-1,CS,47.5,0.024372230428360415,15.77,1 in 41
league_en,SUN - LIV,CS 2-3,CS,25.3,0.045756457564575644,15.76,1 in 21
league_en,BHA - LEE,HT/FT 2/1,HTFT,42.6,0.027165932452276064,15.73,1 in 36
league_en,BHA - CHE,CS 3-2,CS,75.0,0.015429831006612785,15.72,1 in 64
league_en,SUN - CHE,CS 0-6,CS,262.0,0.004415011037527594,15.67,1 in 226
league_en,FUL - MNC,HT CS 0-3,HTCS,52.4,0.02207505518763797,15.67,1 in 45
league_en,WHU - TOT,Exact 0,ExactGoals,9.47,0.12214863870493009,15.67,1 in 8
league_en,WHU - TOT,CS 0-0,CS,9.47,0.12214863870493009,15.67,1 in 8
league_en,BHA - WOL,CS 3-0,CS,38.2,0.030280649926144758,15.67,1 in 33
league_en,AST - BOU,CS 4-2,CS,54.0,0.02141802067946824,15.66,1 in 46
league_en,MNU - NEW,CS 4-1,CS,78.3,0.014771048744460856,15.66,1 in 67
league_en,NOT - NEW,CS 2-2,CS,12.6,0.0917838638045892,15.65,1 in 10
league_en,BUR - ARS,HT CS 0-3,HTCS,56.4,0.020497803806734993,15.61,1 in 48
league_en,NEW - NOT,HT/FT 1/2,HTFT,65.6,0.01762114537444934,15.59,1 in 56
league_en,TOT - SUN,CS 1-5,CS,393.0,0.0029411764705882353,15.59,1 in 340
league_en,MNU - BHA,CS 3-2,CS,29.5,0.03917220990391722,15.56,1 in 25
league_en,EVE - WOL,CS 4-2,CS,104.0,0.011111111111111112,15.56,1 in 90
league_en,BHA - TOT,HT/FT 1/2,HTFT,71.1,0.01624815361890694,15.52,1 in 61
league_en,TOT - BHA,CS 3-1,CS,22.7,0.05088495575221239,15.51,1 in 19
league_en,NEW - CHE,CS 1-4,CS,50.6,0.022827687776141383,15.51,1 in 43
league_en,BOU - CRY,CS 1-5,CS,393.0,0.0029390154298310064,15.5,1 in 340
league_en,BOU - FUL,CS 2-3,CS,31.3,0.03690036900369004,15.5,1 in 27
league_en,BRE - BUR,CS 0-5,CS,779.0,0.0014825796886582653,15.49,1 in 674
league_en,NOT - WHU,CS 4-1,CS,55.8,0.020694752402069475,15.48,1 in 48
league_en,LEE - WOL,CS 4-2,CS,104.0,0.011102886750555145,15.47,1 in 90
league_en,BUR - CHE,CS 4-0,CS,224.0,0.005154639175257732,15.46,1 in 194
league_en,BRE - AST,CS 0-6,CS,1568.0,0.0007363770250368188,15.46,1 in 1358
league_en,SUN - CHE,HT CS 0-3,HTCS,21.2,0.054451802796173655,15.44,1 in 18
league_en,CHE - BUR,CS 4-2,CS,42.4,0.027225901398086828,15.44,1 in 36
league_en,NOT - WHU,HT/FT 2/1,HTFT,41.1,0.028085735402808575,15.43,1 in 35
league_en,LEE - MNC,HT CS 0-2,HTCS,11.4,0.10125646711012565,15.43,1 in 9
league_en,WHU - CHE,CS 1-4,CS,30.1,0.038348082595870206,15.43,1 in 26
league_en,BOU - BUR,CS 5-1,CS,391.0,0.002952029520295203,15.42,1 in 338
league_en,MNC - ARS,CS 4-2,CS,86.6,0.013323464100666173,15.38,1 in 75
league_en,CHE - CRY,HT CS 1-2,HTCS,37.3,0.030927835051546393,15.36,1 in 32
league_en,CRY - WOL,HT/FT 1/X,HTFT,13.6,0.08480825958702065,15.34,1 in 11
league_en,WOL - LIV,HT/FT 1/2,HTFT,47.5,0.024282560706401765,15.34,1 in 41
league_en,CHE - EVE,HT/FT 2/X,HTFT,24.9,0.046289493019838354,15.26,1 in 21
league_en,LIV - WOL,CS 0-5,CS,779.0,0.0014792899408284023,15.24,1 in 676
league_en,WHU - NOT,CS 0-4,CS,156.0,0.007385524372230428,15.21,1 in 135
league_en,LIV - EVE,HT/FT 2/1,HTFT,31.9,0.03610906411201179,15.19,1 in 27
league_en,MNU - NOT,CS 4-2,CS,78.1,0.014738393515106854,15.11,1 in 67
league_en,MNC - MNU,CS 0-4,CS,173.0,0.0066518847006651885,15.08,1 in 150
league_en,BUR - EVE,HT CS 3-0,HTCS,27.8,0.04138950480413895,15.06,1 in 24
league_en,LEE - NEW,HT/FT 2/X,HTFT,12.4,0.09278350515463918,15.05,1 in 10
league_en,FUL - NEW,CS 4-0,CS,130.0,0.008849557522123894,15.04,1 in 113
league_en,WHU - NEW,CS 4-0,CS,130.0,0.008849557522123894,15.04,1 in 113
league_en,BRE - LIV,CS 0-6,CS,1568.0,0.0007336757153338225,15.04,1 in 1363
league_en,ARS - CRY,CS 2-4,CS,222.0,0.0051813471502590676,15.03,1 in 193
league_en,WOL - TOT,HT/FT X/2,HTFT,20.3,0.05665930831493746,15.02,1 in 17
league_en,NEW - WHU,HT/FT X/2,HTFT,13.8,0.08333333333333333,15.0,1 in 12
league_en,WOL - MNU,CS 0-4,CS,173.0,0.0066469719350073855,14.99,1 in 150
league_en,NEW - NOT,HT/FT 1/X,HTFT,14.5,0.07929515418502203,14.98,1 in 12
league_en,BOU - CHE,HT/FT 1/1,HTFT,14.1,0.08154188287620459,14.97,1 in 12
league_en,NEW - BHA,CS 1-4,CS,222.0,0.005177514792899409,14.94,1 in 193
league_en,FUL - EVE,Exact 6,ExactGoals,28.8,0.03991130820399113,14.94,1 in 25
league_en,MNC - BOU,CS 1-3,CS,86.2,0.013333333333333334,14.93,1 in 75
league_en,CRY - TOT,CS 4-2,CS,91.8,0.012518409425625921,14.92,1 in 79
league_en,LEE - MNC,Exact 0,ExactGoals,11.6,0.09903917220990392,14.89,1 in 10
league_en,LEE - MNC,CS 0-0,CS,11.6,0.09903917220990392,14.89,1 in 10
league_en,SUN - BRE,CS 0-4,CS,65.0,0.017673048600883652,14.87,1 in 56
league_en,BOU - AST,Exact 0,ExactGoals,12.3,0.09338235294117647,14.86,1 in 10
league_en,BOU - AST,CS 0-0,CS,12.3,0.09338235294117647,14.86,1 in 10
league_en,CHE - AST,HT/FT 2/X,HTFT,13.8,0.08321060382916053,14.83,1 in 12
league_en,EVE - BUR,CS 4-1,CS,74.4,0.015429831006612785,14.8,1 in 64
league_en,NEW - LIV,CS 0-6,CS,1568.0,0.0007320644216691069,14.79,1 in 1366
league_en,LEE - TOT,HT CS 1-2,HTCS,30.0,0.03826342899190582,14.79,1 in 26
league_en,ARS - BUR,CS 6-0,CS,520.0,0.002207505518763797,14.79,1 in 453
league_en,BOU - EVE,CS 0-4,CS,130.0,0.008830022075055188,14.79,1 in 113
league_en,EVE - NEW,CS 0-4,CS,65.0,0.017660044150110375,14.79,1 in 56
league_en,NEW - MNU,CS 0-3,CS,57.9,0.019823788546255508,14.78,1 in 50
league_en,NEW - LIV,CS 4-0,CS,87.1,0.013177159590043924,14.77,1 in 75
league_en,BRE - CRY,CS 0-3,CS,111.0,0.0103397341211226,14.77,1 in 96
league_en,NOT - LEE,Exact 6,ExactGoals,28.8,0.03985239852398524,14.77,1 in 25
league_en,CHE - NEW,CS 0-4,CS,259.0,0.004431314623338257,14.77,1 in 225
league_en,TOT - CRY,HT/FT 2/1,HTFT,44.4,0.0258493353028065,14.77,1 in 38
league_en,LEE - ARS,CS 3-2,CS,39.9,0.028761061946902654,14.76,1 in 34
league_en,LEE - SUN,HT CS 2-1,HTCS,19.8,0.05796038151137197,14.76,1 in 17
league_en,MNU - LEE,Exact 6,ExactGoals,21.9,0.05239852398523985,14.75,1 in 19
league_en,BRE - EVE,CS 3-3,CS,55.6,0.020633750921149593,14.72,1 in 48
league_en,MNU - WHU,CS 6-0,CS,520.0,0.0022058823529411764,14.71,1 in 453
league_en,CRY - MNC,CS 4-2,CS,104.0,0.011029411764705883,14.71,1 in 90
league_en,ARS - BHA,CS 2-4,CS,222.0,0.0051660516605166054,14.69,1 in 193
league_en,WOL - MNC,CS 4-2,CS,82.2,0.013950073421439061,14.67,1 in 71
league_en,BRE - NEW,CS 0-3,CS,38.0,0.03016924208977189,14.64,1 in 33
league_en,MNC - NOT,CS 3-1,CS,15.4,0.07442888725128961,14.62,1 in 13
league_en,LIV - WHU,HT CS 0-1,HTCS,7.45,0.15384615384615385,14.62,1 in 6
league_en,LIV - FUL,CS 0-5,CS,1553.0,0.0007380073800738007,14.61,1 in 1355
league_en,TOT - BHA,HT/FT 2/1,HTFT,44.4,0.025811209439528023,14.6,1 in 38
league_en,LIV - WOL,CS 4-0,CS,48.4,0.023668639053254437,14.56,1 in 42
league_en,WOL - BHA,Exact 6,ExactGoals,18.7,0.061254612546125464,14.55,1 in 16
league_en,BRE - LEE,CS 2-3,CS,57.4,0.019955654101995565,14.55,1 in 50
league_en,NEW - EVE,CS 1-4,CS,222.0,0.005158437730287398,14.52,1 in 193
league_en,WOL - EVE,CS 0-2,CS,37.0,0.030950626381724394,14.52,1 in 32
league_en,ARS - EVE,CS 2-4,CS,222.0,0.005158437730287398,14.52,1 in 193
league_en,ARS - WOL,CS 6-0,CS,778.0,0.0014716703458425313,14.5,1 in 679
league_en,WHU - ARS,HT/FT 1/2,HTFT,39.9,0.02869757174392936,14.5,1 in 34
league_en,BOU - WOL,CS 4-0,CS,173.0,0.006617647058823529,14.49,1 in 151
league_en,NEW - LEE,HT/FT 1/2,HTFT,82.0,0.013960323291697281,14.47,1 in 71
league_en,MNC - BUR,HT CS 1-2,HTCS,20.8,0.055025678650036686,14.45,1 in 18
league_en,FUL - SUN,Exact 6,ExactGoals,28.8,0.039735099337748346,14.44,1 in 25
league_en,BRE - ARS,HT/FT 2/1,HTFT,39.9,0.028676470588235293,14.42,1 in 34
league_en,NOT - BOU,CS 2-3,CS,70.2,0.016296296296296295,14.4,1 in 61
league_en,BOU - MNU,CS 3-3,CS,46.9,0.024390243902439025,14.39,1 in 41
league_en,CHE - FUL,CS 0-1,CS,24.6,0.04649446494464945,14.38,1 in 21
league_en,BHA - BUR,CS 4-1,CS,74.4,0.015373352855051245,14.38,1 in 65
league_en,CHE - LIV,HT CS 3-0,HTCS,36.2,0.03159441587068332,14.37,1 in 31
league_en,MNU - AST,CS 1-4,CS,55.5,0.020603384841795438,14.35,1 in 48
league_en,BUR - SUN,HT/FT X/2,HTFT,15.2,0.0752212389380531,14.34,1 in 13
league_en,MNC - AST,HT CS 3-0,HTCS,58.1,0.01967930029154519,14.34,1 in 50
league_en,FUL - BHA,CS 4-1,CS,45.7,0.025018395879323033,14.33,1 in 39
league_en,AST - BOU,HT/FT 1/X,HTFT,23.1,0.04948301329394387,14.31,1 in 20
league_en,TOT - CRY,HT CS 2-1,HTCS,21.2,0.05391432791728213,14.3,1 in 18
league_en,MNC - AST,HT CS 1-2,HTCS,20.1,0.056851311953352766,14.27,1 in 17
league_en,BRE - SUN,CS 1-4,CS,222.0,0.005147058823529412,14.26,1 in 194
league_en,FUL - TOT,HT CS 1-2,HTCS,35.5,0.03218727139722019,14.26,1 in 31
league_en,AST - BOU,CS 3-3,CS,119.0,0.009601181683899557,14.25,1 in 104
league_en,WOL - NOT,CS 0-3,CS,73.8,0.015475313190862197,14.21,1 in 64
league_en,BHA - NOT,CS 4-1,CS,59.6,0.01915991156963891,14.19,1 in 52
league_en,FUL - MNU,HT CS 0-3,HTCS,77.3,0.014771048744460856,14.18,1 in 67
league_en,NOT - AST,CS 4-2,CS,128.0,0.008915304606240713,14.12,1 in 112
league_en,SUN - BHA,HT CS 0-2,HTCS,17.9,0.06373626373626373,14.09,1 in 15
league_en,ARS - LIV,HT CS 2-1,HTCS,18.2,0.06268436578171091,14.09,1 in 15
league_en,LIV - LEE,CS 2-3,CS,59.1,0.019302152932442463,14.08,1 in 51
league_en,BUR - WHU,CS 5-1,CS,129.0,0.008843036109064112,14.08,1 in 113
league_en,EVE - NOT,CS 0-3,CS,38.5,0.02962962962962963,14.07,1 in 33
league_en,SUN - BHA,HT CS 3-0,HTCS,51.9,0.02197802197802198,14.07,1 in 45
league_en,AST - CRY,CS 3-3,CS,64.3,0.017738359201773836,14.06,1 in 56
league_en,BHA - NEW,CS 2-4,CS,73.7,0.015475313190862197,14.05,1 in 64
league_en,LEE - TOT,Exact 6,ExactGoals,28.7,0.039735099337748346,14.04,1 in 25
league_en,CHE - NOT,HT CS 3-0,HTCS,14.9,0.07652685798381163,14.03,1 in 13
league_en,BRE - WOL,CS 6-0,CS,778.0,0.0014652014652014652,13.99,1 in 682
league_en,SUN - BRE,CS 2-4,CS,73.7,0.015463917525773196,13.97,1 in 64
league_en,LIV - EVE,HT/FT 1/2,HTFT,85.9,0.013264554163596167,13.94,1 in 75
league_en,LEE - CHE,CS 4-2,CS,259.0,0.004398826979472141,13.93,1 in 227
league_en,CHE - AST,HT/FT X/2,HTFT,11.9,0.09572901325478646,13.92,1 in 10
league_en,MNU - TOT,CS 5-1,CS,73.4,0.015521064301552107,13.92,1 in 64
league_en,CHE - BUR,CS 1-4,CS,258.0,0.004415011037527594,13.91,1 in 226
league_en,LEE - WHU,HT/FT 1/2,HTFT,50.0,0.022777369581190303,13.89,1 in 43
league_en,BHA - FUL,HT/FT 1/2,HTFT,50.0,0.022777369581190303,13.89,1 in 43
league_en,EVE - NEW,CS 2-4,CS,73.7,0.01545253863134658,13.89,1 in 64
league_en,MNC - AST,CS 1-3,CS,25.2,0.04518950437317784,13.88,1 in 22
league_en,NOT - LIV,Over 4.5,OU,7.06,0.16126656848306334,13.85,1 in 6
league_en,NEW - SUN,HT CS 3-0,HTCS,22.1,0.051508462104488596,13.83,1 in 19
league_en,BHA - CHE,Home Win,1X2,7.63,0.14915503306392358,13.81,1 in 6
league_en,BRE - LEE,CS 4-2,CS,53.1,0.021433850702143386,13.81,1 in 46
league_en,ARS - LEE,CS 2-3,CS,57.4,0.019823788546255508,13.79,1 in 50
league_en,CHE - WHU,CS 0-3,CS,193.0,0.0058953574060427415,13.78,1 in 169
league_en,MNU - SUN,CS 3-3,CS,69.6,0.01634472511144131,13.76,1 in 61
league_en,ARS - TOT,CS 1-4,CS,385.0,0.0029542097488921715,13.74,1 in 338
league_en,NEW - CRY,CS 5-0,CS,72.9,0.015601783060921248,13.74,1 in 64
league_en,MNU - NOT,Exact 6,ExactGoals,24.5,0.04642593957258659,13.74,1 in 21
league_en,CHE - FUL,HT/FT X/2,HTFT,23.0,0.04944649446494465,13.73,1 in 20
league_en,SUN - LIV,CS 3-1,CS,33.5,0.03394833948339483,13.73,1 in 29
league_en,LIV - EVE,CS 3-3,CS,64.3,0.017686072218128224,13.72,1 in 56
league_en,ARS - TOT,CS 0-3,CS,171.0,0.0066469719350073855,13.66,1 in 150
league_en,LIV - BOU,Exact 6,ExactGoals,17.1,0.06646971935007386,13.66,1 in 15
league_en,LIV - EVE,CS 0-4,CS,514.0,0.002210759027266028,13.63,1 in 452
league_en,FUL - WHU,CS 0-3,CS,47.9,0.023721275018532245,13.62,1 in 42
league_en,FUL - BOU,CS 2-2,CS,17.9,0.06346863468634686,13.61,1 in 15
league_en,WHU - FUL,HT/FT 1/X,HTFT,13.1,0.0867009551800147,13.58,1 in 11
league_en,BRE - TOT,CS 0-3,CS,171.0,0.006642066420664207,13.58,1 in 150
league_en,BHA - WHU,CS 2-3,CS,38.5,0.029498525073746312,13.57,1 in 33
league_en,EVE - SUN,CS 3-2,CS,36.0,0.03154805575935436,13.57,1 in 31
league_en,FUL - NEW,CS 1-4,CS,53.1,0.021386430678466076,13.56,1 in 46
league_en,FUL - MNU,HT/FT 1/X,HTFT,14.5,0.07828655834564253,13.52,1 in 12
league_en,BUR - WOL,HT CS 2-1,HTCS,18.6,0.06102941176470588,13.51,1 in 16
league_en,WHU - EVE,CS 3-2,CS,35.1,0.03232916972814107,13.48,1 in 30
league_en,TOT - BOU,CS 3-1,CS,20.5,0.055350553505535055,13.47,1 in 18
league_en,NEW - CHE,CS 4-1,CS,85.6,0.013254786450662739,13.46,1 in 75
league_en,LIV - BOU,HT/FT X/2,HTFT,24.0,0.047267355982274745,13.44,1 in 21
league_en,WOL - ARS,HT/FT 1/X,HTFT,13.7,0.0827790096082779,13.41,1 in 12
league_en,LIV - BRE,HT/FT 1/X,HTFT,12.4,0.09144542772861357,13.39,1 in 10
league_en,CRY - ARS,Exact 0,ExactGoals,11.7,0.09691629955947137,13.39,1 in 10
league_en,CRY - ARS,CS 0-0,CS,11.7,0.09691629955947137,13.39,1 in 10
league_en,CHE - FUL,Away Win,1X2,7.96,0.14243542435424356,13.38,1 in 7
league_en,CHE - BUR,CS 3-3,CS,64.2,0.017660044150110375,13.38,1 in 56
league_en,AST - CHE,CS 4-0,CS,96.0,0.011808118081180811,13.36,1 in 84
league_en,MNC - NEW,CS 2-3,CS,36.4,0.031134173461823574,13.33,1 in 32
league_en,MNC - NEW,CS 4-1,CS,58.8,0.01927353595255745,13.33,1 in 51
league_en,CRY - MNU,CS 2-4,CS,96.4,0.011756061719324026,13.33,1 in 85
league_en,LEE - TOT,CS 0-3,CS,70.0,0.016188373804267846,13.32,1 in 61
league_en,EVE - BHA,HT/FT X/2,HTFT,10.9,0.10395314787701318,13.31,1 in 9
league_en,NOT - EVE,CS 0-3,CS,70.3,0.01611721611721612,13.3,1 in 62
league_en,FUL - LIV,CS 2-4,CS,73.1,0.015498154981549815,13.29,1 in 64
league_en,NEW - MNC,CS 4-0,CS,61.4,0.01845018450184502,13.28,1 in 54
league_en,EVE - FUL,Exact 6,ExactGoals,23.7,0.04779411764705882,13.27,1 in 20
league_en,BOU - LEE,CS 5-0,CS,306.0,0.003700962250185048,13.25,1 in 270
league_en,LIV - ARS,HT/FT 2/1,HTFT,37.4,0.030280649926144758,13.25,1 in 33
league_en,WOL - ARS,HT/FT 2/1,HTFT,41.4,0.027346637102734665,13.22,1 in 36
league_en,NOT - AST,CS 3-0,CS,50.8,0.022288261515601784,13.22,1 in 44
league_en,ARS - CRY,CS 3-1,CS,13.3,0.0851221317542561,13.21,1 in 11
league_en,MNC - LEE,CS 5-1,CS,73.1,0.015486725663716814,13.21,1 in 64
league_en,BOU - WOL,HT CS 2-0,HTCS,17.9,0.06323529411764706,13.19,1 in 15
league_en,LEE - NEW,HT CS 3-0,HTCS,80.9,0.013991163475699559,13.19,1 in 71
league_en,FUL - WOL,Exact 0,ExactGoals,11.0,0.10288675055514433,13.18,1 in 9
league_en,FUL - WOL,CS 0-0,CS,11.0,0.10288675055514433,13.18,1 in 9
league_en,CRY - LEE,CS 3-1,CS,21.1,0.05363703159441587,13.17,1 in 18
league_en,BRE - NEW,HT CS 2-1,HTCS,16.9,0.06696100073583518,13.16,1 in 14
league_en,EVE - MNC,HT/FT 2/1,HTFT,47.7,0.023721275018532245,13.15,1 in 42
league_en,EVE - ARS,CS 4-1,CS,95.4,0.011860637509266123,13.15,1 in 84
league_en,MNU - EVE,CS 3-2,CS,29.5,0.038348082595870206,13.13,1 in 26
league_en,CHE - SUN,CS 1-2,CS,30.5,0.037091988130563795,13.13,1 in 26
league_en,LIV - NEW,HT/FT 1/2,HTFT,54.3,0.020833333333333332,13.12,1 in 48
league_en,MNU - LEE,CS 0-3,CS,95.8,0.011808118081180811,13.12,1 in 84
league_en,WHU - SUN,HT CS 1-2,HTCS,30.1,0.03758290346352248,13.12,1 in 26
league_en,FUL - NOT,Exact 5,ExactGoals,12.2,0.09271523178807947,13.11,1 in 10
league_en,AST - BOU,HT CS 0-2,HTCS,46.4,0.024372230428360415,13.09,1 in 41
league_en,CRY - WHU,CS 2-4,CS,118.0,0.009579955784819455,13.04,1 in 104
league_en,WHU - MNC,Exact 6,ExactGoals,21.7,0.052090975788701394,13.04,1 in 19
league_en,BOU - WOL,CS 2-1,CS,14.1,0.08014705882352942,13.01,1 in 12
league_en,MNU - MNC,CS 4-1,CS,59.1,0.01911764705882353,12.99,1 in 52
league_en,BUR - CRY,CS 1-3,CS,53.1,0.02127659574468085,12.98,1 in 47
league_en,EVE - MNC,HT/FT 1/2,HTFT,40.1,0.028169014084507043,12.96,1 in 35
league_en,MNC - BOU,HT CS 0-2,HTCS,39.1,0.028888888888888888,12.96,1 in 34
league_en,LIV - CHE,CS 1-3,CS,19.8,0.05703703703703704,12.93,1 in 17
league_en,WHU - CRY,HT/FT X/1,HTFT,6.76,0.1670362158167036,12.92,1 in 5
league_en,BRE - TOT,HT/FT X/2,HTFT,20.4,0.055350553505535055,12.92,1 in 18
league_en,BHA - CHE,HT/FT 1/1,HTFT,12.1,0.09331373989713446,12.91,1 in 10
league_en,LIV - SUN,Exact 6,ExactGoals,16.5,0.0684326710816777,12.91,1 in 14
league_en,NOT - LIV,Exact 6,ExactGoals,19.4,0.05817378497790869,12.86,1 in 17
league_en,ARS - BRE,HT/FT 1/2,HTFT,47.5,0.023756495916852263,12.84,1 in 42
league_en,WOL - LEE,Exact 6,ExactGoals,18.7,0.06033848417954378,12.83,1 in 16
league_en,MNC - WOL,HT CS 2-0,HTCS,11.3,0.09985207100591716,12.83,1 in 10
league_en,BRE - EVE,CS 5-0,CS,72.9,0.015475313190862197,12.82,1 in 64
league_en,NOT - BOU,HT/FT 1/2,HTFT,84.6,0.013333333333333334,12.8,1 in 75
league_en,EVE - ARS,Exact 0,ExactGoals,11.7,0.09636767976278725,12.75,1 in 10
league_en,EVE - ARS,CS 0-0,CS,11.7,0.09636767976278725,12.75,1 in 10
league_en,BRE - FUL,CS 3-3,CS,54.6,0.02064896755162242,12.74,1 in 48
league_en,AST - SUN,CS 2-3,CS,59.1,0.019075568598679385,12.74,1 in 52
league_en,MNU - TOT,HT/FT 1/2,HTFT,95.3,0.011825572801182557,12.7,1 in 84
league_en,WHU - BUR,HT/FT 1/X,HTFT,14.5,0.07772020725388601,12.69,1 in 12
league_en,EVE - CHE,HT/FT X/1,HTFT,23.7,0.0475482912332838,12.69,1 in 21
league_en,FUL - BOU,HT CS 0-2,HTCS,28.8,0.03911439114391144,12.65,1 in 25
league_en,NEW - EVE,CS 1-3,CS,56.6,0.01989683124539425,12.62,1 in 50
league_en,MNC - WHU,CS 4-0,CS,38.2,0.029476787030213707,12.6,1 in 33
league_en,TOT - NOT,HT/FT 2/X,HTFT,13.9,0.08100147275405008,12.59,1 in 12
league_en,FUL - ARS,CS 4-2,CS,117.0,0.009622501850481125,12.58,1 in 103
league_en,ARS - LIV,CS 4-1,CS,63.6,0.017699115044247787,12.57,1 in 56
league_en,WHU - BHA,CS 2-3,CS,58.9,0.019103600293901544,12.52,1 in 52
league_en,LIV - TOT,HT/FT 2/X,HTFT,23.1,0.04870848708487085,12.52,1 in 20
league_en,AST - NEW,CS 3-0,CS,23.8,0.047267355982274745,12.5,1 in 21
league_en,BUR - ARS,Exact 5,ExactGoals,11.3,0.09956076134699854,12.5,1 in 10
league_en,BRE - LIV,CS 1-4,CS,69.7,0.016140865737344093,12.5,1 in 61
league_en,LIV - MNU,HT/FT 2/1,HTFT,33.1,0.033973412112259974,12.45,1 in 29
league_en,WHU - TOT,HT CS 2-1,HTCS,19.1,0.05886681383370125,12.44,1 in 16
league_en,FUL - WOL,Exact 6,ExactGoals,21.7,0.05181347150259067,12.44,1 in 19
league_en,SUN - EVE,Exact 6,ExactGoals,27.3,0.041176470588235294,12.41,1 in 24
league_en,ARS - LEE,CS 5-0,CS,72.9,0.015418502202643172,12.4,1 in 64
league_en,LEE - NEW,CS 4-1,CS,95.4,0.011782032400589101,12.4,1 in 84
league_en,FUL - BOU,HT/FT 1/2,HTFT,84.6,0.013284132841328414,12.38,1 in 75
league_en,WOL - BUR,CS 0-1,CS,13.9,0.08082292432035268,12.34,1 in 12
league_en,WOL - BUR,CS 2-4,CS,139.0,0.008082292432035268,12.34,1 in 123
league_en,BOU - TOT,CS 0-3,CS,50.7,0.022156573116691284,12.33,1 in 45
league_en,MNU - WOL,CS 2-4,CS,117.0,0.009601181683899557,12.33,1 in 104
league_en,BHA - TOT,CS 2-3,CS,58.5,0.019202363367799114,12.33,1 in 52
league_en,EVE - NEW,CS 4-1,CS,95.4,0.01177336276674025,12.32,1 in 84
league_en,LIV - LEE,CS 4-2,CS,48.8,0.02301410541945063,12.31,1 in 43
league_en,FUL - BRE,HT/FT 1/X,HTFT,13.9,0.08080059303187546,12.31,1 in 12
league_en,MNU - NOT,HT/FT X/2,HTFT,12.7,0.08843036109064112,12.31,1 in 11
league_en,BRE - LIV,CS 2-3,CS,35.6,0.03154805575935436,12.31,1 in 31
league_en,NOT - TOT,HT/FT 1/2,HTFT,84.6,0.01327433628318584,12.3,1 in 75
league_en,WHU - CRY,HT/FT 1/X,HTFT,15.5,0.07243163340724317,12.27,1 in 13
league_en,BOU - BRE,HT/FT X/1,HTFT,13.6,0.08253500368459837,12.25,1 in 12
league_en,MNC - CRY,HT/FT 1/X,HTFT,15.5,0.07242136064374542,12.25,1 in 13
league_en,CHE - BOU,Exact 6,ExactGoals,13.3,0.08437270726338958,12.22,1 in 11
league_en,BOU - WOL,CS 3-0,CS,54.5,0.020588235294117647,12.21,1 in 48
league_en,TOT - FUL,CS 5-1,CS,305.0,0.003679175864606328,12.21,1 in 271
league_en,BUR - TOT,CS 0-3,CS,138.0,0.008130081300813009,12.2,1 in 122
league_en,WOL - FUL,CS 4-0,CS,38.2,0.02936857562408223,12.19,1 in 34
league_en,EVE - BOU,CS 3-0,CS,18.3,0.061299852289512555,12.18,1 in 16
league_en,WOL - BHA,HT/FT 1/2,HTFT,84.4,0.013284132841328414,12.12,1 in 75
league_en,LIV - MNC,HT/FT 1/2,HTFT,58.3,0.019230769230769232,12.12,1 in 52
league_en,NEW - BUR,CS 4-1,CS,39.8,0.028169014084507043,12.11,1 in 35
league_en,BRE - WHU,HT/FT 2/1,HTFT,34.5,0.03249630723781388,12.11,1 in 30
league_en,BOU - BUR,CS 0-5,CS,217.0,0.0051660516605166054,12.1,1 in 193
league_en,BOU - BUR,HT/FT X/2,HTFT,7.83,0.14317343173431735,12.1,1 in 6
league_en,BUR - AST,CS 5-1,CS,304.0,0.003687315634218289,12.09,1 in 271
league_en,AST - MNU,HT CS 3-0,HTCS,27.3,0.04105571847507331,12.08,1 in 24
league_en,CRY - CHE,HT/FT 1/2,HTFT,25.4,0.04411764705882353,12.06,1 in 22
league_en,WHU - TOT,HT/FT 1/2,HTFT,84.6,0.013245033112582781,12.05,1 in 75
league_en,BHA - MNU,CS 3-3,CS,58.6,0.01911764705882353,12.03,1 in 52
league_en,CHE - FUL,HT/FT 2/2,HTFT,13.2,0.08487084870848709,12.03,1 in 11
league_en,CRY - BOU,HT/FT 2/X,HTFT,15.5,0.07227138643067847,12.02,1 in 13
league_en,LIV - CHE,CS 3-1,CS,24.0,0.04666666666666667,12.0,1 in 21
league_en,EVE - CRY,CS 2-3,CS,49.2,0.02276064610866373,11.98,1 in 43
league_en,TOT - WOL,HT/FT 1/2,HTFT,36.1,0.0310192023633678,11.98,1 in 32
league_en,NOT - LEE,HT CS 3-0,HTCS,38.9,0.028782287822878228,11.96,1 in 34
league_en,BHA - AST,CS 0-5,CS,138.0,0.008112094395280236,11.95,1 in 123
league_en,LIV - WOL,HT CS 0-3,HTCS,94.6,0.011834319526627219,11.95,1 in 84
league_en,BUR - WHU,Exact 6,ExactGoals,24.5,0.045689019896831246,11.94,1 in 21
league_en,MNC - ARS,CS 0-4,CS,108.0,0.010362694300518135,11.92,1 in 96
league_en,MNC - ARS,CS 2-4,CS,108.0,0.010362694300518135,11.92,1 in 96
league_en,BHA - CRY,CS 3-2,CS,36.0,0.031088082901554404,11.92,1 in 32
league_en,EVE - MNC,Exact 6,ExactGoals,20.4,0.05485544848035582,11.91,1 in 18
league_en,AST - NEW,CS 4-0,CS,60.6,0.01846381093057607,11.89,1 in 54
league_en,WHU - FUL,CS 3-2,CS,33.1,0.03379867744305658,11.87,1 in 29
league_en,WHU - BUR,CS 3-3,CS,65.7,0.017024426350851222,11.85,1 in 58
league_en,BRE - NEW,HT/FT 1/2,HTFT,47.5,0.0235467255334805,11.85,1 in 42
league_en,NOT - WHU,HT/FT 1/2,HTFT,58.2,0.019216555801921657,11.84,1 in 52
league_en,AST - FUL,Exact 6,ExactGoals,17.1,0.0653930933137399,11.82,1 in 15
league_en,LEE - BRE,CS 3-2,CS,39.9,0.028023598820058997,11.81,1 in 35
league_en,BRE - BUR,CS 5-1,CS,116.0,0.009636767976278725,11.79,1 in 103
league_en,AST - BRE,HT/FT 1/2,HTFT,54.3,0.020588235294117647,11.79,1 in 48
league_en,AST - BRE,CS 5-0,CS,190.0,0.0058823529411764705,11.76,1 in 170
league_en,WOL - AST,CS 1-3,CS,25.2,0.04434589800443459,11.75,1 in 22
league_en,MNU - NOT,HT/FT 2/1,HTFT,37.9,0.029476787030213707,11.72,1 in 33
league_en,BUR - NEW,CS 1-3,CS,22.1,0.05054945054945055,11.71,1 in 19
league_en,TOT - FUL,Exact 6,ExactGoals,22.0,0.05077262693156733,11.7,1 in 19
league_en,NOT - BOU,CS 3-2,CS,35.9,0.03111111111111111,11.69,1 in 32
league_en,BHA - NEW,CS 3-3,CS,43.3,0.025792188651436992,11.68,1 in 38
league_en,LEE - NOT,CS 3-2,CS,32.3,0.03455882352941177,11.62,1 in 28
league_en,BRE - LEE,HT/FT 2/X,HTFT,15.1,0.07390983000739099,11.6,1 in 13
league_en,LIV - FUL,HT/FT 1/2,HTFT,75.6,0.014760147601476014,11.59,1 in 67
league_en,MNC - SUN,CS 2-2,CS,14.2,0.07857672349888807,11.58,1 in 12
league_en,WOL - LIV,CS 3-3,CS,58.3,0.01913171449595291,11.54,1 in 52
league_en,LIV - WOL,CS 5-1,CS,116.0,0.009615384615384616,11.54,1 in 104
league_en,AST - WOL,CS 0-4,CS,190.0,0.00586940572267058,11.52,1 in 170
league_en,BUR - ARS,HT/FT 2/1,HTFT,47.6,0.02342606149341142,11.51,1 in 42
league_en,CRY - WOL,CS 0-5,CS,252.0,0.004424778761061947,11.5,1 in 226
league_en,AST - TOT,HT/FT X/2,HTFT,24.0,0.046460176991150445,11.5,1 in 21
league_en,MNC - LEE,CS 3-0,CS,13.5,0.08259587020648967,11.5,1 in 12
league_en,LIV - FUL,HT CS 1-2,HTCS,23.6,0.047232472324723246,11.47,1 in 21
league_en,EVE - SUN,CS 3-1,CS,21.1,0.05282465150403522,11.46,1 in 18
league_en,EVE - LIV,CS 0-5,CS,138.0,0.008076358296622614,11.45,1 in 123
league_en,AST - BOU,CS 6-0,CS,94.3,0.011816838995568686,11.43,1 in 84
league_en,MNC - CHE,HT/FT 2/X,HTFT,16.8,0.06632277081798084,11.42,1 in 15
league_en,LIV - NOT,Exact 0,ExactGoals,12.3,0.09057706355003653,11.41,1 in 11
league_en,LIV - NOT,CS 0-0,CS,12.3,0.09057706355003653,11.41,1 in 11
league_en,CHE - ARS,HT/FT 2/X,HTFT,14.8,0.07527675276752767,11.41,1 in 13
league_en,NEW - TOT,HT/FT X/2,HTFT,20.4,0.05461254612546126,11.41,1 in 18
league_en,ARS - BRE,CS 5-0,CS,250.0,0.004454342984409799,11.36,1 in 224
league_en,TOT - BOU,CS 4-0,CS,65.6,0.016974169741697416,11.35,1 in 58
league_en,BUR - CHE,CS 4-2,CS,189.0,0.005891016200294551,11.34,1 in 169
league_en,LEE - BHA,CS 2-4,CS,167.0,0.006666666666666667,11.33,1 in 150
league_en,CRY - LEE,CS 4-2,CS,101.0,0.011021307861866276,11.32,1 in 90
league_en,BOU - WOL,HT/FT 1/1,HTFT,6.03,0.18455882352941178,11.29,1 in 5
league_en,CRY - CHE,HT CS 1-0,HTCS,9.4,0.11838235294117647,11.28,1 in 8
league_en,CRY - BRE,Exact 6,ExactGoals,19.2,0.05796038151137197,11.28,1 in 17
league_en,NEW - WHU,HT/FT 1/2,HTFT,65.6,0.01696165191740413,11.27,1 in 58
league_en,WOL - ARS,HT CS 0-2,HTCS,14.2,0.07834441980783444,11.25,1 in 12
league_en,TOT - MNC,HT/FT 1/2,HTFT,36.1,0.030814380044020543,11.24,1 in 32
league_en,MNU - ARS,HT/FT 1/X,HTFT,14.2,0.07833089311859444,11.23,1 in 12
league_en,CHE - TOT,CS 1-2,CS,38.7,0.028739867354458364,11.22,1 in 34
league_en,LEE - SUN,CS 3-3,CS,65.9,0.016874541452677916,11.2,1 in 59
league_en,CRY - FUL,HT/FT 1/2,HTFT,50.0,0.02223869532987398,11.19,1 in 44
league_en,WHU - ARS,Exact 6,ExactGoals,21.9,0.05077262693156733,11.19,1 in 19
league_en,NOT - WOL,CS 4-0,CS,108.0,0.010294117647058823,11.18,1 in 97
league_en,CRY - CHE,HT/FT 2/1,HTFT,108.0,0.010294117647058823,11.18,1 in 97
league_en,ARS - LEE,HT CS 2-1,HTCS,13.4,0.08296622613803231,11.17,1 in 12
league_en,AST - BUR,CS 4-0,CS,37.6,0.029563932002956393,11.16,1 in 33
league_en,EVE - SUN,CS 4-2,CS,101.0,0.011005135730007337,11.15,1 in 90
league_en,TOT - ARS,CS 0-4,CS,40.7,0.02730627306273063,11.14,1 in 36
league_en,FUL - LEE,HT CS 0-2,HTCS,23.0,0.048316251830161056,11.13,1 in 20
league_en,EVE - NOT,HT/FT 1/2,HTFT,50.0,0.022222222222222223,11.11,1 in 45
league_en,BHA - CHE,HT/FT 2/1,HTFT,108.0,0.010286554004408524,11.09,1 in 97
league_en,WHU - NOT,HT CS 2-0,HTCS,10.9,0.1019202363367799,11.09,1 in 9
league_en,CHE - TOT,HT/FT 2/2,HTFT,22.5,0.04937361827560796,11.09,1 in 20
league_en,LEE - CRY,CS 2-4,CS,167.0,0.0066518847006651885,11.09,1 in 150
league_en,CHE - ARS,Exact 6,ExactGoals,17.3,0.06420664206642067,11.08,1 in 15
league_en,AST - WOL,HT CS 0-3,HTCS,94.6,0.01173881144534116,11.05,1 in 85
league_en,CHE - SUN,HT CS 0-2,HTCS,49.9,0.02225519287833828,11.05,1 in 44
league_en,LIV - NEW,HT CS 0-2,HTCS,16.4,0.06770833333333333,11.04,1 in 14
league_en,CRY - BOU,HT CS 3-0,HTCS,38.6,0.028761061946902654,11.02,1 in 34
league_en,LEE - AST,CS 3-2,CS,39.5,0.028106508875739646,11.02,1 in 35
league_en,LIV - CRY,Over 4.5,OU,5.85,0.1897810218978102,11.02,1 in 5
league_en,LIV - LEE,HT CS 2-1,HTCS,13.0,0.08537490720118783,10.99,1 in 11
league_en,BHA - EVE,CS 4-1,CS,59.8,0.01855976243504083,10.99,1 in 53
league_en,BOU - BHA,HT/FT X/2,HTFT,9.43,0.11769059955588453,10.98,1 in 8
league_en,NOT - LEE,HT/FT 1/X,HTFT,15.5,0.07158671586715867,10.96,1 in 13
league_en,CHE - MNC,HT CS 1-2,HTCS,26.3,0.04219096965210955,10.96,1 in 23
league_en,BOU - MNU,CS 3-2,CS,41.7,0.026607538802660754,10.95,1 in 37
league_en,LIV - CRY,HT CS 0-2,HTCS,30.4,0.0364963503649635,10.95,1 in 27
league_en,LEE - CHE,HT CS 2-0,HTCS,32.9,0.03372434017595308,10.95,1 in 29
league_en,FUL - BRE,HT CS 2-1,HTCS,20.5,0.054114158636026685,10.93,1 in 18
league_en,BHA - AST,HT CS 0-3,HTCS,32.7,0.03392330383480826,10.93,1 in 29
league_en,BUR - WHU,HT CS 2-1,HTCS,17.5,0.06337509211495947,10.91,1 in 15
league_en,WOL - CRY,HT/FT 1/X,HTFT,15.5,0.0715339233038348,10.88,1 in 13
league_en,AST - ARS,CS 0-3,CS,48.5,0.022861356932153392,10.88,1 in 43
league_en,BHA - LIV,CS 4-1,CS,107.0,0.010362694300518135,10.88,1 in 96
league_en,AST - BRE,CS 2-4,CS,116.0,0.009558823529411765,10.88,1 in 104
league_en,ARS - CHE,HT CS 3-0,HTCS,75.5,0.014684287812041116,10.87,1 in 68
league_en,LIV - SUN,HT/FT X/2,HTFT,18.6,0.059602649006622516,10.86,1 in 16
league_en,EVE - WHU,HT/FT 1/2,HTFT,50.0,0.022172949002217297,10.86,1 in 45
league_en,SUN - BUR,CS 3-2,CS,36.8,0.030124908155767818,10.86,1 in 33
league_en,SUN - MNC,CS 0-5,CS,252.0,0.004398826979472141,10.85,1 in 227
league_en,BUR - BHA,HT CS 0-3,HTCS,167.0,0.00663716814159292,10.84,1 in 150
league_en,MNU - AST,CS 0-5,CS,251.0,0.004415011037527594,10.82,1 in 226
league_en,CHE - WOL,CS 3-3,CS,60.5,0.018315018315018316,10.81,1 in 54
league_en,LIV - CRY,Exact 6,ExactGoals,16.5,0.06715328467153285,10.8,1 in 14
league_en,AST - NEW,HT CS 2-1,HTCS,15.0,0.07385524372230429,10.78,1 in 13
league_en,NOT - WOL,HT/FT 2/1,HTFT,48.6,0.022794117647058822,10.78,1 in 43
league_en,TOT - SUN,HT CS 0-3,HTCS,83.7,0.013235294117647059,10.78,1 in 75
league_en,BUR - CHE,HT/FT X/1,HTFT,16.0,0.06921944035346098,10.75,1 in 14
league_en,TOT - NOT,CS 3-3,CS,55.7,0.019882179675994108,10.74,1 in 50
league_en,SUN - ARS,CS 0-4,CS,65.0,0.017037037037037038,10.74,1 in 58
league_en,TOT - FUL,CS 1-3,CS,20.9,0.052980132450331126,10.73,1 in 18
league_en,MNC - BRE,CS 3-3,CS,53.7,0.020618556701030927,10.72,1 in 48
league_en,CRY - BHA,CS 3-1,CS,21.1,0.0524759793052476,10.72,1 in 19
league_en,WOL - BRE,CS 3-3,CS,53.7,0.020618556701030927,10.72,1 in 48
league_en,TOT - BOU,CS 4-2,CS,100.0,0.01107011070110701,10.7,1 in 90
league_en,SUN - NOT,HT/FT 1/2,HTFT,50.0,0.02214022140221402,10.7,1 in 45
league_en,LEE - BRE,HT CS 1-2,HTCS,15.8,0.0700589970501475,10.69,1 in 14
league_en,MNC - MNU,HT CS 2-1,HTCS,15.6,0.07095343680709534,10.69,1 in 14
league_en,LIV - SUN,HT CS 0-3,HTCS,188.0,0.005886681383370125,10.67,1 in 169
league_en,WOL - SUN,CS 2-4,CS,249.0,0.0044444444444444444,10.67,1 in 225
league_en,BHA - CRY,CS 4-1,CS,59.8,0.018504811250925242,10.66,1 in 54
league_en,WHU - TOT,HT/FT X/X,HTFT,5.59,0.19793966151582046,10.65,1 in 5
league_en,TOT - SUN,CS 3-2,CS,36.7,0.030147058823529412,10.64,1 in 33
league_en,NEW - WOL,CS 2-4,CS,125.0,0.008849557522123894,10.62,1 in 113
league_en,NOT - TOT,CS 3-3,CS,100.0,0.011061946902654867,10.62,1 in 90
league_en,SUN - FUL,HT/FT 1/2,HTFT,50.0,0.022123893805309734,10.62,1 in 45
league_en,TOT - LIV,CS 0-2,CS,9.94,0.11127487103905674,10.61,1 in 8
league_en,CHE - NOT,CS 1-3,CS,83.5,0.013245033112582781,10.6,1 in 75
league_en,EVE - LEE,CS 0-4,CS,167.0,0.006622516556291391,10.6,1 in 151
league_en,BRE - LEE,HT/FT X/2,HTFT,17.4,0.06356245380635625,10.6,1 in 15
league_en,BUR - SUN,CS 4-2,CS,65.2,0.01696165191740413,10.59,1 in 58
league_en,CHE - EVE,CS 2-2,CS,22.8,0.048493754592211606,10.57,1 in 20
league_en,BUR - BOU,HT CS 0-3,HTCS,250.0,0.004421518054532056,10.54,1 in 226
league_en,NEW - ARS,CS 3-1,CS,20.3,0.054451802796173655,10.54,1 in 18
league_en,NOT - BOU,CS 1-5,CS,1492.0,0.0007407407407407407,10.52,1 in 1350
league_en,WOL - ARS,HT CS 2-1,HTCS,17.8,0.06208425720620843,10.51,1 in 16
league_en,MNC - ARS,CS 3-2,CS,31.1,0.03552923760177646,10.5,1 in 28
league_en,LEE - CRY,CS 4-1,CS,59.8,0.018477457501847747,10.5,1 in 54
league_en,AST - NEW,HT/FT 2/1,HTFT,37.4,0.029542097488921712,10.49,1 in 33
league_en,SUN - NOT,CS 4-0,CS,78.8,0.014022140221402213,10.49,1 in 71
league_en,MNC - NEW,HT/FT 2/1,HTFT,41.4,0.026686434395848776,10.48,1 in 37
league_en,NOT - MNU,CS 3-2,CS,34.2,0.032305433186490456,10.48,1 in 30
league_en,BRE - AST,CS 2-4,CS,100.0,0.011045655375552283,10.46,1 in 90
league_en,NEW - SUN,CS 3-3,CS,55.6,0.019867549668874173,10.46,1 in 50
league_en,BHA - SUN,HT/FT 2/1,HTFT,42.6,0.025925925925925925,10.44,1 in 38
league_en,TOT - CRY,CS 3-3,CS,78.7,0.014032496307237814,10.44,1 in 71
league_en,WHU - CHE,CS 1-0,CS,21.7,0.05088495575221239,10.42,1 in 19
league_en,LIV - CRY,CS 4-2,CS,48.8,0.022627737226277374,10.42,1 in 44
league_en,FUL - BOU,HT/FT 1/X,HTFT,17.0,0.06494464944649446,10.41,1 in 15
league_en,ARS - BHA,HT CS 0-2,HTCS,27.7,0.03985239852398524,10.39,1 in 25
league_en,CRY - WHU,CS 1-4,CS,83.2,0.013264554163596167,10.36,1 in 75
league_en,BHA - LIV,CS 2-1,CS,14.2,0.07772020725388601,10.36,1 in 12
league_en,LIV - CRY,CS 4-1,CS,24.0,0.04598540145985401,10.36,1 in 21
league_en,NOT - BHA,CS 3-3,CS,83.5,0.013215859030837005,10.35,1 in 75
league_en,EVE - NOT,HT CS 3-0,HTCS,53.2,0.02074074074074074,10.34,1 in 48
league_en,BRE - BUR,Exact 0,ExactGoals,12.3,0.08969607116382505,10.33,1 in 11
league_en,BRE - BUR,CS 0-0,CS,12.3,0.08969607116382505,10.33,1 in 11
league_en,BOU - FUL,CS 1-4,CS,57.5,0.01918819188191882,10.33,1 in 52
league_en,EVE - SUN,HT CS 0-2,HTCS,17.9,0.061628760088041086,10.32,1 in 16
league_en,MNU - WOL,CS 0-3,CS,38.3,0.02880354505169867,10.32,1 in 34
league_en,AST - CRY,CS 5-0,CS,57.4,0.019216555801921657,10.3,1 in 52
league_en,ARS - LEE,Exact 5,ExactGoals,9.33,0.11820851688693099,10.29,1 in 8
league_en,LIV - BOU,Away Win,1X2,8.63,0.1277695716395864,10.27,1 in 7
league_en,WOL - EVE,HT/FT X/2,HTFT,17.2,0.06411201179071481,10.27,1 in 15
league_en,BHA - WOL,HT CS 2-1,HTCS,18.9,0.058345642540620385,10.27,1 in 17
league_en,WOL - BHA,CS 2-4,CS,249.0,0.004428044280442804,10.26,1 in 225
league_en,SUN - WHU,CS 4-0,CS,78.8,0.013991163475699559,10.25,1 in 71
league_en,ARS - MNC,CS 2-3,CS,40.6,0.02714600146735143,10.21,1 in 36
league_en,CHE - TOT,HT CS 1-2,HTCS,53.4,0.020633750921149593,10.18,1 in 48
league_en,NEW - CHE,Exact 6,ExactGoals,22.0,0.050073637702503684,10.16,1 in 19
league_en,MNU - NEW,HT CS 3-0,HTCS,67.8,0.01624815361890694,10.16,1 in 61
league_en,AST - CRY,HT CS 1-2,HTCS,27.6,0.03991130820399113,10.16,1 in 25
league_en,MNU - TOT,CS 1-2,CS,20.7,0.05321507760532151,10.16,1 in 18
league_en,BOU - BHA,HT CS 1-2,HTCS,24.0,0.0458919319022946,10.14,1 in 21
league_en,BHA - LIV,CS 4-2,CS,124.0,0.008882309400444115,10.14,1 in 112
league_en,WHU - CRY,HT CS 0-3,HTCS,149.0,0.007390983000739098,10.13,1 in 135
league_en,NOT - CRY,CS 5-1,CS,149.0,0.007390983000739098,10.13,1 in 135
league_en,FUL - BOU,CS 1-5,CS,1492.0,0.0007380073800738007,10.11,1 in 1355
league_en,SUN - BHA,CS 2-4,CS,167.0,0.006593406593406593,10.11,1 in 151
league_en,NOT - AST,HT CS 1-2,HTCS,15.6,0.07057949479940565,10.1,1 in 14
league_en,MNU - LIV,CS 3-3,CS,55.5,0.019838354151359296,10.1,1 in 50
league_en,WOL - FUL,HT CS 2-1,HTCS,15.3,0.07195301027900147,10.09,1 in 13
league_en,CHE - NOT,Over 4.5,OU,5.5,0.20014716703458427,10.08,1 in 4
league_en,BOU - CRY,CS 2-3,CS,42.8,0.025716385011021307,10.07,1 in 38
league_en,BOU - FUL,CS 0-1,CS,9.81,0.1121771217712177,10.05,1 in 8
league_en,WHU - FUL,HT/FT X/1,HTFT,7.68,0.14327700220426157,10.04,1 in 6
league_en,LEE - WHU,CS 1-4,CS,83.2,0.01322556943423953,10.04,1 in 75
league_en,MNC - WOL,HT CS 2-1,HTCS,17.3,0.06360946745562131,10.04,1 in 15
league_en,WOL - SUN,CS 3-3,CS,61.9,0.017777777777777778,10.04,1 in 56
league_en,LEE - CHE,HT/FT 1/1,HTFT,12.1,0.09090909090909091,10.0,1 in 11
league_en,MNU - TOT,HT CS 1-2,HTCS,36.3,0.030303030303030304,10.0,1 in 33
league_en,BUR - CRY,HT CS 0-2,HTCS,26.3,0.04181951577402788,9.99,1 in 23
league_en,BOU - BRE,CS 1-5,CS,99.5,0.01105379513633014,9.99,1 in 90
league_en,LIV - NEW,CS 2-3,CS,38.9,0.028273809523809524,9.99,1 in 35
league_en,BUR - TOT,CS 4-2,CS,64.7,0.016999260901699925,9.99,1 in 58
league_en,ARS - NOT,CS 4-0,CS,38.1,0.028867505551443375,9.99,1 in 34
league_en,BOU - MNU,CS 1-4,CS,51.3,0.021433850702143386,9.96,1 in 46
league_en,BUR - NEW,HT CS 1-2,HTCS,19.0,0.05787545787545788,9.96,1 in 17
league_en,WOL - TOT,CS 0-2,CS,48.2,0.022810890360559236,9.95,1 in 43
league_en,LEE - TOT,CS 3-3,CS,83.0,0.013245033112582781,9.93,1 in 75
league_en,CHE - BUR,CS 2-4,CS,249.0,0.004415011037527594,9.93,1 in 226
league_en,AST - BUR,CS 1-3,CS,40.2,0.027346637102734665,9.93,1 in 36
league_en,LEE - WHU,HT CS 2-1,HTCS,18.7,0.05878030859662013,9.92,1 in 17
league_en,SUN - CHE,HT/FT 1/X,HTFT,19.4,0.05665930831493746,9.92,1 in 17
league_en,MNC - SUN,HT/FT X/X,HTFT,6.59,0.16679021497405486,9.91,1 in 5
league_en,LEE - NOT,HT CS 0-2,HTCS,14.8,0.07426470588235294,9.91,1 in 13
league_en,FUL - LIV,HT CS 3-0,HTCS,87.6,0.012546125461254613,9.9,1 in 79
league_en,BHA - CHE,HT CS 2-1,HTCS,27.7,0.03967670830271859,9.9,1 in 25
league_en,BUR - CHE,HT/FT 1/X,HTFT,16.4,0.06701030927835051,9.9,1 in 14
league_en,BOU - CRY,CS 4-0,CS,83.1,0.01322556943423953,9.9,1 in 75
league_en,EVE - MNC,HT/FT 2/X,HTFT,13.6,0.08080059303187546,9.89,1 in 12
league_en,MNU - LEE,CS 1-0,CS,7.92,0.13874538745387455,9.89,1 in 7
league_en,LIV - CHE,HT CS 0-2,HTCS,11.5,0.09555555555555556,9.89,1 in 10
league_en,BHA - WHU,HT CS 3-0,HTCS,53.2,0.02064896755162242,9.85,1 in 48
league_en,TOT - MNU,CS 2-2,CS,11.1,0.09896602658788774,9.85,1 in 10
league_en,BUR - BOU,HT CS 3-0,HTCS,21.6,0.05084745762711865,9.83,1 in 19
league_en,AST - CHE,CS 3-1,CS,24.0,0.045756457564575644,9.82,1 in 21
league_en,CHE - EVE,CS 1-2,CS,30.5,0.03600293901542983,9.81,1 in 27
league_en,LIV - WHU,HT/FT 2/1,HTFT,33.3,0.03296703296703297,9.78,1 in 30
league_en,MNU - CHE,CS 1-4,CS,36.3,0.03023598820058997,9.76,1 in 33
league_en,MNU - BHA,CS 3-0,CS,15.0,0.07317073170731707,9.76,1 in 13
league_en,SUN - LIV,HT/FT 2/1,HTFT,57.2,0.01918819188191882,9.76,1 in 52
league_en,BOU - FUL,HT/FT 2/X,HTFT,13.9,0.07896678966789668,9.76,1 in 12
league_en,SUN - NEW,CS 2-0,CS,20.4,0.05379513633014001,9.74,1 in 18
league_en,BHA - CRY,HT/FT X/2,HTFT,10.9,0.10066617320503331,9.73,1 in 9
league_en,MNC - CRY,CS 4-1,CS,28.3,0.038771031455742504,9.72,1 in 25
league_en,FUL - WHU,CS 2-4,CS,148.0,0.007412898443291327,9.71,1 in 134
league_en,FUL - WHU,CS 3-1,CS,20.0,0.05485544848035582,9.71,1 in 18
league_en,BUR - FUL,HT/FT 2/X,HTFT,14.8,0.07412898443291327,9.71,1 in 13
league_en,NOT - BHA,CS 0-2,CS,24.1,0.04552129221732746,9.71,1 in 21
league_en,TOT - WOL,CS 3-3,CS,45.0,0.024372230428360415,9.68,1 in 41
league_en,CRY - CHE,CS 3-1,CS,67.8,0.016176470588235296,9.68,1 in 61
league_en,EVE - BHA,CS 3-1,CS,21.1,0.05197657393850659,9.67,1 in 19
league_en,FUL - BOU,CS 1-2,CS,17.9,0.061254612546125464,9.65,1 in 16
league_en,WHU - AST,CS 3-2,CS,41.3,0.02654867256637168,9.65,1 in 37
league_en,MNC - WOL,HT/FT 1/X,HTFT,13.6,0.08062130177514792,9.64,1 in 12
league_en,BUR - NOT,HT/FT 1/X,HTFT,14.8,0.07407407407407407,9.63,1 in 13
league_en,EVE - CHE,CS 2-0,CS,47.6,0.023031203566121844,9.63,1 in 43
league_en,CHE - NOT,Exact 5,ExactGoals,8.14,0.1346578366445916,9.61,1 in 7
league_en,BHA - EVE,CS 4-0,CS,70.3,0.015590200445434299,9.6,1 in 64
league_en,CRY - WHU,HT/FT 2/X,HTFT,14.3,0.07663964627855564,9.59,1 in 13
league_en,FUL - BUR,HT/FT 1/X,HTFT,14.5,0.07556859867938372,9.57,1 in 13
league_en,NOT - BOU,HT/FT 2/X,HTFT,17.0,0.06444444444444444,9.56,1 in 15
league_en,CRY - LEE,HT/FT 2/1,HTFT,42.6,0.025716385011021307,9.55,1 in 38
league_en,TOT - BUR,CS 1-4,CS,51.3,0.021354933726067747,9.55,1 in 46
league_en,LIV - BOU,HT CS 1-2,HTCS,41.2,0.026587887740029542,9.54,1 in 37
league_en,EVE - WOL,HT/FT 2/1,HTFT,47.7,0.022962962962962963,9.53,1 in 43
league_en,NEW - WOL,HT CS 1-2,HTCS,19.8,0.05530973451327434,9.51,1 in 18
league_en,SUN - LEE,Exact 5,ExactGoals,13.2,0.08296296296296296,9.51,1 in 12
league_en,LEE - BRE,CS 1-5,CS,165.0,0.00663716814159292,9.51,1 in 150
league_en,BHA - MNU,HT/FT 1/2,HTFT,43.8,0.025,9.5,1 in 40
league_en,ARS - MNU,HT CS 3-0,HTCS,34.3,0.03192279138827023,9.5,1 in 31
league_en,EVE - MNC,CS 1-4,CS,54.7,0.02001482579688658,9.48,1 in 49
league_en,WHU - BHA,CS 5-0,CS,149.0,0.0073475385745775165,9.48,1 in 136
league_en,WHU - BHA,HT CS 0-3,HTCS,149.0,0.0073475385745775165,9.48,1 in 136
league_en,BUR - ARS,Over 4.5,OU,7.87,0.1390922401171303,9.47,1 in 7
league_en,LIV - BRE,CS 0-2,CS,21.2,0.051622418879056046,9.44,1 in 19
league_en,LIV - CRY,HT/FT 2/1,HTFT,31.9,0.034306569343065696,9.44,1 in 29
league_en,CHE - ARS,HT/FT 1/2,HTFT,67.4,0.016236162361623615,9.43,1 in 61
league_en,MNU - FUL,CS 4-0,CS,45.1,0.02426470588235294,9.43,1 in 41
league_en,SUN - WOL,HT/FT X/2,HTFT,8.23,0.1329394387001477,9.41,1 in 7
league_en,CRY - EVE,CS 5-1,CS,211.0,0.005185185185185185,9.41,1 in 192
league_en,LEE - BHA,CS 5-1,CS,211.0,0.005185185185185185,9.41,1 in 192
league_en,SUN - AST,Exact 6,ExactGoals,17.0,0.0643491124260355,9.39,1 in 15
league_en,EVE - SUN,HT/FT 2/1,HTFT,42.6,0.025678650036683785,9.39,1 in 38
league_en,FUL - LEE,CS 0-2,CS,24.1,0.04538799414348463,9.39,1 in 22
league_en,BUR - LIV,CS 2-4,CS,82.4,0.01327433628318584,9.38,1 in 75
league_en,CRY - EVE,HT/FT 2/X,HTFT,13.8,0.07925925925925927,9.38,1 in 12
league_en,BOU - BUR,CS 1-3,CS,19.5,0.05608856088560885,9.37,1 in 17
league_en,SUN - LEE,CS 5-0,CS,246.0,0.0044444444444444444,9.33,1 in 225
league_en,SUN - BUR,CS 5-0,CS,372.0,0.0029390154298310064,9.33,1 in 340
league_en,WHU - NOT,CS 2-4,CS,148.0,0.007385524372230428,9.31,1 in 135
league_en,BUR - LEE,CS 0-4,CS,370.0,0.0029542097488921715,9.31,1 in 338
league_en,BRE - MNC,CS 3-1,CS,18.5,0.059084194977843424,9.31,1 in 16
league_en,EVE - BOU,CS 5-0,CS,148.0,0.007385524372230428,9.31,1 in 135
league_en,NOT - FUL,CS 3-1,CS,20.0,0.05465288035450517,9.31,1 in 18
league_en,NEW - FUL,Exact 6,ExactGoals,19.0,0.05752212389380531,9.29,1 in 17
league_en,ARS - MNU,CS 4-2,CS,64.0,0.017074981440237565,9.28,1 in 58
league_en,NOT - LIV,Exact 5,ExactGoals,10.6,0.10309278350515463,9.28,1 in 9
league_en,ARS - WHU,CS 3-2,CS,26.9,0.04062038404726736,9.27,1 in 24
league_en,LIV - BOU,HT/FT 2/1,HTFT,34.4,0.03175775480059084,9.25,1 in 31
league_en,AST - BOU,HT/FT 2/1,HTFT,34.4,0.03175775480059084,9.25,1 in 31
league_en,LEE - MNC,CS 0-4,CS,73.9,0.014781966001478197,9.24,1 in 67
league_en,BOU - TOT,Exact 6,ExactGoals,27.9,0.03914327917282127,9.21,1 in 25
league_en,CHE - MNU,HT CS 1-1,HTCS,6.72,0.1625,9.2,1 in 6
league_en,LEE - BHA,Exact 6,ExactGoals,27.3,0.04,9.2,1 in 25
league_en,WOL - WHU,HT/FT 1/X,HTFT,15.0,0.07279411764705883,9.19,1 in 13
league_en,BUR - BRE,CS 2-3,CS,33.0,0.03308823529411765,9.19,1 in 30
league_en,WOL - SUN,HT/FT 2/1,HTFT,33.5,0.03259259259259259,9.19,1 in 30
league_en,WHU - LIV,HT/FT 2/1,HTFT,56.9,0.01918819188191882,9.18,1 in 52
league_en,BHA - CRY,HT CS 1-2,HTCS,25.0,0.043671354552183565,9.18,1 in 22
league_en,BRE - BUR,CS 4-1,CS,39.8,0.02742772424017791,9.16,1 in 36
league_en,SUN - BRE,HT/FT 2/1,HTFT,54.9,0.019882179675994108,9.15,1 in 50
league_en,NOT - CRY,CS 4-2,CS,92.3,0.011825572801182557,9.15,1 in 84
league_en,EVE - TOT,HT CS 0-3,HTCS,148.0,0.007374631268436578,9.14,1 in 135
league_en,FUL - TOT,CS 1-5,CS,1492.0,0.000731528895391368,9.14,1 in 1367
league_en,EVE - ARS,CS 3-3,CS,43.3,0.025203854707190512,9.13,1 in 39
league_en,FUL - BUR,HT CS 2-0,HTCS,11.9,0.09170946441672781,9.13,1 in 10
league_en,ARS - MNU,CS 5-0,CS,147.0,0.007423904974016332,9.13,1 in 134
league_en,BRE - BUR,Exact 6,ExactGoals,18.4,0.05930318754633061,9.12,1 in 16
league_en,BUR - MNC,CS 4-1,CS,59.1,0.01846381093057607,9.12,1 in 54
league_en,NOT - BHA,HT/FT 2/2,HTFT,6.88,0.15859030837004406,9.11,1 in 6
league_en,CHE - BRE,CS 2-2,CS,12.7,0.08590308370044053,9.1,1 in 11
league_en,BRE - CHE,HT CS 1-2,HTCS,16.4,0.06651884700665188,9.09,1 in 15
league_en,FUL - WHU,HT CS 2-0,HTCS,10.9,0.10007412898443291,9.08,1 in 9
league_en,FUL - LEE,CS 5-1,CS,149.0,0.007320644216691069,9.08,1 in 136
league_en,WOL - SUN,HT/FT 1/X,HTFT,15.5,0.07037037037037037,9.07,1 in 14
league_en,BHA - BOU,HT CS 0-3,HTCS,148.0,0.007369196757553427,9.06,1 in 135
league_en,CHE - ARS,CS 5-0,CS,98.5,0.01107011070110701,9.04,1 in 90
league_en,SUN - ARS,CS 5-1,CS,368.0,0.002962962962962963,9.04,1 in 337
league_en,BRE - BHA,HT CS 3-0,HTCS,22.1,0.04933726067746686,9.04,1 in 20
league_en,NEW - EVE,CS 4-1,CS,27.4,0.0397936624907885,9.03,1 in 25
league_en,EVE - BRE,CS 2-4,CS,73.7,0.014792899408284023,9.02,1 in 67
league_en,MNU - SUN,Exact 6,ExactGoals,21.9,0.04977711738484398,9.01,1 in 20
league_en,EVE - MNC,HT CS 1-2,HTCS,16.9,0.06449221645663454,8.99,1 in 15
league_en,BRE - AST,CS 0-5,CS,370.0,0.0029455081001472753,8.98,1 in 339
league_en,CRY - ARS,HT/FT X/X,HTFT,5.58,0.19530102790014683,8.98,1 in 5
league_en,CHE - SUN,HT/FT 2/X,HTFT,24.9,0.04376854599406528,8.98,1 in 22
league_en,MNU - WHU,CS 0-2,CS,24.7,0.04411764705882353,8.97,1 in 22
league_en,CRY - FUL,HT CS 0-3,HTCS,73.5,0.014825796886582653,8.97,1 in 67
league_en,TOT - BRE,HT CS 3-0,HTCS,114.0,0.009558823529411765,8.97,1 in 104
league_en,AST - NOT,HT CS 0-2,HTCS,24.7,0.04411764705882353,8.97,1 in 22
league_en,CRY - EVE,Exact 0,ExactGoals,9.49,0.11481481481481481,8.96,1 in 8
league_en,CRY - EVE,CS 0-0,CS,9.49,0.11481481481481481,8.96,1 in 8
league_en,BHA - NEW,Exact 6,ExactGoals,19.2,0.056742815033161385,8.95,1 in 17
league_en,ARS - CRY,CS 1-3,CS,56.6,0.01924500370096225,8.93,1 in 51
league_en,BRE - MNU,HT CS 3-0,HTCS,34.3,0.03175775480059084,8.93,1 in 31
league_en,LIV - CRY,CS 5-0,CS,57.4,0.01897810218978102,8.93,1 in 52
league_en,BOU - WHU,CS 2-4,CS,87.2,0.012490815576781777,8.92,1 in 80
league_en,EVE - MNU,Exact 0,ExactGoals,10.4,0.10471976401179942,8.91,1 in 9
league_en,EVE - MNU,CS 0-0,CS,10.4,0.10471976401179942,8.91,1 in 9
league_en,FUL - NOT,CS 3-1,CS,20.0,0.054451802796173655,8.9,1 in 18
league_en,SUN - ARS,CS 4-0,CS,147.0,0.007407407407407408,8.89,1 in 135
league_en,EVE - MNC,CS 1-3,CS,20.4,0.05337286879169755,8.88,1 in 18
league_en,ARS - WHU,HT CS 2-0,HTCS,8.19,0.1329394387001477,8.88,1 in 7
league_en,EVE - BUR,HT/FT 2/1,HTFT,47.8,0.022777369581190303,8.88,1 in 43
league_en,CRY - MNU,HT/FT 2/1,HTFT,47.8,0.022777369581190303,8.88,1 in 43
league_en,NOT - ARS,CS 4-1,CS,87.1,0.0125,8.87,1 in 80
league_en,NEW - ARS,CS 4-2,CS,82.2,0.013245033112582781,8.87,1 in 75
league_en,CRY - WOL,CS 2-2,CS,12.1,0.08997050147492626,8.86,1 in 11
league_en,LEE - NOT,Exact 5,ExactGoals,11.3,0.09632352941176471,8.85,1 in 10
league_en,BOU - MNU,HT/FT 1/2,HTFT,39.8,0.027346637102734665,8.84,1 in 36
league_en,FUL - MNC,CS 2-4,CS,87.0,0.012509197939661517,8.83,1 in 79
league_en,NEW - BOU,Under 1.5,OU,4.35,0.25018504811250925,8.83,1 in 3
league_en,ARS - LIV,Over 4.5,OU,7.49,0.14528023598820058,8.81,1 in 6
league_en,EVE - FUL,HT/FT X/1,HTFT,8.13,0.1338235294117647,8.8,1 in 7
league_en,SUN - LIV,CS 1-4,CS,37.8,0.028782287822878228,8.8,1 in 34
league_en,FUL - EVE,CS 1-4,CS,184.0,0.005912786400591279,8.8,1 in 169
league_en,BHA - EVE,HT CS 2-1,HTCS,19.8,0.05493689680772086,8.78,1 in 18
league_en,WOL - BHA,HT/FT 2/1,HTFT,33.5,0.03247232472324723,8.78,1 in 30
league_en,NEW - EVE,HT/FT 1/2,HTFT,82.0,0.013264554163596167,8.77,1 in 75
league_en,MNU - NOT,CS 1-5,CS,738.0,0.0014738393515106854,8.77,1 in 678
league_en,MNC - NOT,CS 0-3,CS,73.8,0.014738393515106854,8.77,1 in 67
league_en,FUL - AST,CS 4-0,CS,163.0,0.006671608598962194,8.75,1 in 149
league_en,MNU - BRE,CS 0-4,CS,87.0,0.0125,8.75,1 in 80
league_en,BHA - AST,CS 0-3,CS,20.2,0.05383480825958702,8.75,1 in 18
league_en,WOL - WHU,CS 4-2,CS,64.3,0.016911764705882352,8.74,1 in 59
league_en,LIV - WOL,CS 5-0,CS,147.0,0.0073964497041420114,8.73,1 in 135
league_en,AST - WOL,CS 3-0,CS,20.3,0.05355832721936904,8.72,1 in 18
league_en,BHA - BRE,CS 5-1,CS,368.0,0.0029542097488921715,8.71,1 in 338
league_en,CRY - AST,HT/FT 2/1,HTFT,57.2,0.019005847953216373,8.71,1 in 52
league_en,MNC - FUL,HT/FT X/2,HTFT,13.7,0.07935341660543718,8.71,1 in 12
league_en,ARS - WHU,CS 6-0,CS,368.0,0.0029542097488921715,8.71,1 in 338
league_en,BUR - ARS,CS 2-3,CS,33.0,0.03294289897510981,8.71,1 in 30
league_en,LEE - BRE,CS 2-1,CS,13.4,0.08112094395280237,8.7,1 in 12
league_en,MNC - LEE,HT/FT 2/1,HTFT,33.5,0.032448377581120944,8.7,1 in 30
league_en,MNU - WOL,Over 4.5,OU,7.87,0.138109305760709,8.69,1 in 7
league_en,EVE - LEE,CS 5-1,CS,211.0,0.0051508462104488595,8.68,1 in 194
league_en,FUL - SUN,CS 4-2,CS,92.3,0.01177336276674025,8.67,1 in 84
league_en,SUN - BOU,HT/FT 2/X,HTFT,15.5,0.07011070110701106,8.67,1 in 14
league_en,CHE - BRE,HT/FT 2/X,HTFT,14.8,0.07342143906020558,8.66,1 in 13
league_en,FUL - CHE,CS 5-1,CS,735.0,0.0014781966001478197,8.65,1 in 676
league_en,SUN - BOU,HT CS 1-1,HTCS,7.01,0.15498154981549817,8.64,1 in 6
league_en,FUL - WHU,CS 4-2,CS,91.6,0.011860637509266123,8.64,1 in 84
league_en,WHU - NEW,HT/FT 2/1,HTFT,50.8,0.021386430678466076,8.64,1 in 46
league_en,AST - SUN,CS 1-3,CS,61.7,0.01760821716801174,8.64,1 in 56
league_en,LEE - LIV,CS 1-4,CS,37.8,0.028739867354458364,8.64,1 in 34
league_en,NEW - MNC,CS 1-5,CS,368.0,0.002952029520295203,8.63,1 in 338
league_en,AST - BOU,Exact 6,ExactGoals,17.1,0.06351550960118169,8.61,1 in 15
league_en,BUR - FUL,CS 1-2,CS,15.1,0.07190511489992588,8.58,1 in 13
league_en,LEE - BUR,CS 1-5,CS,245.0,0.004431314623338257,8.57,1 in 225
league_en,AST - NEW,CS 0-4,CS,147.0,0.007385524372230428,8.57,1 in 135
league_en,CHE - NEW,Exact 0,ExactGoals,15.0,0.0723781388478582,8.57,1 in 13
league_en,CHE - NEW,CS 0-0,CS,15.0,0.0723781388478582,8.57,1 in 13
league_en,TOT - CRY,HT CS 3-0,HTCS,58.8,0.01846381093057607,8.57,1 in 54
league_en,BRE - AST,Under 1.5,OU,3.79,0.2864506627393225,8.56,1 in 3
league_en,LEE - MNC,CS 1-3,CS,20.4,0.05321507760532151,8.56,1 in 18
league_en,NOT - LIV,HT/FT 1/X,HTFT,12.6,0.0861561119293078,8.56,1 in 11
league_en,BHA - WHU,CS 4-2,CS,92.0,0.011799410029498525,8.55,1 in 84
league_en,BRE - FUL,CS 6-0,CS,368.0,0.0029498525073746312,8.55,1 in 339
league_en,CRY - CHE,HT/FT 1/1,HTFT,12.1,0.08970588235294118,8.54,1 in 11
league_en,EVE - LEE,HT CS 1-2,HTCS,25.0,0.04341427520235467,8.54,1 in 23
league_en,EVE - NOT,HT CS 0-2,HTCS,14.8,0.07333333333333333,8.53,1 in 13
league_en,SUN - EVE,CS 5-0,CS,246.0,0.004411764705882353,8.53,1 in 226
league_en,SUN - AST,HT/FT 2/X,HTFT,13.1,0.08284023668639054,8.52,1 in 12
league_en,MNC - SUN,CS 2-3,CS,61.0,0.017790956263899184,8.52,1 in 56
league_en,BHA - LIV,HT/FT 1/1,HTFT,6.16,0.17616580310880828,8.52,1 in 5
league_en,LEE - CHE,Home Win,1X2,7.63,0.14222873900293256,8.52,1 in 7
league_en,TOT - SUN,CS 2-0,CS,12.4,0.0875,8.5,1 in 11
league_en,WHU - NOT,HT CS 1-2,HTCS,22.6,0.048005908419497784,8.49,1 in 20
league_en,NOT - CHE,CS 4-0,CS,294.0,0.0036900369003690036,8.49,1 in 271
league_en,MNC - TOT,HT/FT 1/X,HTFT,20.4,0.053175775480059084,8.48,1 in 18
league_en,WHU - TOT,CS 2-3,CS,70.2,0.01545253863134658,8.48,1 in 64
league_en,BHA - NEW,CS 5-1,CS,368.0,0.0029476787030213707,8.47,1 in 339
league_en,CRY - LEE,CS 4-0,CS,70.3,0.015429831006612785,8.47,1 in 64
league_en,ARS - BUR,CS 3-2,CS,26.8,0.04047093451066961,8.46,1 in 24
league_en,CRY - FUL,HT/FT 2/1,HTFT,41.8,0.025945144551519646,8.45,1 in 38
league_en,EVE - WHU,CS 2-0,CS,13.1,0.0827790096082779,8.44,1 in 12
league_en,BRE - BOU,HT CS 0-2,HTCS,37.7,0.028761061946902654,8.43,1 in 34
league_en,MNU - EVE,CS 3-1,CS,15.0,0.07227138643067847,8.41,1 in 13
league_en,NEW - CRY,CS 0-1,CS,19.2,0.05646359583952452,8.41,1 in 17
league_en,MNC - BRE,CS 4-2,CS,86.6,0.012518409425625921,8.41,1 in 79
league_en,BRE - FUL,CS 1-4,CS,147.0,0.007374631268436578,8.41,1 in 135
league_en,EVE - BUR,CS 1-3,CS,22.7,0.04775900073475386,8.41,1 in 20
league_en,NEW - FUL,CS 1-4,CS,147.0,0.007374631268436578,8.41,1 in 135
league_en,AST - NOT,CS 5-1,CS,77.6,0.013970588235294118,8.41,1 in 71
league_en,NEW - WHU,CS 1-4,CS,147.0,0.007374631268436578,8.41,1 in 135
league_en,MNC - AST,HT/FT 2/X,HTFT,13.9,0.07798833819241982,8.4,1 in 12
league_en,BRE - NOT,CS 6-0,CS,368.0,0.0029455081001472753,8.39,1 in 339
league_en,BOU - ARS,CS 2-0,CS,26.8,0.04044117647058824,8.38,1 in 24
league_en,AST - BRE,CS 6-0,CS,737.0,0.0014705882352941176,8.38,1 in 680
league_en,WOL - FUL,CS 0-3,CS,73.8,0.014684287812041116,8.37,1 in 68
league_en,NOT - BOU,Over 4.5,OU,9.2,0.11777777777777777,8.36,1 in 8
league_en,LIV - WHU,HT/FT 2/2,HTFT,8.55,0.12673992673992673,8.36,1 in 7
league_en,ARS - CHE,HT/FT 2/X,HTFT,15.7,0.06901615271659324,8.36,1 in 14
league_en,BHA - NOT,HT CS 0-3,HTCS,73.5,0.014738393515106854,8.33,1 in 67
league_en,LEE - MNU,CS 4-0,CS,105.0,0.010316875460574797,8.33,1 in 96
league_en,FUL - CRY,CS 1-4,CS,184.0,0.005886681383370125,8.31,1 in 169
league_en,SUN - MNU,CS 0-1,CS,9.64,0.11233480176211454,8.29,1 in 8
league_en,CRY - BHA,HT CS 2-0,HTCS,11.1,0.0975609756097561,8.29,1 in 10
league_en,NEW - MNU,HT CS 3-0,HTCS,34.3,0.0315712187958884,8.29,1 in 31
league_en,NOT - BHA,HT CS 1-2,HTCS,30.1,0.035976505139500736,8.29,1 in 27
league_en,BOU - ARS,CS 3-1,CS,39.8,0.027205882352941177,8.28,1 in 36
league_en,AST - MNU,CS 4-2,CS,54.7,0.019794721407624633,8.28,1 in 50
league_en,FUL - LIV,CS 4-0,CS,163.0,0.006642066420664207,8.27,1 in 150
league_en,BOU - AST,Exact 5,ExactGoals,9.5,0.11397058823529412,8.27,1 in 8
league_en,TOT - BHA,CS 3-2,CS,36.7,0.029498525073746312,8.26,1 in 33
league_en,LIV - EVE,HT CS 2-1,HTCS,13.0,0.08327192336035372,8.25,1 in 12
league_en,LIV - AST,CS 1-4,CS,73.6,0.014705882352941176,8.24,1 in 68
league_en,FUL - AST,CS 1-5,CS,146.0,0.007412898443291327,8.23,1 in 134
league_en,AST - BHA,HT/FT 2/1,HTFT,31.9,0.03392330383480826,8.22,1 in 29
league_en,AST - WOL,HT/FT X/2,HTFT,12.5,0.08657373440939105,8.22,1 in 11
league_en,EVE - LIV,CS 3-1,CS,33.5,0.032305433186490456,8.22,1 in 30
league_en,ARS - TOT,CS 1-3,CS,81.4,0.013293943870014771,8.21,1 in 75
league_en,CHE - WOL,CS 1-4,CS,211.0,0.005128205128205128,8.21,1 in 195
league_en,NEW - CHE,CS 3-3,CS,61.2,0.017673048600883652,8.16,1 in 56
league_en,MNC - WOL,Exact 6,ExactGoals,21.5,0.05029585798816568,8.14,1 in 19
league_en,SUN - MNC,CS 2-3,CS,29.5,0.036656891495601175,8.14,1 in 27
league_en,MNU - BHA,CS 1-4,CS,209.0,0.005173688100517369,8.13,1 in 193
league_en,SUN - BHA,CS 5-0,CS,246.0,0.004395604395604396,8.13,1 in 227
league_en,CRY - NEW,HT CS 1-2,HTCS,15.8,0.0684326710816777,8.12,1 in 14
league_en,MNU - FUL,CS 3-1,CS,16.9,0.06397058823529411,8.11,1 in 15
league_en,AST - BRE,CS 0-4,CS,147.0,0.007352941176470588,8.09,1 in 136
league_en,NEW - NOT,CS 6-0,CS,368.0,0.002936857562408223,8.08,1 in 340
league_en,NEW - MNU,CS 4-2,CS,64.0,0.016886930983847283,8.08,1 in 59
league_en,CRY - NEW,CS 2-0,CS,20.4,0.052980132450331126,8.08,1 in 18
league_en,NEW - AST,Exact 6,ExactGoals,21.6,0.05003679175864607,8.08,1 in 19
league_en,BUR - WOL,CS 3-1,CS,21.3,0.05073529411764706,8.07,1 in 19
league_en,BUR - CHE,HT CS 2-1,HTCS,25.3,0.042709867452135494,8.06,1 in 23
league_en,LEE - FUL,CS 0-3,CS,38.5,0.028064992614475627,8.05,1 in 35
league_en,BUR - LEE,CS 1-4,CS,209.0,0.0051698670605613,8.05,1 in 193
league_en,LEE - EVE,CS 0-1,CS,11.2,0.09646539027982327,8.04,1 in 10
league_en,WHU - BOU,Exact 6,ExactGoals,29.3,0.03687315634218289,8.04,1 in 27
league_en,MNC - CRY,CS 4-2,CS,56.8,0.019019751280175568,8.03,1 in 52
league_en,BUR - EVE,CS 3-3,CS,69.6,0.015521064301552107,8.03,1 in 64
league_en,BHA - FUL,CS 5-1,CS,210.0,0.005143277002204262,8.01,1 in 194
league_en,BOU - CRY,CS 5-1,CS,245.0,0.00440852314474651,8.01,1 in 226
league_en,CRY - MNC,CS 4-0,CS,113.0,0.009558823529411765,8.01,1 in 104
league_en,CRY - BRE,CS 3-3,CS,43.3,0.024944974321349962,8.01,1 in 40
league_en,ARS - MNC,CS 1-5,CS,368.0,0.00293470286133529,8.0,1 in 340
league_en,LEE - FUL,HT/FT X/X,HTFT,5.56,0.19423929098966028,8.0,1 in 5
league_en,SUN - BHA,Exact 6,ExactGoals,27.3,0.03956043956043956,8.0,1 in 25
league_en,CRY - BRE,CS 5-1,CS,368.0,0.00293470286133529,8.0,1 in 340
league_en,FUL - SUN,Over 4.5,OU,9.23,0.11699779249448124,7.99,1 in 8
league_en,LIV - SUN,HT/FT 2/1,HTFT,31.9,0.03384841795437822,7.98,1 in 29
league_en,WHU - NOT,HT CS 0-2,HTCS,17.2,0.06277695716395865,7.98,1 in 15
league_en,BOU - BRE,HT CS 0-3,HTCS,29.9,0.03610906411201179,7.97,1 in 27
league_en,BHA - CHE,HT/FT X/1,HTFT,23.7,0.045554739162380606,7.96,1 in 21
league_en,NEW - BOU,Exact 0,ExactGoals,14.3,0.07549962990377498,7.96,1 in 13
league_en,NEW - BOU,CS 0-0,CS,14.3,0.07549962990377498,7.96,1 in 13
league_en,LIV - BOU,CS 0-2,CS,60.9,0.01772525849335303,7.95,1 in 56
league_en,AST - BOU,CS 2-2,CS,23.2,0.0465288035450517,7.95,1 in 21
league_en,CRY - BOU,Exact 6,ExactGoals,28.7,0.03761061946902655,7.94,1 in 26
league_en,ARS - LIV,CS 1-4,CS,69.7,0.015486725663716814,7.94,1 in 64
league_en,FUL - BRE,CS 1-5,CS,182.0,0.005930318754633061,7.93,1 in 168
league_en,BOU - LIV,HT/FT X/1,HTFT,15.0,0.07195301027900147,7.93,1 in 13
league_en,ARS - CRY,CS 5-0,CS,72.9,0.014803849000740192,7.92,1 in 67
league_en,LEE - ARS,HT/FT 2/X,HTFT,12.4,0.08702064896755163,7.91,1 in 11
league_en,BOU - NOT,HT/FT 2/1,HTFT,48.7,0.022156573116691284,7.9,1 in 45
league_en,WHU - NEW,HT CS 2-0,HTCS,15.4,0.0700589970501475,7.89,1 in 14
league_en,SUN - FUL,HT/FT 2/1,HTFT,41.8,0.025811209439528023,7.89,1 in 38
league_en,MNC - LIV,CS 5-1,CS,244.0,0.004421518054532056,7.89,1 in 226
league_en,MNU - NEW,CS 1-4,CS,63.5,0.016986706056129987,7.87,1 in 58
league_en,NEW - MNC,CS 2-3,CS,40.6,0.026568265682656828,7.87,1 in 37
league_en,TOT - MNU,HT/FT 2/X,HTFT,12.7,0.08493353028064993,7.87,1 in 11
league_en,MNU - LEE,CS 3-3,CS,69.6,0.015498154981549815,7.87,1 in 64
league_en,NEW - AST,HT/FT 2/X,HTFT,13.7,0.07873436350257543,7.87,1 in 12
league_en,BOU - WOL,Home Win,1X2,3.86,0.27941176470588236,7.85,1 in 3
league_en,WHU - NEW,Over 4.5,OU,7.5,0.14380530973451328,7.85,1 in 6
league_en,LEE - BUR,CS 2-0,CS,15.7,0.06868537666174299,7.84,1 in 14
league_en,BRE - WOL,CS 1-5,CS,368.0,0.0029304029304029304,7.84,1 in 341
league_en,MNC - ARS,Over 4.5,OU,7.47,0.14433752775721687,7.82,1 in 6
league_en,CHE - WHU,Over 4.5,OU,5.5,0.19602063375092116,7.81,1 in 5
league_en,CHE - FUL,CS 3-1,CS,11.5,0.09372693726937269,7.79,1 in 10
league_en,MNU - NEW,CS 3-1,CS,25.6,0.042097488921713444,7.77,1 in 23
league_en,NOT - SUN,CS 1-3,CS,45.7,0.023581429624170966,7.77,1 in 42
league_en,NEW - BOU,CS 2-4,CS,364.0,0.0029607698001480384,7.77,1 in 337
league_en,FUL - LEE,CS 3-0,CS,18.4,0.05856515373352855,7.76,1 in 17
league_en,TOT - BRE,CS 3-2,CS,45.8,0.023529411764705882,7.76,1 in 42
league_en,BRE - LEE,CS 5-0,CS,72.9,0.014781966001478197,7.76,1 in 67
league_en,MNC - NEW,CS 3-0,CS,28.5,0.03780578206078577,7.75,1 in 26
league_en,MNU - BHA,CS 4-1,CS,33.9,0.031781226903178125,7.74,1 in 31
league_en,BHA - BRE,CS 2-3,CS,28.6,0.03766617429837518,7.73,1 in 26
league_en,SUN - MNU,HT CS 2-1,HTCS,20.1,0.053597650513950074,7.73,1 in 18
league_en,BRE - CHE,CS 2-3,CS,24.7,0.04360679970436068,7.71,1 in 22
league_en,WHU - NEW,Exact 5,ExactGoals,10.9,0.09882005899705015,7.71,1 in 10
league_en,SUN - MNC,CS 4-0,CS,113.0,0.009530791788856305,7.7,1 in 104
league_en,NOT - CHE,HT/FT 1/1,HTFT,9.6,0.1121771217712177,7.69,1 in 8
league_en,BRE - WOL,CS 0-4,CS,147.0,0.007326007326007326,7.69,1 in 136
league_en,AST - MNC,HT CS 1-2,HTCS,20.6,0.05227781926811053,7.69,1 in 19
league_en,WHU - AST,CS 1-5,CS,146.0,0.007374631268436578,7.67,1 in 135
league_en,ARS - LEE,Over 4.5,OU,6.24,0.17254038179148312,7.67,1 in 5
league_en,FUL - TOT,CS 3-2,CS,35.9,0.029992684711046085,7.67,1 in 33
league_en,LIV - BUR,HT CS 1-1,HTCS,6.18,0.17420311341734618,7.66,1 in 5
league_en,TOT - SUN,HT CS 1-2,HTCS,24.0,0.04485294117647059,7.65,1 in 22
league_en,BHA - EVE,CS 3-3,CS,65.9,0.016332590942835932,7.63,1 in 61
league_en,LIV - SUN,CS 0-1,CS,20.6,0.05224429727740986,7.62,1 in 19
league_en,BHA - BUR,CS 1-5,CS,245.0,0.004392386530014641,7.61,1 in 227
league_en,BOU - MNC,CS 1-0,CS,14.5,0.07421013960323292,7.6,1 in 13
league_en,MNC - BHA,CS 5-1,CS,73.1,0.014716703458425313,7.58,1 in 67
league_en,CHE - BRE,HT/FT 1/X,HTFT,14.8,0.07268722466960352,7.58,1 in 13
league_en,BRE - LIV,HT/FT X/2,HTFT,9.46,0.11371973587674249,7.58,1 in 8
league_en,NOT - ARS,CS 3-0,CS,41.8,0.025735294117647058,7.57,1 in 38
league_en,MNC - BOU,Exact 0,ExactGoals,13.2,0.08148148148148149,7.56,1 in 12
league_en,MNC - BOU,CS 0-0,CS,13.2,0.08148148148148149,7.56,1 in 12
league_en,BOU - MNC,HT/FT X/1,HTFT,12.3,0.08743570903747244,7.55,1 in 11
league_en,WHU - MNU,HT/FT 2/1,HTFT,42.6,0.025241276911655532,7.53,1 in 39
league_en,NOT - LEE,HT/FT 2/X,HTFT,15.5,0.06937269372693727,7.53,1 in 14
league_en,LIV - ARS,CS 1-4,CS,91.0,0.011816838995568686,7.53,1 in 84
league_en,BOU - WHU,Exact 0,ExactGoals,11.0,0.09772226304188097,7.49,1 in 10
league_en,BOU - WHU,CS 0-0,CS,11.0,0.09772226304188097,7.49,1 in 10
league_en,ARS - CRY,CS 3-0,CS,13.7,0.07846039970392302,7.49,1 in 12
league_en,SUN - NEW,CS 2-3,CS,28.6,0.03758290346352248,7.49,1 in 26
league_en,AST - BOU,HT/FT 2/X,HTFT,23.1,0.0465288035450517,7.48,1 in 21
league_en,CHE - BRE,CS 5-1,CS,86.1,0.012481644640234948,7.47,1 in 80
league_en,ARS - TOT,CS 3-2,CS,29.1,0.03692762186115214,7.46,1 in 27
league_en,WHU - NOT,HT/FT 1/2,HTFT,58.2,0.01846381093057607,7.46,1 in 54
league_en,SUN - TOT,CS 1-3,CS,45.4,0.023668639053254437,7.46,1 in 42
league_en,BRE - TOT,CS 2-4,CS,364.0,0.002952029520295203,7.45,1 in 338
league_en,WHU - BHA,CS 1-3,CS,45.7,0.02351212343864805,7.45,1 in 42
league_en,FUL - CHE,HT/FT 1/X,HTFT,18.4,0.058388765705838876,7.44,1 in 17
league_en,ARS - MNU,HT/FT 2/X,HTFT,13.4,0.0801781737193764,7.44,1 in 12
league_en,MNC - BRE,HT CS 3-0,HTCS,52.1,0.020618556701030927,7.42,1 in 48
league_en,FUL - BUR,CS 0-4,CS,122.0,0.00880410858400587,7.41,1 in 113
league_en,LIV - WHU,CS 4-2,CS,54.3,0.01978021978021978,7.41,1 in 50
league_en,LIV - MNC,CS 4-0,CS,48.4,0.022189349112426034,7.4,1 in 45
league_en,AST - WOL,Exact 0,ExactGoals,12.3,0.08730741012472487,7.39,1 in 11
league_en,AST - WOL,CS 0-0,CS,12.3,0.08730741012472487,7.39,1 in 11
league_en,LIV - NOT,HT/FT 1/X,HTFT,14.0,0.07669831994156319,7.38,1 in 13
league_en,MNU - LEE,Exact 1,ExactGoals,5.47,0.196309963099631,7.38,1 in 5
league_en,CRY - EVE,HT/FT 1/2,HTFT,60.4,0.017777777777777778,7.38,1 in 56
league_en,LEE - BRE,CS 0-5,CS,208.0,0.005162241887905605,7.37,1 in 193
league_en,LEE - ARS,CS 0-5,CS,208.0,0.005162241887905605,7.37,1 in 193
league_en,WHU - BOU,HT CS 0-3,HTCS,208.0,0.005162241887905605,7.37,1 in 193
league_en,FUL - CHE,HT/FT X/X,HTFT,8.07,0.13303769401330376,7.36,1 in 7
league_en,WHU - MNU,CS 4-2,CS,96.4,0.011135857461024499,7.35,1 in 89
league_en,BHA - WOL,HT CS 1-2,HTCS,16.9,0.06351550960118169,7.34,1 in 15
league_en,BRE - LIV,Exact 0,ExactGoals,11.0,0.09757887013939838,7.34,1 in 10
league_en,BRE - LIV,CS 0-0,CS,11.0,0.09757887013939838,7.34,1 in 10
league_en,TOT - CRY,Over 4.5,OU,9.14,0.11742983751846381,7.33,1 in 8
league_en,MNC - BOU,CS 2-2,CS,20.7,0.05185185185185185,7.33,1 in 19
league_en,FUL - LIV,HT CS 0-2,HTCS,9.96,0.1077490774907749,7.32,1 in 9
league_en,CHE - ARS,HT/FT X/1,HTFT,6.58,0.16309963099630997,7.32,1 in 6
league_en,BHA - WHU,CS 3-1,CS,21.4,0.05014749262536873,7.32,1 in 19
league_en,WOL - TOT,Away Win,1X2,7.22,0.14863870493009565,7.32,1 in 6
league_en,MNC - ARS,Exact 5,ExactGoals,10.9,0.09844559585492228,7.31,1 in 10
league_en,LIV - BOU,CS 5-1,CS,45.4,0.023633677991137372,7.3,1 in 42
league_en,ARS - NOT,HT CS 2-0,HTCS,8.19,0.13101406365655072,7.3,1 in 7
league_en,LEE - BOU,HT CS 3-0,HTCS,38.6,0.027798098024871983,7.3,1 in 35
league_en,WOL - BOU,Exact 6,ExactGoals,19.9,0.05391432791728213,7.29,1 in 18
league_en,AST - LIV,HT/FT X/X,HTFT,5.98,0.1793921423276501,7.28,1 in 5
league_en,NEW - BHA,HT CS 1-2,HTCS,25.9,0.04142011834319527,7.28,1 in 24
league_en,CHE - NOT,HT CS 0-2,HTCS,39.4,0.027225901398086828,7.27,1 in 36
league_en,TOT - BOU,HT CS 1-2,HTCS,25.5,0.04206642066420664,7.27,1 in 23
league_en,LEE - ARS,CS 3-1,CS,30.3,0.035398230088495575,7.26,1 in 28
league_en,LIV - BRE,CS 4-0,CS,60.6,0.017699115044247787,7.26,1 in 56
league_en,BUR - NEW,CS 3-2,CS,36.6,0.029304029304029304,7.25,1 in 34
league_en,MNC - ARS,HT/FT 1/2,HTFT,48.3,0.02220577350111029,7.25,1 in 45
league_en,WOL - CHE,CS 4-0,CS,161.0,0.006661732050333087,7.25,1 in 150
league_en,WHU - FUL,Over 4.5,OU,8.34,0.12858192505510654,7.24,1 in 7
league_en,ARS - WHU,HT CS 0-3,HTCS,121.0,0.008862629246676515,7.24,1 in 112
league_en,NOT - CHE,Exact 0,ExactGoals,16.7,0.06420664206642067,7.23,1 in 15
league_en,NOT - CHE,CS 0-0,CS,16.7,0.06420664206642067,7.23,1 in 15
league_en,ARS - NEW,Exact 6,ExactGoals,20.3,0.05282465150403522,7.23,1 in 18
league_en,MNC - MNU,HT/FT 2/1,HTFT,37.2,0.028824833702882482,7.23,1 in 34
league_en,BRE - NOT,CS 1-3,CS,41.6,0.02577319587628866,7.22,1 in 38
league_en,ARS - FUL,Exact 5,ExactGoals,9.92,0.10808823529411765,7.22,1 in 9
league_en,NOT - BHA,Away Win,1X2,4.27,0.2511013215859031,7.22,1 in 3
league_en,NOT - SUN,HT CS 2-1,HTCS,19.4,0.0552689756816507,7.22,1 in 18
league_en,BHA - BRE,HT CS 1-0,HTCS,5.83,0.18389955686853768,7.21,1 in 5
league_en,SUN - WHU,HT CS 1-2,HTCS,21.1,0.0508100147275405,7.21,1 in 19
league_en,TOT - FUL,Over 4.5,OU,7.51,0.14275202354672553,7.21,1 in 7
league_en,FUL - BHA,HT/FT 1/X,HTFT,15.5,0.06916850625459897,7.21,1 in 14
league_en,TOT - CHE,HT/FT X/1,HTFT,25.5,0.0420353982300885,7.19,1 in 23
league_en,TOT - CHE,HT CS 2-1,HTCS,33.8,0.03171091445427729,7.18,1 in 31
league_en,WOL - BUR,CS 4-1,CS,44.2,0.024246877296105803,7.17,1 in 41
league_en,LEE - AST,HT/FT 1/2,HTFT,34.5,0.03106508875739645,7.17,1 in 32
league_en,TOT - ARS,CS 4-0,CS,242.0,0.004428044280442804,7.16,1 in 225
league_en,EVE - SUN,Exact 4,ExactGoals,6.06,0.1768158473954512,7.15,1 in 5
league_en,MNU - WOL,HT CS 2-1,HTCS,18.6,0.05760709010339734,7.15,1 in 17
league_en,BRE - WHU,CS 2-3,CS,46.8,0.022895125553914326,7.15,1 in 43
league_en,EVE - TOT,CS 1-3,CS,45.4,0.02359882005899705,7.14,1 in 42
league_en,ARS - LEE,CS 3-2,CS,25.6,0.04185022026431718,7.14,1 in 23
league_en,CHE - SUN,Away Win,1X2,10.1,0.10608308605341246,7.14,1 in 9
league_en,NEW - ARS,CS 0-4,CS,112.0,0.009565857247976454,7.14,1 in 104
league_en,NEW - ARS,CS 2-4,CS,104.0,0.010301692420897719,7.14,1 in 97
league_en,CHE - BUR,HT/FT X/2,HTFT,21.1,0.05077262693156733,7.13,1 in 19
league_en,MNU - LEE,Under 1.5,OU,3.78,0.2833948339483395,7.12,1 in 3
league_en,WHU - WOL,HT CS 2-1,HTCS,19.6,0.05465288035450517,7.12,1 in 18
league_en,CRY - NOT,Exact 5,ExactGoals,11.3,0.09478324761204997,7.11,1 in 10
league_en,CHE - LEE,HT CS 2-1,HTCS,11.6,0.09231905465288036,7.09,1 in 10
league_en,WHU - MNC,HT CS 1-2,HTCS,17.8,0.06016140865737344,7.09,1 in 16
league_en,EVE - MNU,Draw,1X2,3.15,0.33997050147492625,7.09,1 in 2
league_en,LEE - ARS,CS 4-2,CS,121.0,0.008849557522123894,7.08,1 in 113
league_en,AST - FUL,HT CS 0-2,HTCS,24.7,0.04335047759000735,7.08,1 in 23
league_en,CHE - MNC,HT/FT 1/2,HTFT,85.1,0.012583271650629163,7.08,1 in 79
league_en,BRE - FUL,HT CS 0-3,HTCS,121.0,0.008849557522123894,7.08,1 in 113
league_en,WHU - LIV,HT CS 1-2,HTCS,15.6,0.06863468634686347,7.07,1 in 14
league_en,BRE - ARS,CS 2-4,CS,104.0,0.010294117647058823,7.06,1 in 97
league_en,BHA - MNU,Exact 0,ExactGoals,10.4,0.10294117647058823,7.06,1 in 9
league_en,BHA - MNU,CS 0-0,CS,10.4,0.10294117647058823,7.06,1 in 9
league_en,BUR - EVE,HT CS 1-2,HTCS,28.4,0.037694013303769404,7.05,1 in 26
league_en,AST - EVE,CS 6-0,CS,162.0,0.006607929515418502,7.05,1 in 151
league_en,LEE - CRY,HT/FT 2/1,HTFT,42.6,0.025129342202512936,7.05,1 in 39
league_en,WHU - BUR,CS 4-2,CS,96.4,0.011102886750555145,7.03,1 in 90
league_en,WOL - FUL,CS 4-1,CS,34.7,0.030837004405286344,7.0,1 in 32
league_en,MNU - ARS,CS 3-3,CS,60.9,0.017569546120058566,7.0,1 in 56
league_en,BUR - BOU,HT CS 1-2,HTCS,36.3,0.029476787030213707,7.0,1 in 33
league_en,TOT - LIV,CS 3-2,CS,48.4,0.02210759027266028,7.0,1 in 45
league_en,TOT - SUN,CS 2-3,CS,42.8,0.025,7.0,1 in 40
league_en,MNU - LIV,CS 4-2,CS,112.0,0.009551800146950772,6.98,1 in 104
league_en,NOT - BRE,HT/FT X/2,HTFT,7.99,0.1338757396449704,6.97,1 in 7
league_en,CRY - BHA,Exact 6,ExactGoals,27.3,0.03917220990391722,6.94,1 in 25
league_en,CRY - SUN,HT CS 1-2,HTCS,25.0,0.04277286135693215,6.93,1 in 23
league_en,SUN - MNU,HT CS 3-0,HTCS,66.2,0.016152716593245228,6.93,1 in 61
league_en,MNU - AST,CS 2-0,CS,17.3,0.06181015452538632,6.93,1 in 16
league_en,CRY - SUN,CS 3-3,CS,65.9,0.016224188790560472,6.92,1 in 61
league_en,MNC - LEE,Over 4.5,OU,6.62,0.16150442477876106,6.92,1 in 6
league_en,CRY - AST,HT CS 2-1,HTCS,19.5,0.05482456140350877,6.91,1 in 18
league_en,WHU - SUN,HT/FT 2/1,HTFT,40.3,0.026529108327192335,6.91,1 in 37
league_en,BHA - EVE,CS 3-2,CS,36.0,0.02969561989606533,6.9,1 in 33
league_en,FUL - LIV,CS 2-3,CS,28.4,0.037638376383763834,6.89,1 in 26
league_en,CHE - CRY,CS 0-2,CS,76.4,0.013991163475699559,6.89,1 in 71
league_en,WOL - SUN,CS 0-2,CS,37.0,0.028888888888888888,6.89,1 in 34
league_en,FUL - EVE,HT CS 2-0,HTCS,9.27,0.11529933481152993,6.88,1 in 8
league_en,ARS - FUL,CS 4-1,CS,33.8,0.03161764705882353,6.87,1 in 31
league_en,ARS - BOU,HT CS 2-1,HTCS,14.1,0.07579102281089035,6.87,1 in 13
league_en,MNC - SUN,HT/FT 1/X,HTFT,15.5,0.06893995552260934,6.86,1 in 14
league_en,LEE - WOL,HT/FT 1/2,HTFT,40.1,0.026646928201332347,6.85,1 in 37
league_en,BOU - ARS,CS 3-0,CS,69.2,0.015441176470588236,6.85,1 in 64
league_en,LIV - CHE,CS 1-4,CS,57.7,0.018518518518518517,6.85,1 in 54
league_en,CHE - LIV,CS 2-3,CS,39.3,0.02718589272593681,6.84,1 in 36
league_en,CRY - ARS,Exact 5,ExactGoals,10.7,0.09985315712187959,6.84,1 in 10
league_en,CRY - BRE,HT CS 3-0,HTCS,80.9,0.013206162876008804,6.84,1 in 75
league_en,BRE - NOT,CS 2-3,CS,46.8,0.022827687776141383,6.83,1 in 43
league_en,CRY - AST,CS 3-2,CS,39.5,0.027046783625730993,6.83,1 in 36
league_en,LEE - NEW,Exact 0,ExactGoals,11.7,0.09131075110456553,6.83,1 in 10
league_en,LEE - NEW,CS 0-0,CS,11.7,0.09131075110456553,6.83,1 in 10
league_en,TOT - SUN,CS 3-1,CS,22.7,0.047058823529411764,6.82,1 in 21
league_en,BRE - LIV,HT CS 3-0,HTCS,56.0,0.019075568598679385,6.82,1 in 52
league_en,LIV - BHA,CS 6-0,CS,162.0,0.006593406593406593,6.81,1 in 151
league_en,ARS - NEW,CS 3-3,CS,50.2,0.02127659574468085,6.81,1 in 47
league_en,BHA - FUL,CS 3-2,CS,32.3,0.03306392358559882,6.8,1 in 30
league_en,AST - MNC,CS 2-4,CS,130.0,0.008215085884988798,6.8,1 in 121
league_en,FUL - MNU,CS 0-5,CS,482.0,0.0022156573116691287,6.79,1 in 451
league_en,MNC - SUN,HT/FT 2/1,HTFT,33.5,0.03187546330615271,6.78,1 in 31
league_en,WHU - CRY,CS 4-0,CS,46.6,0.022912047302291204,6.77,1 in 43
league_en,BHA - ARS,CS 0-2,CS,12.5,0.08541973490427099,6.77,1 in 11
league_en,BOU - ARS,CS 4-0,CS,242.0,0.004411764705882353,6.76,1 in 226
league_en,BRE - LIV,HT CS 0-2,HTCS,13.6,0.07850330154071901,6.76,1 in 12
league_en,LEE - BUR,HT/FT 1/2,HTFT,43.8,0.024372230428360415,6.75,1 in 41
league_en,NEW - CRY,HT CS 0-1,HTCS,7.85,0.13595839524517087,6.73,1 in 7
league_en,ARS - SUN,HT CS 2-1,HTCS,13.4,0.07964601769911504,6.73,1 in 12
league_en,MNC - EVE,HT CS 0-2,HTCS,28.5,0.037444933920704845,6.72,1 in 26
league_en,MNC - AST,CS 2-3,CS,36.6,0.029154518950437316,6.71,1 in 34
league_en,MNC - AST,CS 5-1,CS,244.0,0.004373177842565598,6.71,1 in 228
league_en,BOU - MNC,CS 2-1,CS,14.1,0.07567964731814843,6.71,1 in 13
league_en,CHE - EVE,CS 3-2,CS,26.4,0.04041146216017634,6.69,1 in 24
league_en,NOT - CHE,Home Win,1X2,6.1,0.17490774907749077,6.69,1 in 5
league_en,WOL - NOT,CS 3-1,CS,15.4,0.06927044952100221,6.68,1 in 14
league_en,SUN - CRY,HT/FT 1/2,HTFT,60.4,0.017660044150110375,6.67,1 in 56
league_en,LIV - CHE,CS 0-5,CS,288.0,0.003703703703703704,6.67,1 in 270
league_en,LIV - CHE,CS 5-1,CS,240.0,0.0044444444444444444,6.67,1 in 225
league_en,EVE - LEE,HT/FT X/2,HTFT,10.9,0.09786607799852833,6.67,1 in 10
league_en,NOT - AST,Exact 6,ExactGoals,19.4,0.0549777117384844,6.66,1 in 18
league_en,LEE - CRY,HT CS 2-0,HTCS,11.1,0.09608277900960828,6.65,1 in 10
league_en,BRE - LEE,CS 0-3,CS,111.0,0.009608277900960829,6.65,1 in 104
league_en,ARS - NEW,CS 1-3,CS,25.5,0.04181951577402788,6.64,1 in 23
league_en,TOT - MNU,Over 4.5,OU,7.52,0.14180206794682423,6.64,1 in 7
league_en,MNC - AST,HT CS 0-2,HTCS,13.8,0.07725947521865889,6.62,1 in 12
league_en,ARS - SUN,CS 3-3,CS,55.6,0.019174041297935103,6.61,1 in 52
league_en,MNC - LEE,HT CS 1-2,HTCS,27.8,0.038348082595870206,6.61,1 in 26
league_en,WHU - FUL,CS 4-1,CS,55.8,0.019103600293901544,6.6,1 in 52
league_en,EVE - FUL,CS 0-1,CS,10.9,0.09779411764705882,6.6,1 in 10
league_en,WHU - EVE,HT/FT 2/1,HTFT,40.3,0.02645113886847906,6.6,1 in 37
league_en,BRE - WHU,HT/FT 1/2,HTFT,65.6,0.01624815361890694,6.59,1 in 61
league_en,WOL - AST,Over 4.5,OU,7.88,0.1352549889135255,6.58,1 in 7
league_en,EVE - BRE,HT CS 1-1,HTCS,6.08,0.1752958579881657,6.58,1 in 5
league_en,MNU - TOT,HT/FT 2/2,HTFT,10.3,0.10347376201034737,6.58,1 in 9
league_en,LIV - LEE,Exact 6,ExactGoals,16.5,0.0645879732739421,6.57,1 in 15
league_en,MNU - SUN,CS 4-2,CS,65.2,0.01634472511144131,6.57,1 in 61
league_en,MNU - SUN,Over 4.5,OU,7.47,0.1426448736998514,6.56,1 in 7
league_en,WHU - BOU,HT/FT 1/X,HTFT,17.0,0.06268436578171091,6.56,1 in 15
league_en,EVE - BOU,HT CS 0-2,HTCS,22.9,0.0465288035450517,6.55,1 in 21
league_en,BOU - ARS,HT/FT 1/2,HTFT,34.5,0.030882352941176472,6.54,1 in 32
league_en,AST - MNU,Exact 6,ExactGoals,17.3,0.06158357771260997,6.54,1 in 16
league_en,BRE - AST,HT CS 0-3,HTCS,62.9,0.016936671575846832,6.53,1 in 59
league_en,SUN - MNU,Exact 6,ExactGoals,23.4,0.04552129221732746,6.52,1 in 21
league_en,ARS - MNC,CS 3-0,CS,23.8,0.04475421863536317,6.52,1 in 22
league_en,BRE - WOL,HT/FT X/X,HTFT,5.77,0.18461538461538463,6.52,1 in 5
league_en,NEW - CRY,HT/FT X/1,HTFT,6.4,0.1664190193164933,6.51,1 in 6
league_en,NOT - MNC,CS 2-3,CS,31.3,0.034023668639053255,6.49,1 in 29
league_en,MNU - BOU,CS 5-0,CS,63.1,0.016874541452677916,6.48,1 in 59
league_en,MNC - CHE,HT/FT 1/X,HTFT,16.8,0.06337509211495947,6.47,1 in 15
league_en,EVE - CRY,HT CS 1-2,HTCS,25.0,0.042584434654919234,6.46,1 in 23
league_en,BHA - LEE,HT CS 1-2,HTCS,25.0,0.042584434654919234,6.46,1 in 23
league_en,NOT - BHA,HT/FT X/2,HTFT,12.5,0.08516886930983847,6.46,1 in 11
league_en,EVE - CRY,CS 3-3,CS,65.9,0.016152716593245228,6.45,1 in 61
league_en,MNC - BUR,HT/FT 2/1,HTFT,37.2,0.028613352898019074,6.44,1 in 34
league_en,FUL - CHE,CS 4-1,CS,180.0,0.005912786400591279,6.43,1 in 169
league_en,TOT - WOL,HT/FT 2/X,HTFT,13.1,0.08124076809453472,6.43,1 in 12
league_en,BHA - NOT,HT/FT 1/X,HTFT,14.3,0.07442888725128961,6.43,1 in 13
league_en,AST - CRY,CS 4-1,CS,24.0,0.04434589800443459,6.43,1 in 22
league_en,EVE - WHU,HT CS 2-1,HTCS,18.7,0.056910569105691054,6.42,1 in 17
league_en,CRY - FUL,HT CS 0-2,HTCS,14.8,0.07190511489992588,6.42,1 in 13
league_en,BRE - CHE,Over 4.5,OU,7.27,0.14634146341463414,6.39,1 in 6
league_en,BOU - CHE,CS 1-0,CS,27.6,0.0385470719051149,6.39,1 in 25
league_en,BHA - LEE,HT/FT 1/X,HTFT,13.8,0.07709251101321586,6.39,1 in 12
league_en,EVE - SUN,HT CS 1-2,HTCS,25.0,0.0425531914893617,6.38,1 in 23
league_en,NEW - BHA,CS 4-0,CS,28.2,0.03772189349112426,6.38,1 in 26
league_en,BUR - NEW,CS 2-3,CS,33.0,0.03223443223443224,6.37,1 in 31
league_en,MNU - CRY,CS 0-3,CS,95.8,0.011102886750555145,6.37,1 in 90
league_en,CHE - NEW,CS 2-4,CS,160.0,0.0066469719350073855,6.35,1 in 150
league_en,TOT - WOL,HT/FT 2/1,HTFT,57.6,0.01846381093057607,6.35,1 in 54
league_en,ARS - WHU,HT CS 3-0,HTCS,28.8,0.03692762186115214,6.35,1 in 27
league_en,MNC - WHU,HT/FT 2/1,HTFT,35.2,0.03021370670596905,6.35,1 in 33
league_en,LIV - CRY,Exact 5,ExactGoals,8.67,0.12262773722627737,6.32,1 in 8
league_en,FUL - SUN,HT CS 1-2,HTCS,30.1,0.03532008830022075,6.31,1 in 28
league_en,BUR - SUN,HT/FT 2/X,HTFT,15.5,0.06858407079646017,6.31,1 in 14
league_en,LEE - SUN,HT/FT 1/X,HTFT,13.8,0.07703595011005136,6.31,1 in 12
league_en,FUL - SUN,CS 4-0,CS,46.6,0.022810890360559236,6.3,1 in 43
league_en,NEW - MNC,HT/FT 1/2,HTFT,55.4,0.01918819188191882,6.3,1 in 52
league_en,WOL - CHE,HT/FT 1/1,HTFT,6.44,0.16506291635825315,6.3,1 in 6
league_en,EVE - NOT,HT CS 1-2,HTCS,21.1,0.05037037037037037,6.28,1 in 19
league_en,FUL - LIV,CS 0-5,CS,180.0,0.005904059040590406,6.27,1 in 169
league_en,BRE - NOT,HT/FT 1/2,HTFT,65.6,0.016200294550810016,6.27,1 in 61
league_en,NEW - CRY,Under 1.5,OU,4.47,0.237741456166419,6.27,1 in 4
league_en,LEE - SUN,HT/FT 2/1,HTFT,42.6,0.024944974321349962,6.27,1 in 40
league_en,WOL - MNC,CS 3-3,CS,53.6,0.019823788546255508,6.26,1 in 50
league_en,FUL - SUN,Exact 0,ExactGoals,9.5,0.11184694628403238,6.25,1 in 8
league_en,FUL - SUN,CS 0-0,CS,9.5,0.11184694628403238,6.25,1 in 8
league_en,LEE - BUR,CS 1-2,CS,10.5,0.10118168389955687,6.24,1 in 9
league_en,NOT - AST,CS 0-1,CS,9.47,0.11218424962852898,6.24,1 in 8
league_en,BHA - LEE,Exact 6,ExactGoals,27.3,0.038913362701908955,6.23,1 in 25
league_en,WOL - EVE,HT/FT 1/X,HTFT,15.5,0.06853352984524687,6.23,1 in 14
league_en,NOT - LEE,CS 3-2,CS,35.1,0.03025830258302583,6.21,1 in 33
league_en,NEW - CRY,CS 2-1,CS,8.56,0.12407132243684993,6.21,1 in 8
league_en,SUN - BHA,CS 3-3,CS,65.9,0.01611721611721612,6.21,1 in 62
league_en,FUL - AST,HT/FT 1/2,HTFT,37.7,0.028169014084507043,6.2,1 in 35
league_en,EVE - SUN,Over 3.5,OU,3.75,0.28319882611885544,6.2,1 in 3
league_en,CRY - MNC,HT CS 2-0,HTCS,14.3,0.07426470588235294,6.2,1 in 13
league_en,AST - ARS,Exact 6,ExactGoals,18.0,0.058997050147492625,6.19,1 in 16
league_en,BOU - EVE,CS 1-4,CS,96.2,0.011037527593818985,6.18,1 in 90
league_en,CHE - EVE,HT/FT 2/2,HTFT,17.0,0.06245407788390889,6.17,1 in 16
league_en,NOT - MNU,CS 0-5,CS,482.0,0.0022026431718061676,6.17,1 in 453
league_en,LEE - SUN,Exact 6,ExactGoals,27.3,0.03888481291269259,6.16,1 in 25
league_en,ARS - AST,Exact 1,ExactGoals,5.49,0.19335793357933578,6.15,1 in 5
league_en,CHE - WHU,CS 0-2,CS,55.4,0.01915991156963891,6.15,1 in 52
league_en,WHU - NOT,CS 0-3,CS,47.9,0.022156573116691284,6.13,1 in 45
league_en,EVE - BHA,HT/FT 1/2,HTFT,60.4,0.017569546120058566,6.12,1 in 56
league_en,MNC - NOT,HT/FT 2/X,HTFT,15.0,0.0707442888725129,6.12,1 in 14
league_en,CHE - NOT,CS 4-1,CS,20.6,0.051508462104488596,6.11,1 in 19
league_en,ARS - LIV,Exact 5,ExactGoals,10.9,0.09734513274336283,6.11,1 in 10
league_en,NEW - BUR,HT/FT X/1,HTFT,7.34,0.14455151964418086,6.1,1 in 6
league_en,FUL - EVE,HT CS 2-1,HTCS,19.4,0.05469327420546933,6.1,1 in 18
league_en,MNU - SUN,HT/FT 2/1,HTFT,35.7,0.029717682020802376,6.09,1 in 33
league_en,WOL - LEE,HT/FT 2/X,HTFT,15.5,0.0684326710816777,6.07,1 in 14
league_en,BRE - AST,HT CS 0-0,HTCS,4.08,0.2599410898379971,6.06,1 in 3
league_en,LEE - BOU,CS 3-1,CS,17.9,0.0592538405267008,6.06,1 in 16
league_en,NOT - AST,Exact 1,ExactGoals,5.85,0.1812778603268945,6.05,1 in 5
league_en,LIV - BHA,HT CS 3-0,HTCS,18.8,0.05641025641025641,6.05,1 in 17
league_en,MNC - BOU,HT/FT X/X,HTFT,7.38,0.1437037037037037,6.05,1 in 6
league_en,LIV - WOL,HT/FT 1/X,HTFT,13.4,0.07914201183431953,6.05,1 in 12
league_en,CHE - NOT,Away Win,1X2,7.96,0.13318616629874908,6.02,1 in 7
league_en,BOU - CRY,CS 1-4,CS,96.2,0.011021307861866276,6.02,1 in 90
league_en,BRE - WHU,HT/FT 1/X,HTFT,14.5,0.07311669128508123,6.02,1 in 13
league_en,MNC - LEE,Exact 5,ExactGoals,9.78,0.1084070796460177,6.02,1 in 9
league_en,BOU - NOT,CS 3-1,CS,26.1,0.04062038404726736,6.02,1 in 24
league_en,SUN - NOT,HT CS 3-0,HTCS,53.2,0.01992619926199262,6.01,1 in 50
league_en,TOT - FUL,HT/FT X/1,HTFT,9.8,0.10816777041942605,6.0,1 in 9
league_en,LEE - FUL,Exact 0,ExactGoals,10.4,0.1019202363367799,6.0,1 in 9
league_en,LEE - FUL,CS 0-0,CS,10.4,0.1019202363367799,6.0,1 in 9
league_en,BOU - ARS,HT/FT X/1,HTFT,13.6,0.07794117647058824,6.0,1 in 12
league_en,ARS - EVE,CS 4-0,CS,28.2,0.03758290346352248,5.98,1 in 26
league_en,LEE - NOT,CS 2-0,CS,13.1,0.08088235294117647,5.96,1 in 12
league_en,LEE - CRY,CS 0-1,CS,11.2,0.09460458240946046,5.96,1 in 10
league_en,BRE - NOT,HT CS 0-2,HTCS,21.8,0.048600883652430045,5.95,1 in 20
league_en,WHU - LIV,Exact 6,ExactGoals,19.4,0.05461254612546126,5.95,1 in 18
league_en,BUR - WHU,CS 3-0,CS,18.2,0.05821665438467207,5.95,1 in 17
league_en,ARS - LEE,CS 0-3,CS,111.0,0.009544787077826725,5.95,1 in 104
league_en,EVE - WHU,HT/FT X/2,HTFT,9.75,0.10864745011086474,5.93,1 in 9
league_en,SUN - FUL,HT CS 3-0,HTCS,53.2,0.01991150442477876,5.93,1 in 50
league_en,SUN - WOL,HT/FT X/X,HTFT,5.83,0.18168389955686853,5.92,1 in 5
league_en,MNU - NEW,HT/FT 2/X,HTFT,14.2,0.07459379615952733,5.92,1 in 13
league_en,TOT - MNU,CS 3-0,CS,47.8,0.022156573116691284,5.91,1 in 45
league_en,FUL - BHA,HT CS 3-0,HTCS,38.9,0.027225901398086828,5.91,1 in 36
league_en,WOL - BOU,HT CS 3-0,HTCS,17.7,0.05982274741506647,5.89,1 in 16
league_en,TOT - MNU,Over 3.5,OU,3.2,0.3308714918759232,5.88,1 in 3
league_en,CHE - LEE,CS 1-2,CS,30.5,0.03471196454948301,5.87,1 in 28
league_en,WOL - LEE,Exact 0,ExactGoals,13.2,0.08020603384841796,5.87,1 in 12
league_en,WOL - LEE,CS 0-0,CS,13.2,0.08020603384841796,5.87,1 in 12
league_en,BOU - BHA,CS 0-4,CS,130.0,0.008142116950407105,5.85,1 in 122
league_en,LIV - EVE,CS 3-2,CS,25.2,0.04200442151805453,5.85,1 in 23
league_en,LEE - MNC,HT/FT X/2,HTFT,8.23,0.1286031042128603,5.84,1 in 7
league_en,AST - BHA,CS 5-0,CS,57.4,0.018436578171091445,5.83,1 in 54
league_en,NOT - TOT,CS 4-0,CS,35.0,0.03023598820058997,5.83,1 in 33
league_en,BRE - CHE,Exact 5,ExactGoals,10.3,0.10273466371027347,5.82,1 in 9
league_en,SUN - FUL,HT CS 1-2,HTCS,21.1,0.05014749262536873,5.81,1 in 19
league_en,BOU - FUL,HT/FT X/2,HTFT,8.24,0.12841328413284134,5.81,1 in 7
league_en,CHE - WOL,HT/FT 1/X,HTFT,16.6,0.06373626373626373,5.8,1 in 15
league_en,SUN - AST,HT CS 3-0,HTCS,89.4,0.011834319526627219,5.8,1 in 84
league_en,BOU - WHU,CS 2-3,CS,31.3,0.03379867744305658,5.79,1 in 29
league_en,MNU - SUN,CS 4-1,CS,33.9,0.031203566121842496,5.78,1 in 32
league_en,LIV - NOT,CS 1-4,CS,181.0,0.005843681519357195,5.77,1 in 171
league_en,SUN - LEE,HT/FT X/2,HTFT,10.9,0.09703703703703703,5.77,1 in 10
league_en,NOT - BRE,CS 4-0,CS,130.0,0.008136094674556213,5.77,1 in 122
league_en,CRY - MNC,Exact 0,ExactGoals,11.6,0.09117647058823529,5.76,1 in 10
league_en,CRY - MNC,CS 0-0,CS,11.6,0.09117647058823529,5.76,1 in 10
league_en,CHE - ARS,Over 4.5,OU,6.15,0.17195571955719557,5.75,1 in 5
league_en,WOL - NOT,Exact 6,ExactGoals,20.5,0.051584377302873984,5.75,1 in 19
league_en,TOT - BRE,HT/FT 1/X,HTFT,14.1,0.075,5.75,1 in 13
league_en,CRY - WOL,Exact 4,ExactGoals,5.41,0.19542772861356933,5.73,1 in 5
league_en,WOL - MNC,CS 0-4,CS,120.0,0.00881057268722467,5.73,1 in 113
league_en,AST - EVE,CS 2-4,CS,240.0,0.004405286343612335,5.73,1 in 226
league_en,WHU - NEW,CS 1-4,CS,53.1,0.01991150442477876,5.73,1 in 50
league_en,BUR - CHE,CS 2-2,CS,14.5,0.07290132547864507,5.71,1 in 13
league_en,SUN - CHE,Exact 6,ExactGoals,17.1,0.06181015452538632,5.7,1 in 16
league_en,AST - MNC,HT CS 2-0,HTCS,9.19,0.11501120238984316,5.7,1 in 8
league_en,NEW - ARS,HT/FT 2/1,HTFT,39.9,0.026490066225165563,5.7,1 in 37
league_en,WHU - FUL,HT/FT 2/1,HTFT,41.1,0.025716385011021307,5.69,1 in 38
league_en,CHE - WHU,CS 3-0,CS,10.1,0.10464259395725865,5.69,1 in 9
league_en,ARS - AST,CS 0-1,CS,11.1,0.0952029520295203,5.68,1 in 10
league_en,LEE - EVE,CS 4-1,CS,59.8,0.017673048600883652,5.68,1 in 56
league_en,LEE - EVE,HT/FT 1/X,HTFT,13.8,0.07658321060382917,5.68,1 in 13
league_en,BOU - CHE,Home Win,1X2,8.64,0.1223128243143069,5.68,1 in 8
league_en,CHE - NEW,CS 3-3,CS,51.1,0.0206794682422452,5.67,1 in 48
league_en,CHE - MNC,Exact 6,ExactGoals,17.2,0.0614359733530718,5.67,1 in 16
league_en,FUL - MNU,CS 4-1,CS,62.2,0.016986706056129987,5.66,1 in 58
league_en,NOT - BHA,CS 3-2,CS,35.1,0.03010279001468429,5.66,1 in 33
league_en,BUR - TOT,HT/FT 1/2,HTFT,95.3,0.011086474501108648,5.65,1 in 90
league_en,BRE - SUN,Exact 5,ExactGoals,9.33,0.11323529411764706,5.65,1 in 8
league_en,CHE - BOU,HT/FT 2/2,HTFT,22.5,0.04695524578136464,5.65,1 in 21
league_en,EVE - BRE,HT/FT 1/2,HTFT,38.6,0.027366863905325445,5.64,1 in 36
league_en,CHE - BUR,Draw,1X2,4.39,0.24061810154525387,5.63,1 in 4
league_en,WOL - SUN,HT/FT 2/X,HTFT,15.5,0.06814814814814815,5.63,1 in 14
league_en,MNU - AST,HT/FT 1/X,HTFT,13.8,0.07652685798381163,5.61,1 in 13
league_en,ARS - NOT,Exact 0,ExactGoals,12.3,0.08586232420429311,5.61,1 in 11
league_en,ARS - NOT,CS 0-0,CS,12.3,0.08586232420429311,5.61,1 in 11
league_en,MNU - WOL,Exact 0,ExactGoals,11.0,0.09601181683899557,5.61,1 in 10
league_en,MNU - WOL,CS 0-0,CS,11.0,0.09601181683899557,5.61,1 in 10
league_en,ARS - CHE,HT/FT X/1,HTFT,11.6,0.09104258443465492,5.61,1 in 10
league_en,BUR - MNC,Exact 0,ExactGoals,11.0,0.09601181683899557,5.61,1 in 10
league_en,BUR - MNC,CS 0-0,CS,11.0,0.09601181683899557,5.61,1 in 10
league_en,FUL - AST,Exact 4,ExactGoals,5.18,0.2038547071905115,5.6,1 in 4
league_en,NOT - TOT,CS 1-2,CS,17.9,0.058997050147492625,5.6,1 in 16
league_en,CRY - EVE,Exact 5,ExactGoals,13.2,0.08,5.6,1 in 12
league_en,NEW - SUN,CS 2-3,CS,57.4,0.01839587932303164,5.59,1 in 54
league_en,BUR - TOT,CS 1-2,CS,20.7,0.050997782705099776,5.57,1 in 19
league_en,MNU - BRE,CS 2-4,CS,95.7,0.011029411764705883,5.55,1 in 90
league_en,BHA - FUL,HT CS 3-0,HTCS,53.2,0.019838354151359296,5.54,1 in 50
league_en,BUR - AST,CS 5-0,CS,477.0,0.0022123893805309734,5.53,1 in 452
league_en,NEW - BHA,HT/FT X/2,HTFT,17.4,0.060650887573964495,5.53,1 in 16
league_en,NEW - FUL,CS 5-1,CS,95.4,0.011061946902654867,5.53,1 in 90
league_en,BRE - WOL,HT/FT 1/2,HTFT,55.4,0.01904761904761905,5.52,1 in 52
league_en,WOL - CHE,CS 3-0,CS,52.8,0.01998519615099926,5.52,1 in 50
league_en,SUN - NEW,HT/FT X/2,HTFT,7.91,0.13338246131171702,5.51,1 in 7
league_en,MNC - SUN,Draw,1X2,3.64,0.28984432913269087,5.5,1 in 3
league_en,WOL - AST,CS 2-3,CS,36.6,0.028824833702882482,5.5,1 in 34
league_en,FUL - TOT,HT/FT X/X,HTFT,5.59,0.18873445501097294,5.5,1 in 5
league_en,LEE - NEW,CS 1-4,CS,49.4,0.021354933726067747,5.49,1 in 46
league_en,CRY - NOT,HT CS 0-2,HTCS,14.8,0.07127112417340191,5.48,1 in 14
league_en,EVE - BOU,HT CS 3-0,HTCS,38.6,0.027326440177252585,5.48,1 in 36
league_en,AST - BOU,CS 1-3,CS,102.0,0.0103397341211226,5.47,1 in 96
league_en,LIV - MNU,CS 5-0,CS,102.0,0.0103397341211226,5.47,1 in 96
league_en,BRE - MNC,CS 1-4,CS,95.2,0.011078286558345642,5.47,1 in 90
league_en,ARS - LIV,Exact 0,ExactGoals,11.0,0.09587020648967552,5.46,1 in 10
league_en,ARS - LIV,CS 0-0,CS,11.0,0.09587020648967552,5.46,1 in 10
league_en,WOL - NEW,HT CS 0-2,HTCS,14.2,0.07426470588235294,5.46,1 in 13
league_en,LEE - BOU,HT/FT 2/X,HTFT,15.5,0.06803218727139722,5.45,1 in 14
league_en,BRE - ARS,HT/FT X/2,HTFT,9.89,0.10661764705882353,5.44,1 in 9
league_en,TOT - WHU,HT/FT X/1,HTFT,9.8,0.10759027266028003,5.44,1 in 9
league_en,AST - EVE,HT/FT 2/1,HTFT,31.9,0.03303964757709251,5.4,1 in 30
league_en,ARS - BRE,HT CS 2-1,HTCS,16.9,0.062360801781737196,5.39,1 in 16
league_en,BRE - EVE,HT/FT 2/1,HTFT,32.5,0.032424465733235076,5.38,1 in 30
league_en,NOT - MNC,HT/FT 2/X,HTFT,13.7,0.07692307692307693,5.38,1 in 13
league_en,SUN - WOL,Exact 0,ExactGoals,11.6,0.09084194977843427,5.38,1 in 11
league_en,SUN - WOL,CS 0-0,CS,11.6,0.09084194977843427,5.38,1 in 11
league_en,SUN - NEW,CS 0-4,CS,65.0,0.016212232866617538,5.38,1 in 61
league_en,MNU - SUN,CS 2-3,CS,59.1,0.017830609212481426,5.38,1 in 56
league_en,BOU - SUN,CS 0-4,CS,130.0,0.008106116433308769,5.38,1 in 123
league_en,BUR - AST,CS 2-3,CS,30.4,0.03466076696165192,5.37,1 in 28
league_en,WOL - BHA,HT/FT X/2,HTFT,17.2,0.061254612546125464,5.36,1 in 16
league_en,LIV - CHE,HT CS 0-3,HTCS,50.8,0.02074074074074074,5.36,1 in 48
league_en,NOT - LIV,CS 3-3,CS,44.7,0.023564064801178203,5.33,1 in 42
league_en,WHU - CRY,CS 0-4,CS,285.0,0.003695491500369549,5.32,1 in 270
league_en,WOL - BOU,CS 3-2,CS,31.0,0.033973412112259974,5.32,1 in 29
league_en,CRY - BHA,HT CS 1-2,HTCS,25.0,0.04212860310421286,5.32,1 in 23
league_en,EVE - BOU,HT/FT 1/X,HTFT,15.5,0.06794682422451995,5.32,1 in 14
league_en,NEW - WOL,CS 1-4,CS,95.2,0.011061946902654867,5.31,1 in 90
league_en,WOL - WHU,CS 1-3,CS,43.4,0.02426470588235294,5.31,1 in 41
league_en,MNU - FUL,CS 1-3,CS,43.4,0.02426470588235294,5.31,1 in 41
league_en,BHA - ARS,CS 0-4,CS,65.0,0.016200294550810016,5.3,1 in 61
league_en,MNU - AST,CS 5-0,CS,477.0,0.002207505518763797,5.3,1 in 453
league_en,EVE - NEW,CS 2-2,CS,10.6,0.09933774834437085,5.3,1 in 10
league_en,NEW - BUR,HT/FT 2/X,HTFT,13.4,0.07857672349888807,5.29,1 in 12
league_en,WOL - ARS,CS 1-3,CS,25.9,0.04065040650406504,5.28,1 in 24
league_en,EVE - TOT,CS 3-0,CS,18.3,0.05752212389380531,5.27,1 in 17
league_en,LEE - WOL,CS 1-4,CS,54.7,0.01924500370096225,5.27,1 in 51
league_en,EVE - NOT,CS 3-2,CS,32.3,0.03259259259259259,5.27,1 in 30
league_en,CRY - AST,CS 4-0,CS,180.0,0.005847953216374269,5.26,1 in 171
league_en,NOT - FUL,HT CS 1-0,HTCS,4.44,0.23707533234859676,5.26,1 in 4
league_en,MNU - TOT,HT CS 2-1,HTCS,16.0,0.06577974870657798,5.25,1 in 15
league_en,MNC - NEW,CS 0-2,CS,16.7,0.06300963676797627,5.23,1 in 15
league_en,TOT - WHU,CS 2-0,CS,17.0,0.06190125276344879,5.23,1 in 16
league_en,LIV - WHU,HT/FT 1/2,HTFT,75.6,0.01391941391941392,5.23,1 in 71
league_en,NOT - LIV,Over 3.5,OU,3.06,0.3438880706921944,5.23,1 in 2
league_en,WOL - ARS,Over 3.5,OU,3.25,0.3237250554323725,5.21,1 in 3
league_en,LEE - FUL,CS 2-3,CS,38.5,0.027326440177252585,5.21,1 in 36
league_en,NOT - BRE,HT/FT 2/1,HTFT,50.8,0.020710059171597635,5.21,1 in 48
league_en,MNC - MNU,Exact 6,ExactGoals,19.5,0.05395417590539542,5.21,1 in 18
league_en,BRE - MNC,HT CS 3-0,HTCS,41.9,0.025110782865583457,5.21,1 in 39
league_en,FUL - TOT,HT/FT 1/2,HTFT,84.6,0.012435991221653255,5.21,1 in 80
league_en,FUL - WOL,CS 3-0,CS,37.4,0.028127313101406367,5.2,1 in 35
league_en,MNC - WOL,HT/FT 1/1,HTFT,3.61,0.29142011834319526,5.2,1 in 3
league_en,LIV - BOU,HT CS 0-3,HTCS,356.0,0.0029542097488921715,5.17,1 in 338
league_en,NOT - LEE,CS 0-4,CS,285.0,0.0036900369003690036,5.17,1 in 271
league_en,CRY - BUR,CS 1-0,CS,10.7,0.09828741623231571,5.17,1 in 10
league_en,BRE - FUL,CS 1-2,CS,15.5,0.06784660766961652,5.16,1 in 14
league_en,TOT - LEE,HT/FT X/1,HTFT,7.91,0.1329394387001477,5.16,1 in 7
league_en,LEE - NOT,HT/FT 1/X,HTFT,14.3,0.07352941176470588,5.15,1 in 13
league_en,LIV - TOT,HT CS 0-1,HTCS,10.4,0.1011070110701107,5.15,1 in 9
league_en,MNU - LIV,CS 5-0,CS,477.0,0.002204261572373255,5.14,1 in 453
league_en,LIV - MNC,HT CS 1-2,HTCS,20.6,0.05103550295857988,5.13,1 in 19
league_en,BOU - WHU,HT/FT 1/1,HTFT,4.66,0.22556943423952977,5.12,1 in 4
league_en,BRE - AST,Exact 1,ExactGoals,5.49,0.19145802650957292,5.11,1 in 5
league_en,CHE - MNC,HT CS 0-2,HTCS,28.4,0.037009622501850484,5.11,1 in 27
league_en,LEE - NEW,HT/FT 2/1,HTFT,54.9,0.01914580265095729,5.11,1 in 52
league_en,FUL - BRE,HT/FT X/1,HTFT,10.2,0.10303928836174944,5.1,1 in 9
league_en,LEE - EVE,Draw,1X2,3.03,0.34683357879234167,5.09,1 in 2
league_en,SUN - AST,HT/FT X/2,HTFT,7.4,0.14201183431952663,5.09,1 in 7
league_en,AST - WOL,HT CS 0-2,HTCS,18.6,0.05649303008070433,5.08,1 in 17
league_en,ARS - NOT,CS 4-1,CS,33.8,0.031088082901554404,5.08,1 in 32
league_en,CHE - WHU,Exact 6,ExactGoals,15.5,0.06779661016949153,5.08,1 in 14
league_en,ARS - LIV,HT/FT 1/X,HTFT,13.7,0.07669616519174041,5.07,1 in 13
league_en,MNC - CHE,CS 3-2,CS,52.8,0.01989683124539425,5.06,1 in 50
league_en,BOU - BHA,HT/FT 2/X,HTFT,15.1,0.0695780903034789,5.06,1 in 14
league_en,MNC - WHU,CS 2-1,CS,8.91,0.11790714812085483,5.06,1 in 8
league_en,FUL - BRE,CS 3-2,CS,38.3,0.02742772424017791,5.05,1 in 36
league_en,WOL - BHA,HT/FT X/X,HTFT,6.59,0.15940959409594097,5.05,1 in 6
league_en,CHE - FUL,HT CS 1-2,HTCS,33.1,0.03173431734317343,5.04,1 in 31
league_en,BOU - NEW,CS 3-1,CS,39.8,0.026392961876832845,5.04,1 in 37
league_en,EVE - NEW,Exact 0,ExactGoals,11.7,0.08977189109639441,5.03,1 in 11
league_en,EVE - NEW,CS 0-0,CS,11.7,0.08977189109639441,5.03,1 in 11
league_en,EVE - AST,CS 0-6,CS,473.0,0.0022205773501110288,5.03,1 in 450
league_en,LIV - ARS,Exact 6,ExactGoals,18.0,0.058345642540620385,5.02,1 in 17
league_en,BUR - SUN,CS 1-2,CS,17.8,0.058997050147492625,5.01,1 in 16
league_en,WOL - EVE,HT CS 0-2,HTCS,28.5,0.036845983787767135,5.01,1 in 27
league_en,LIV - BHA,Over 4.5,OU,5.85,0.1794871794871795,5.0,1 in 5
league_en,FUL - CRY,CS 2-0,CS,9.45,0.1111111111111111,5.0,1 in 9
league_en,MNU - BRE,HT/FT 2/1,HTFT,47.6,0.022058823529411766,5.0,1 in 45
league_en,NEW - BOU,CS 1-0,CS,7.88,0.13323464100666174,4.99,1 in 7
league_en,BHA - EVE,CS 4-2,CS,101.0,0.010393466963622866,4.97,1 in 96
league_en,BHA - EVE,HT CS 0-3,HTCS,101.0,0.010393466963622866,4.97,1 in 96
league_en,SUN - AST,CS 0-6,CS,473.0,0.0022189349112426036,4.96,1 in 450
league_en,BHA - AST,CS 2-4,CS,59.3,0.017699115044247787,4.96,1 in 56
league_en,LIV - BOU,HT/FT 2/2,HTFT,14.5,0.0723781388478582,4.95,1 in 13
league_en,EVE - WHU,CS 5-0,CS,284.0,0.003695491500369549,4.95,1 in 270
league_en,BUR - EVE,Draw,1X2,3.43,0.30598669623059865,4.95,1 in 3
league_en,FUL - LIV,CS 1-3,CS,18.0,0.05830258302583026,4.94,1 in 17
league_en,LEE - TOT,HT/FT 2/X,HTFT,15.5,0.06769683590875644,4.93,1 in 14
league_en,BUR - EVE,HT/FT X/X,HTFT,5.94,0.17664449371766444,4.93,1 in 5
league_en,BUR - WHU,HT/FT 1/2,HTFT,67.8,0.015475313190862197,4.92,1 in 64
league_en,FUL - MNC,HT CS 3-0,HTCS,67.9,0.01545253863134658,4.92,1 in 64
league_en,LEE - CRY,Away Win,1X2,3.54,0.29637841832963785,4.92,1 in 3
league_en,EVE - BUR,HT/FT X/2,HTFT,8.5,0.12343864805290228,4.92,1 in 8
league_en,FUL - EVE,CS 3-3,CS,83.5,0.012564671101256468,4.92,1 in 79
league_en,BHA - FUL,HT CS 2-0,HTCS,11.8,0.08890521675238795,4.91,1 in 11
league_en,FUL - WHU,HT CS 3-0,HTCS,48.8,0.021497405485544848,4.91,1 in 46
league_en,BRE - SUN,HT/FT X/2,HTFT,17.4,0.060294117647058824,4.91,1 in 16
league_en,NOT - LEE,Over 4.5,OU,9.23,0.11365313653136531,4.9,1 in 8
league_en,EVE - BOU,CS 0-4,CS,284.0,0.003692762186115214,4.87,1 in 270
league_en,CRY - MNU,HT CS 2-1,HTCS,20.1,0.05216752387950037,4.86,1 in 19
league_en,WOL - FUL,HT/FT X/1,HTFT,6.8,0.15418502202643172,4.85,1 in 6
league_en,LEE - BUR,HT/FT X/2,HTFT,8.5,0.12333825701624815,4.84,1 in 8
league_en,BUR - CHE,Exact 4,ExactGoals,5.54,0.18924889543446244,4.84,1 in 5
league_en,LEE - EVE,Under 1.5,OU,3.35,0.312960235640648,4.84,1 in 3
league_en,CRY - SUN,HT/FT 2/X,HTFT,13.8,0.07595870206489676,4.82,1 in 13
league_en,AST - LEE,CS 0-1,CS,20.6,0.05088495575221239,4.82,1 in 19
league_en,LIV - WHU,HT CS 2-0,HTCS,7.57,0.13846153846153847,4.82,1 in 7
league_en,AST - ARS,HT/FT 2/1,HTFT,37.4,0.028023598820058997,4.81,1 in 35
league_en,NEW - TOT,HT CS 1-2,HTCS,35.5,0.02952029520295203,4.8,1 in 33
league_en,SUN - NOT,CS 5-0,CS,284.0,0.0036900369003690036,4.8,1 in 271
league_en,FUL - BOU,HT CS 1-2,HTCS,35.5,0.02952029520295203,4.8,1 in 33
league_en,BRE - ARS,HT/FT 1/2,HTFT,47.5,0.022058823529411766,4.78,1 in 45
league_en,LIV - AST,HT/FT 1/2,HTFT,47.5,0.022058823529411766,4.78,1 in 45
league_en,SUN - LEE,HT CS 0-2,HTCS,17.9,0.05851851851851852,4.75,1 in 17
league_en,MNC - CRY,HT CS 0-3,HTCS,179.0,0.005852231163130944,4.75,1 in 170
league_en,MNC - BHA,HT/FT X/X,HTFT,6.59,0.15894039735099338,4.74,1 in 6
league_en,CRY - EVE,HT CS 0-3,HTCS,101.0,0.01037037037037037,4.74,1 in 96
league_en,LEE - NOT,CS 0-3,CS,38.5,0.027205882352941177,4.74,1 in 36
league_en,LEE - BHA,HT CS 0-3,HTCS,101.0,0.01037037037037037,4.74,1 in 96
league_en,TOT - BOU,HT/FT X/1,HTFT,7.43,0.14095940959409595,4.73,1 in 7
league_en,AST - CRY,HT CS 2-1,HTCS,13.0,0.08056171470805618,4.73,1 in 12
league_en,CRY - BOU,CS 0-4,CS,284.0,0.003687315634218289,4.72,1 in 271
league_en,MNU - EVE,HT CS 1-2,HTCS,28.4,0.03687315634218289,4.72,1 in 27
league_en,EVE - MNU,CS 5-1,CS,284.0,0.003687315634218289,4.72,1 in 271
league_en,WOL - MNU,CS 1-2,CS,13.9,0.07533234859675036,4.71,1 in 13
league_en,BOU - CHE,CS 2-0,CS,56.5,0.018532246108228317,4.71,1 in 53
league_en,TOT - FUL,CS 0-3,CS,27.9,0.037527593818984545,4.7,1 in 26
league_en,CRY - WHU,HT CS 0-2,HTCS,14.8,0.0707442888725129,4.7,1 in 14
league_en,WHU - BHA,CS 0-4,CS,285.0,0.0036737692872887582,4.7,1 in 272
league_en,NOT - BHA,CS 1-2,CS,15.5,0.06754772393538913,4.7,1 in 14
league_en,WHU - FUL,Over 3.5,OU,3.45,0.30345334313005146,4.69,1 in 3
league_en,BUR - MNU,HT CS 0-2,HTCS,17.3,0.06051660516605166,4.69,1 in 16
league_en,CHE - SUN,HT/FT X/2,HTFT,28.8,0.03635014836795252,4.69,1 in 27
league_en,LEE - CHE,CS 2-0,CS,47.6,0.021994134897360705,4.69,1 in 45
league_en,NOT - WOL,CS 3-2,CS,36.5,0.028676470588235293,4.67,1 in 34
league_en,BOU - CHE,CS 4-0,CS,706.0,0.0014825796886582653,4.67,1 in 674
league_en,NEW - BHA,CS 1-3,CS,56.6,0.01849112426035503,4.66,1 in 54
league_en,CHE - MNC,CS 1-2,CS,20.2,0.05181347150259067,4.66,1 in 19
league_en,MNC - MNU,HT/FT X/2,HTFT,12.0,0.08721359940872137,4.66,1 in 11
league_en,BUR - MNC,CS 0-3,CS,38.3,0.027326440177252585,4.66,1 in 36
league_en,CHE - LEE,Exact 6,ExactGoals,13.0,0.08050221565731167,4.65,1 in 12
league_en,LIV - BOU,CS 3-2,CS,30.8,0.033973412112259974,4.64,1 in 29
league_en,CRY - AST,CS 3-3,CS,42.1,0.024853801169590642,4.63,1 in 40
league_en,BUR - TOT,HT CS 1-2,HTCS,36.3,0.028824833702882482,4.63,1 in 34
league_en,NOT - MNC,HT/FT 1/2,HTFT,41.6,0.02514792899408284,4.62,1 in 39
league_en,SUN - AST,HT/FT 1/2,HTFT,34.5,0.030325443786982247,4.62,1 in 32
league_en,AST - FUL,CS 1-3,CS,49.1,0.0213078618662748,4.62,1 in 46
league_en,BOU - CRY,HT/FT X/2,HTFT,9.43,0.1109478324761205,4.62,1 in 9
league_en,CHE - MNC,CS 5-1,CS,67.3,0.015544041450777202,4.61,1 in 64
league_en,CHE - WHU,CS 3-3,CS,83.5,0.012527634487840826,4.61,1 in 79
league_en,ARS - MNU,CS 1-0,CS,9.52,0.10987379361544172,4.6,1 in 9
league_en,EVE - SUN,HT CS 2-1,HTCS,19.8,0.05282465150403522,4.59,1 in 18
league_en,TOT - LEE,Exact 6,ExactGoals,28.9,0.0361890694239291,4.59,1 in 27
league_en,WHU - BRE,HT/FT 2/X,HTFT,13.9,0.0752212389380531,4.56,1 in 13
league_en,CHE - BRE,CS 4-1,CS,30.3,0.03450807635829662,4.56,1 in 28
league_en,WOL - TOT,CS 4-1,CS,24.5,0.042678440029433405,4.56,1 in 23
league_en,LIV - WOL,HT CS 0-2,HTCS,18.6,0.05621301775147929,4.56,1 in 17
league_en,BOU - CRY,HT CS 0-3,HTCS,83.7,0.012490815576781777,4.55,1 in 80
league_en,CRY - NEW,Exact 6,ExactGoals,19.2,0.054451802796173655,4.55,1 in 18
league_en,EVE - AST,HT/FT X/1,HTFT,12.5,0.08364174685418209,4.55,1 in 11
league_en,BRE - NOT,CS 3-3,CS,54.6,0.01914580265095729,4.54,1 in 52
league_en,NOT - TOT,HT CS 3-0,HTCS,31.5,0.033185840707964605,4.54,1 in 30
league_en,CRY - BUR,Exact 6,ExactGoals,23.4,0.044676098287416234,4.54,1 in 22
league_en,LIV - LEE,CS 0-3,CS,128.0,0.008166295471417966,4.53,1 in 122
league_en,FUL - WHU,Exact 6,ExactGoals,23.9,0.04373610081541883,4.53,1 in 22
league_en,FUL - BRE,CS 0-5,CS,235.0,0.004447739065974796,4.52,1 in 224
league_en,CHE - WOL,HT/FT X/1,HTFT,6.02,0.17362637362637362,4.52,1 in 5
league_en,CRY - WHU,CS 4-0,CS,78.8,0.013264554163596167,4.52,1 in 75
league_en,CRY - BHA,HT CS 0-3,HTCS,101.0,0.010347376201034738,4.51,1 in 96
league_en,WHU - NEW,CS 3-2,CS,38.3,0.02728613569321534,4.51,1 in 36
league_en,MNC - MNU,HT CS 2-0,HTCS,9.82,0.10643015521064302,4.51,1 in 9
league_en,BUR - MNU,Exact 6,ExactGoals,24.0,0.043542435424354244,4.5,1 in 22
league_en,LEE - NOT,HT CS 2-1,HTCS,18.7,0.05588235294117647,4.5,1 in 17
league_en,LEE - TOT,CS 0-4,CS,284.0,0.003679175864606328,4.49,1 in 271
league_en,BRE - AST,Exact 0,ExactGoals,11.0,0.09499263622974963,4.49,1 in 10
league_en,BRE - AST,CS 0-0,CS,11.0,0.09499263622974963,4.49,1 in 10
league_en,BHA - BUR,Exact 6,ExactGoals,23.4,0.04465592972181552,4.49,1 in 22
league_en,EVE - MNC,HT CS 0-3,HTCS,48.6,0.021497405485544848,4.48,1 in 46
league_en,TOT - WHU,HT/FT 2/X,HTFT,13.9,0.07516580692704496,4.48,1 in 13
league_en,MNC - SUN,HT CS 1-1,HTCS,6.68,0.156412157153447,4.48,1 in 6
league_en,WHU - EVE,CS 3-1,CS,18.0,0.05804555473916238,4.48,1 in 17
league_en,LIV - ARS,Exact 0,ExactGoals,12.3,0.08493353028064993,4.47,1 in 11
league_en,LIV - ARS,CS 0-0,CS,12.3,0.08493353028064993,4.47,1 in 11
league_en,WOL - SUN,HT/FT X/2,HTFT,17.2,0.06074074074074074,4.47,1 in 16
league_en,BOU - BHA,CS 1-3,CS,28.8,0.03626943005181347,4.46,1 in 27
league_en,EVE - LEE,Exact 6,ExactGoals,27.3,0.03826342899190582,4.46,1 in 26
league_en,FUL - CRY,CS 3-3,CS,83.5,0.012509197939661517,4.45,1 in 79
league_en,FUL - BHA,CS 3-3,CS,83.5,0.012509197939661517,4.45,1 in 79
league_en,CHE - LIV,HT/FT 2/X,HTFT,13.8,0.07567964731814843,4.44,1 in 13
league_en,BOU - NEW,CS 0-4,CS,40.7,0.025659824046920823,4.44,1 in 38
league_en,BHA - LIV,Exact 6,ExactGoals,17.0,0.0614359733530718,4.44,1 in 16
league_en,TOT - BRE,CS 2-3,CS,26.8,0.03897058823529412,4.44,1 in 25
league_en,NEW - AST,HT/FT X/1,HTFT,8.55,0.12214863870493009,4.44,1 in 8
league_en,TOT - WHU,CS 3-0,CS,38.3,0.027266028002947678,4.43,1 in 36
league_en,WOL - BOU,Over 4.5,OU,6.67,0.15657311669128507,4.43,1 in 6
league_en,AST - LEE,CS 4-1,CS,24.0,0.043510324483775814,4.42,1 in 22
league_en,SUN - WOL,HT CS 0-0,HTCS,4.22,0.24741506646971936,4.41,1 in 4
league_en,LEE - NOT,CS 5-0,CS,284.0,0.003676470588235294,4.41,1 in 272
league_en,CHE - WHU,HT CS 2-0,HTCS,5.6,0.1864406779661017,4.41,1 in 5
league_en,EVE - AST,Home Win,1X2,3.94,0.26498889711324947,4.41,1 in 3
league_en,LIV - BOU,Over 4.5,OU,5.89,0.17725258493353027,4.4,1 in 5
league_en,TOT - NOT,HT/FT 1/X,HTFT,13.9,0.07511045655375552,4.4,1 in 13
league_en,WOL - BRE,HT/FT X/2,HTFT,9.71,0.10751104565537556,4.39,1 in 9
league_en,LIV - NOT,Under 1.5,OU,4.33,0.2410518626734843,4.38,1 in 4
league_en,BHA - EVE,CS 0-5,CS,703.0,0.0014847809948032665,4.38,1 in 673
league_en,SUN - NOT,CS 1-4,CS,83.2,0.012546125461254613,4.38,1 in 79
league_en,SUN - TOT,CS 1-0,CS,7.35,0.14201183431952663,4.38,1 in 7
league_en,FUL - BRE,Home Win,1X2,3.2,0.32616753150481836,4.37,1 in 3
league_en,CRY - AST,Over 4.5,OU,6.29,0.16593567251461988,4.37,1 in 6
league_en,LIV - SUN,CS 2-3,CS,59.1,0.017660044150110375,4.37,1 in 56
league_en,EVE - FUL,Over 4.5,OU,7.93,0.13161764705882353,4.37,1 in 7
league_en,MNU - CRY,CS 3-0,CS,15.0,0.0695780903034789,4.37,1 in 14
league_en,CHE - WHU,Exact 5,ExactGoals,8.14,0.12822402358142962,4.37,1 in 7
league_en,FUL - ARS,CS 0-5,CS,235.0,0.0044411547002220575,4.37,1 in 225
league_en,FUL - CRY,HT CS 2-0,HTCS,9.27,0.11258278145695365,4.36,1 in 8
league_en,SUN - BHA,Over 4.5,OU,9.19,0.11355311355311355,4.36,1 in 8
league_en,AST - CHE,CS 1-5,CS,202.0,0.0051660516605166054,4.35,1 in 193
league_en,BHA - NOT,CS 0-4,CS,118.0,0.008843036109064112,4.35,1 in 113
league_en,MNC - LEE,CS 4-1,CS,28.3,0.03687315634218289,4.35,1 in 27
league_en,BOU - WOL,CS 4-2,CS,129.0,0.008088235294117648,4.34,1 in 123
league_en,BHA - FUL,CS 5-0,CS,284.0,0.0036737692872887582,4.34,1 in 272
league_en,MNU - WHU,CS 5-1,CS,129.0,0.008088235294117648,4.34,1 in 123
league_en,CHE - BUR,HT CS 1-1,HTCS,6.72,0.15526122148638705,4.34,1 in 6
league_en,EVE - BUR,CS 5-1,CS,284.0,0.0036737692872887582,4.34,1 in 272
league_en,ARS - AST,Under 1.5,OU,3.79,0.27527675276752767,4.33,1 in 3
league_en,FUL - TOT,Over 4.5,OU,9.2,0.11338697878566203,4.32,1 in 8
league_en,BRE - FUL,CS 1-3,CS,41.6,0.025073746312684365,4.31,1 in 39
league_en,BHA - AST,HT/FT 1/2,HTFT,34.5,0.03023598820058997,4.31,1 in 33
league_en,NEW - WHU,CS 1-3,CS,41.6,0.025073746312684365,4.31,1 in 39
league_en,WHU - EVE,CS 3-3,CS,83.5,0.012490815576781777,4.3,1 in 80
league_en,BRE - BUR,HT CS 0-0,HTCS,4.41,0.23647146034099334,4.28,1 in 4
league_en,EVE - CHE,CS 1-4,CS,24.2,0.04309063893016345,4.28,1 in 23
league_en,SUN - LEE,HT/FT 2/X,HTFT,13.8,0.07555555555555556,4.27,1 in 13
league_en,TOT - FUL,HT CS 1-1,HTCS,6.27,0.16629874908020603,4.27,1 in 6
league_en,LIV - NEW,CS 3-1,CS,18.2,0.057291666666666664,4.27,1 in 17
league_en,BRE - BUR,HT/FT X/X,HTFT,5.96,0.17494440326167532,4.27,1 in 5
league_en,CHE - TOT,HT CS 2-1,HTCS,13.1,0.079587324981577,4.26,1 in 12
league_en,BOU - LIV,HT/FT X/X,HTFT,6.12,0.17033773861967694,4.25,1 in 5
league_en,BUR - EVE,HT/FT 1/X,HTFT,15.5,0.0672579453067258,4.25,1 in 14
league_en,BHA - MNC,HT CS 0-3,HTCS,48.6,0.021449704142011833,4.25,1 in 46
league_en,MNC - NEW,HT CS 2-1,HTCS,17.8,0.05856189770200148,4.24,1 in 17
league_en,BUR - BOU,Exact 0,ExactGoals,12.3,0.0847457627118644,4.24,1 in 11
league_en,BUR - BOU,CS 0-0,CS,12.3,0.0847457627118644,4.24,1 in 11
league_en,BOU - EVE,CS 3-3,CS,78.7,0.013245033112582781,4.24,1 in 75
league_en,BOU - WHU,BTTS No,BTTS,2.13,0.4893460690668626,4.23,1 in 2
league_en,WHU - MNU,Exact 0,ExactGoals,10.4,0.10022271714922049,4.23,1 in 9
league_en,WHU - MNU,CS 0-0,CS,10.4,0.10022271714922049,4.23,1 in 9
league_en,BRE - BUR,HT CS 2-1,HTCS,14.8,0.07042253521126761,4.23,1 in 14
league_en,TOT - BRE,HT CS 2-1,HTCS,22.5,0.04632352941176471,4.23,1 in 21
league_en,BHA - FUL,CS 4-0,CS,78.8,0.01322556943423953,4.22,1 in 75
league_en,BOU - LIV,CS 2-1,CS,16.7,0.06240822320117474,4.22,1 in 16
league_en,BOU - NOT,CS 4-1,CS,78.4,0.013293943870014771,4.22,1 in 75
league_en,MNC - BRE,Exact 0,ExactGoals,11.6,0.0898379970544919,4.21,1 in 11
league_en,MNC - BRE,CS 0-0,CS,11.6,0.0898379970544919,4.21,1 in 11
league_en,AST - CRY,CS 4-0,CS,23.5,0.04434589800443459,4.21,1 in 22
league_en,EVE - BRE,Over 4.5,OU,7.08,0.14718934911242604,4.21,1 in 6
league_en,EVE - BOU,CS 3-3,CS,83.0,0.012555391432791729,4.21,1 in 79
league_en,WHU - MNU,HT/FT X/1,HTFT,8.02,0.12991833704528583,4.19,1 in 7
league_en,WHU - TOT,CS 5-1,CS,118.0,0.008830022075055188,4.19,1 in 113
league_en,TOT - EVE,CS 0-2,CS,16.1,0.06470588235294118,4.18,1 in 15
league_en,BHA - CHE,CS 1-0,CS,27.8,0.03747244673034533,4.17,1 in 26
league_en,WHU - WOL,Exact 6,ExactGoals,21.7,0.048005908419497784,4.17,1 in 20
league_en,EVE - BOU,HT/FT 2/X,HTFT,15.5,0.0672082717872969,4.17,1 in 14
league_en,TOT - EVE,CS 3-3,CS,78.7,0.013235294117647059,4.16,1 in 75
league_en,CHE - AST,HT CS 1-2,HTCS,20.5,0.0508100147275405,4.16,1 in 19
league_en,TOT - MNC,CS 1-3,CS,16.9,0.061628760088041086,4.15,1 in 16
league_en,MNC - NEW,CS 5-0,CS,281.0,0.0037064492216456633,4.15,1 in 269
league_en,BHA - SUN,CS 0-5,CS,703.0,0.0014814814814814814,4.15,1 in 675
league_en,CRY - EVE,Over 4.5,OU,9.19,0.11333333333333333,4.15,1 in 8
league_en,TOT - BRE,CS 0-1,CS,9.08,0.11470588235294117,4.15,1 in 8
league_en,BUR - NOT,HT/FT 2/X,HTFT,14.8,0.07037037037037037,4.15,1 in 14
league_en,LEE - BHA,CS 4-0,CS,70.3,0.014814814814814815,4.15,1 in 67
league_en,BOU - FUL,CS 0-4,CS,78.4,0.013284132841328414,4.15,1 in 75
league_en,WOL - BRE,CS 2-0,CS,13.6,0.07658321060382917,4.15,1 in 13
league_en,LIV - SUN,CS 4-2,CS,48.8,0.021339220014716703,4.14,1 in 46
league_en,MNU - NEW,CS 5-1,CS,282.0,0.003692762186115214,4.14,1 in 270
league_en,FUL - NOT,HT CS 3-0,HTCS,48.8,0.021339220014716703,4.14,1 in 46
league_en,NOT - MNU,CS 4-0,CS,78.8,0.013215859030837005,4.14,1 in 75
league_en,NEW - TOT,HT CS 3-0,HTCS,17.0,0.061254612546125464,4.13,1 in 16
league_en,CRY - CHE,HT/FT 1/X,HTFT,19.4,0.05367647058823529,4.13,1 in 18
league_en,BUR - NOT,CS 4-1,CS,42.6,0.024444444444444446,4.13,1 in 40
league_en,EVE - FUL,CS 2-4,CS,118.0,0.008823529411764706,4.12,1 in 113
league_en,SUN - EVE,CS 1-4,CS,118.0,0.008823529411764706,4.12,1 in 113
league_en,TOT - CRY,Exact 5,ExactGoals,12.7,0.08197932053175776,4.11,1 in 12
league_en,BHA - LIV,Home Win,1X2,3.94,0.26424870466321243,4.11,1 in 3
league_en,BRE - WHU,CS 4-0,CS,38.1,0.027326440177252585,4.11,1 in 36
league_en,ARS - BOU,HT CS 2-0,HTCS,5.92,0.1758646063281825,4.11,1 in 5
league_en,BUR - MNU,CS 2-3,CS,45.5,0.022878228782287822,4.1,1 in 43
league_en,NOT - LEE,HT/FT 2/1,HTFT,40.3,0.025830258302583026,4.1,1 in 38
league_en,BOU - EVE,HT/FT 2/2,HTFT,4.7,0.22148638704930096,4.1,1 in 4
league_en,TOT - AST,Under 1.5,OU,4.31,0.24153166421207659,4.1,1 in 4
league_en,BOU - MNC,Home Win,1X2,3.86,0.26965466568699487,4.09,1 in 3
league_en,MNC - ARS,HT CS 2-1,HTCS,17.8,0.05847520355292376,4.09,1 in 17
league_en,BUR - BOU,Away Win,1X2,6.25,0.16654384672070743,4.09,1 in 6
league_en,FUL - WOL,HT CS 1-2,HTCS,17.8,0.05847520355292376,4.09,1 in 17
league_en,FUL - AST,CS 1-3,CS,18.0,0.05782060785767235,4.08,1 in 17
league_en,FUL - BRE,CS 4-2,CS,117.0,0.008895478131949592,4.08,1 in 112
league_en,EVE - ARS,CS 3-0,CS,46.8,0.02223869532987398,4.08,1 in 44
league_en,NOT - NEW,Under 1.5,OU,3.79,0.27461139896373055,4.08,1 in 3
league_en,ARS - BOU,CS 3-3,CS,94.3,0.011037527593818985,4.08,1 in 90
league_en,CRY - WOL,CS 3-3,CS,50.4,0.02064896755162242,4.07,1 in 48
league_en,NEW - FUL,HT CS 3-0,HTCS,28.8,0.036135693215339236,4.07,1 in 27
league_en,EVE - BHA,HT/FT 2/X,HTFT,13.8,0.07540263543191801,4.06,1 in 13
league_en,MNU - LEE,CS 2-4,CS,235.0,0.004428044280442804,4.06,1 in 225
league_en,NEW - CHE,HT/FT 1/X,HTFT,15.7,0.0662739322533137,4.05,1 in 15
league_en,SUN - CRY,HT CS 0-3,HTCS,101.0,0.010301692420897719,4.05,1 in 97
league_en,MNC - MNU,Over 4.5,OU,7.11,0.14634146341463414,4.05,1 in 6
league_en,EVE - LEE,HT CS 0-3,HTCS,101.0,0.010301692420897719,4.05,1 in 97
league_en,WOL - ARS,Exact 4,ExactGoals,5.52,0.188470066518847,4.04,1 in 5
league_en,WOL - BUR,HT/FT X/2,HTFT,12.0,0.0867009551800147,4.04,1 in 11
league_en,MNU - ARS,HT/FT X/1,HTFT,9.35,0.11127379209370425,4.04,1 in 8
league_en,WOL - FUL,CS 3-1,CS,15.4,0.06754772393538913,4.02,1 in 14
league_en,FUL - BHA,CS 2-3,CS,58.9,0.017660044150110375,4.02,1 in 56
league_en,LIV - WOL,HT CS 3-0,HTCS,34.3,0.030325443786982247,4.02,1 in 32
league_en,LEE - ARS,HT CS 2-0,HTCS,16.4,0.06342182890855458,4.01,1 in 15
league_en,SUN - LEE,CS 1-3,CS,35.1,0.02962962962962963,4.0,1 in 33
league_en,SUN - LEE,CS 3-2,CS,36.0,0.028888888888888888,4.0,1 in 34
league_en,MNC - ARS,CS 5-0,CS,281.0,0.003700962250185048,4.0,1 in 270
league_en,BRE - SUN,HT/FT X/1,HTFT,6.4,0.1625,4.0,1 in 6
league_en,NEW - TOT,Exact 6,ExactGoals,18.3,0.05682656826568266,3.99,1 in 17
league_en,BRE - TOT,CS 4-1,CS,23.1,0.045018450184501846,3.99,1 in 22
league_en,WOL - AST,HT CS 1-2,HTCS,20.1,0.051736881005173686,3.99,1 in 19
league_en,BOU - SUN,HT CS 3-0,HTCS,58.8,0.017686072218128224,3.99,1 in 56
league_en,MNC - LIV,CS 1-3,CS,25.2,0.04126750184229919,3.99,1 in 24
league_en,FUL - EVE,CS 0-5,CS,1407.0,0.0007390983000739098,3.99,1 in 1353
league_en,CRY - BOU,HT CS 1-2,HTCS,30.0,0.03466076696165192,3.98,1 in 28
league_en,WHU - BRE,CS 0-5,CS,235.0,0.004424778761061947,3.98,1 in 226
league_en,CHE - TOT,Exact 0,ExactGoals,16.6,0.06263817243920412,3.98,1 in 15
league_en,CHE - TOT,CS 0-0,CS,16.6,0.06263817243920412,3.98,1 in 15
league_en,BUR - BHA,CS 3-0,CS,15.0,0.06932153392330384,3.98,1 in 14
league_en,LIV - BUR,CS 3-0,CS,16.9,0.061527057079318014,3.98,1 in 16
league_en,AST - BHA,Over 4.5,OU,5.85,0.17772861356932154,3.97,1 in 5
league_en,EVE - MNC,CS 2-4,CS,82.5,0.012601927353595256,3.97,1 in 79
league_en,AST - BRE,HT CS 3-0,HTCS,40.4,0.025735294117647058,3.97,1 in 38
league_en,AST - MNU,Over 4.5,OU,6.22,0.16715542521994134,3.97,1 in 5
league_en,SUN - EVE,CS 4-2,CS,101.0,0.010294117647058823,3.97,1 in 97
league_en,BHA - BRE,CS 2-0,CS,20.4,0.05096011816838995,3.96,1 in 19
league_en,BOU - BRE,CS 1-0,CS,15.5,0.06705969049373618,3.94,1 in 14
league_en,BHA - MNU,CS 4-1,CS,74.4,0.013970588235294118,3.94,1 in 71
league_en,BUR - TOT,Away Win,1X2,6.25,0.1662971175166297,3.94,1 in 6
league_en,BOU - ARS,Exact 6,ExactGoals,18.6,0.05588235294117647,3.94,1 in 17
league_en,WOL - FUL,CS 0-1,CS,14.9,0.0697503671071953,3.93,1 in 14
league_en,BHA - EVE,HT CS 1-2,HTCS,25.0,0.041573867854491464,3.93,1 in 24
league_en,WHU - MNU,CS 1-5,CS,350.0,0.002969561989606533,3.93,1 in 336
league_en,LIV - CRY,Over 3.5,OU,2.77,0.37518248175182484,3.93,1 in 2
league_en,BHA - EVE,Draw,1X2,3.03,0.3429844097995546,3.92,1 in 2
league_en,CHE - MNC,CS 3-2,CS,23.4,0.04441154700222058,3.92,1 in 22
league_en,ARS - NOT,CS 5-0,CS,108.0,0.009622501850481125,3.92,1 in 103
league_en,ARS - NOT,HT CS 1-2,HTCS,23.4,0.04441154700222058,3.92,1 in 22
league_en,LIV - BHA,CS 2-3,CS,59.1,0.017582417582417582,3.91,1 in 56
league_en,WOL - NOT,CS 0-4,CS,282.0,0.0036845983787767134,3.91,1 in 271
league_en,MNC - BRE,HT/FT 2/X,HTFT,13.7,0.07584683357879234,3.91,1 in 13
league_en,TOT - MNU,CS 3-3,CS,46.9,0.022156573116691284,3.91,1 in 45
league_en,BOU - TOT,CS 5-1,CS,201.0,0.0051698670605613,3.91,1 in 193
league_en,BHA - BOU,Away Win,1X2,4.26,0.24392041267501843,3.91,1 in 4
league_en,MNC - NOT,CS 0-4,CS,282.0,0.0036845983787767134,3.91,1 in 271
league_en,WOL - AST,HT/FT X/2,HTFT,9.31,0.11160384331116038,3.9,1 in 8
league_en,EVE - ARS,CS 2-3,CS,28.6,0.0363232023721275,3.88,1 in 27
league_en,NOT - MNC,HT/FT X/2,HTFT,8.31,0.125,3.88,1 in 8
league_en,LIV - MNU,CS 3-1,CS,14.5,0.07163958641063516,3.88,1 in 13
league_en,LEE - BOU,CS 0-4,CS,284.0,0.0036576444769568397,3.88,1 in 273
league_en,FUL - LIV,CS 0-3,CS,22.7,0.045756457564575644,3.87,1 in 21
league_en,CRY - NOT,HT CS 1-2,HTCS,21.1,0.04922850844966936,3.87,1 in 20
league_en,BHA - ARS,HT CS 2-0,HTCS,16.4,0.06332842415316642,3.86,1 in 15
league_en,CHE - WHU,CS 3-2,CS,26.1,0.0397936624907885,3.86,1 in 25
league_en,CRY - WHU,CS 1-3,CS,27.1,0.03831982313927782,3.85,1 in 26
league_en,NEW - MNU,Exact 0,ExactGoals,12.3,0.08443465491923642,3.85,1 in 11
league_en,NEW - MNU,CS 0-0,CS,12.3,0.08443465491923642,3.85,1 in 11
league_en,TOT - BRE,HT/FT 2/1,HTFT,64.2,0.016176470588235296,3.85,1 in 61
league_en,MNC - WOL,CS 2-0,CS,13.0,0.07988165680473373,3.85,1 in 12
league_en,EVE - AST,HT CS 0-0,HTCS,4.6,0.22575869726128794,3.85,1 in 4
league_en,CRY - MNU,HT CS 1-2,HTCS,19.1,0.05437178545187362,3.85,1 in 18
league_en,WOL - ARS,CS 5-0,CS,281.0,0.003695491500369549,3.84,1 in 270
league_en,CHE - NOT,HT CS 2-1,HTCS,12.6,0.08241353936718175,3.84,1 in 12
league_en,ARS - WOL,HT/FT 2/X,HTFT,12.6,0.08241353936718175,3.84,1 in 12
league_en,NEW - ARS,CS 3-2,CS,29.4,0.03532008830022075,3.84,1 in 28
league_en,BHA - EVE,HT/FT X/X,HTFT,5.18,0.20044543429844097,3.83,1 in 4
league_en,FUL - NEW,HT CS 0-2,HTCS,11.0,0.0943952802359882,3.83,1 in 10
league_en,ARS - NOT,CS 3-0,CS,16.9,0.0614359733530718,3.83,1 in 16
league_en,WOL - TOT,CS 3-0,CS,10.3,0.1008094186902134,3.83,1 in 9
league_en,WHU - SUN,HT CS 2-0,HTCS,9.27,0.11201179071481208,3.83,1 in 8
league_en,EVE - CRY,CS 4-2,CS,101.0,0.010279001468428781,3.82,1 in 97
league_en,AST - BHA,HT CS 1-2,HTCS,27.6,0.03761061946902655,3.81,1 in 26
league_en,NEW - WOL,CS 0-2,CS,20.7,0.05014749262536873,3.81,1 in 19
league_en,BUR - NEW,CS 4-0,CS,109.0,0.009523809523809525,3.81,1 in 104
league_en,BUR - NEW,CS 4-2,CS,109.0,0.009523809523809525,3.81,1 in 104
league_en,BRE - AST,CS 0-1,CS,11.1,0.093519882179676,3.81,1 in 10
league_en,FUL - NEW,HT/FT X/1,HTFT,10.2,0.10176991150442478,3.81,1 in 9
league_en,ARS - MNC,CS 2-2,CS,10.8,0.09611151870873075,3.8,1 in 10
league_en,FUL - WOL,Under 1.5,OU,3.78,0.27461139896373055,3.8,1 in 3
league_en,CHE - NOT,CS 5-1,CS,45.5,0.022810890360559236,3.79,1 in 43
league_en,WHU - MNU,HT/FT X/X,HTFT,5.57,0.18634001484780996,3.79,1 in 5
league_en,SUN - MNC,HT CS 2-0,HTCS,14.3,0.07258064516129033,3.79,1 in 13
league_en,NEW - BRE,Draw,1X2,3.25,0.3193215339233038,3.78,1 in 3
league_en,WOL - LEE,HT/FT X/2,HTFT,17.2,0.06033848417954378,3.78,1 in 16
league_en,LEE - CRY,HT/FT 2/2,HTFT,5.55,0.18699186991869918,3.78,1 in 5
league_en,MNU - BHA,Exact 5,ExactGoals,10.8,0.09608277900960828,3.77,1 in 10
league_en,CRY - BHA,CS 3-2,CS,36.0,0.028824833702882482,3.77,1 in 34
league_en,BRE - ARS,CS 3-2,CS,29.4,0.03529411764705882,3.76,1 in 28
league_en,MNU - MNC,HT/FT 2/1,HTFT,41.5,0.025,3.75,1 in 40
league_en,WHU - MNU,HT CS 0-0,HTCS,3.85,0.26948775055679286,3.75,1 in 3
league_en,FUL - NOT,CS 5-0,CS,235.0,0.004415011037527594,3.75,1 in 226
league_en,FUL - LEE,HT/FT 2/2,HTFT,6.88,0.15080527086383602,3.75,1 in 6
league_en,CRY - LEE,HT/FT X/1,HTFT,7.55,0.13739897134459955,3.74,1 in 7
league_en,LEE - SUN,CS 4-2,CS,101.0,0.010271460014673514,3.74,1 in 97
league_en,ARS - BRE,CS 4-2,CS,82.2,0.012620638455827766,3.74,1 in 79
league_en,LIV - BRE,HT CS 0-1,HTCS,5.96,0.17404129793510326,3.73,1 in 5
league_en,WOL - AST,Over 3.5,OU,3.39,0.30598669623059865,3.73,1 in 3
league_en,CRY - MNU,Under 1.5,OU,3.62,0.28655400440852313,3.73,1 in 3
league_en,LEE - SUN,CS 3-1,CS,21.1,0.0491562729273661,3.72,1 in 20
league_en,BOU - EVE,HT/FT 1/2,HTFT,52.2,0.019867549668874173,3.71,1 in 50
league_en,FUL - MNC,CS 4-1,CS,78.3,0.013245033112582781,3.71,1 in 75
league_en,BRE - MNU,CS 0-2,CS,23.8,0.04357459379615953,3.71,1 in 22
league_en,AST - SUN,CS 2-2,CS,15.2,0.06823184152604549,3.71,1 in 14
league_en,NOT - BOU,CS 0-3,CS,100.0,0.01037037037037037,3.7,1 in 96
league_en,AST - NEW,Exact 6,ExactGoals,18.0,0.05760709010339734,3.69,1 in 17
league_en,CRY - SUN,CS 4-0,CS,70.3,0.014749262536873156,3.69,1 in 67
league_en,LIV - BOU,CS 4-2,CS,54.0,0.019202363367799114,3.69,1 in 52
league_en,CHE - LEE,Away Win,1X2,10.1,0.10265878877400296,3.69,1 in 9
league_en,WOL - MNU,Exact 6,ExactGoals,19.5,0.053175775480059084,3.69,1 in 18
league_en,NOT - ARS,CS 0-5,CS,235.0,0.004411764705882353,3.68,1 in 226
league_en,NEW - CHE,CS 0-3,CS,24.7,0.04197349042709867,3.67,1 in 23
league_en,LEE - NOT,CS 3-3,CS,61.3,0.016911764705882352,3.67,1 in 59
league_en,EVE - BRE,Exact 6,ExactGoals,19.2,0.053994082840236685,3.67,1 in 18
league_en,AST - WHU,HT CS 0-2,HTCS,24.7,0.04197349042709867,3.67,1 in 23
league_en,WOL - ARS,Over 2.5,OU,1.88,0.5513673318551368,3.66,1 in 1
league_en,BHA - MNU,Over 4.5,OU,7.92,0.13088235294117648,3.66,1 in 7
league_en,EVE - BHA,CS 1-4,CS,118.0,0.008784773060029283,3.66,1 in 113
league_en,AST - CRY,Exact 6,ExactGoals,16.5,0.06282335550628233,3.66,1 in 15
league_en,CRY - FUL,HT/FT X/1,HTFT,8.13,0.12750185322461083,3.66,1 in 7
league_en,EVE - BOU,HT/FT 2/1,HTFT,40.1,0.0258493353028065,3.66,1 in 38
league_en,BRE - CRY,HT/FT X/X,HTFT,6.78,0.15288035450516987,3.65,1 in 6
league_en,NOT - MNC,CS 3-3,CS,53.9,0.019230769230769232,3.65,1 in 52
league_en,ARS - NEW,CS 3-0,CS,27.7,0.03741746148202495,3.65,1 in 26
league_en,TOT - NEW,HT CS 0-3,HTCS,29.9,0.03466076696165192,3.64,1 in 28
league_en,BOU - CHE,CS 2-4,CS,45.1,0.022979985174203115,3.64,1 in 43
league_en,FUL - MNC,CS 2-3,CS,31.3,0.033112582781456956,3.64,1 in 30
league_en,WOL - AST,Exact 5,ExactGoals,11.4,0.09090909090909091,3.64,1 in 11
league_en,WHU - BHA,HT/FT 2/X,HTFT,15.5,0.0668626010286554,3.64,1 in 14
league_en,BHA - CRY,CS 0-1,CS,11.2,0.0925240562546262,3.63,1 in 10
league_en,BUR - BRE,CS 4-1,CS,78.3,0.013235294117647059,3.63,1 in 75
league_en,EVE - MNC,Over 4.5,OU,7.06,0.1467753891771683,3.62,1 in 6
league_en,SUN - LIV,HT CS 2-1,HTCS,19.5,0.053136531365313655,3.62,1 in 18
league_en,CRY - CHE,Under 1.5,OU,4.59,0.22573529411764706,3.61,1 in 4
league_en,LEE - NEW,HT CS 0-2,HTCS,10.5,0.09867452135493372,3.61,1 in 10
league_en,WHU - SUN,CS 0-3,CS,70.3,0.014738393515106854,3.61,1 in 67
league_en,WHU - FUL,CS 5-0,CS,235.0,0.00440852314474651,3.6,1 in 226
league_en,NEW - BOU,Exact 1,ExactGoals,5.93,0.17468541820873426,3.59,1 in 5
league_en,WOL - FUL,HT CS 2-0,HTCS,8.25,0.12555066079295155,3.58,1 in 7
league_en,WOL - BUR,Away Win,1X2,3.81,0.2718589272593681,3.58,1 in 3
league_en,SUN - WOL,CS 2-4,CS,82.5,0.012555391432791729,3.58,1 in 79
league_en,CRY - TOT,HT/FT X/1,HTFT,6.73,0.15390279823269515,3.58,1 in 6
league_en,EVE - LEE,HT/FT 2/X,HTFT,13.8,0.07505518763796909,3.58,1 in 13
league_en,CRY - MNU,Over 4.5,OU,7.92,0.1307861866274798,3.58,1 in 7
league_en,SUN - NEW,HT/FT 1/1,HTFT,5.49,0.18865143699336773,3.57,1 in 5
league_en,NEW - CRY,HT/FT 1/2,HTFT,82.0,0.01263001485884101,3.57,1 in 79
league_en,BRE - MNC,HT/FT 2/1,HTFT,37.9,0.027326440177252585,3.57,1 in 36
league_en,BHA - CRY,Exact 5,ExactGoals,13.2,0.07846039970392302,3.57,1 in 12
league_en,MNC - EVE,HT/FT 2/X,HTFT,15.5,0.06681350954478708,3.56,1 in 14
league_en,FUL - MNU,CS 3-2,CS,34.2,0.030280649926144758,3.56,1 in 33
league_en,LEE - BUR,CS 0-6,CS,1402.0,0.0007385524372230429,3.55,1 in 1354
league_en,BHA - WHU,HT CS 2-0,HTCS,11.8,0.08775811209439528,3.55,1 in 11
league_en,SUN - TOT,CS 0-3,CS,70.0,0.014792899408284023,3.55,1 in 67
league_en,SUN - TOT,CS 0-5,CS,1400.0,0.0007396449704142012,3.55,1 in 1352
league_en,TOT - FUL,Over 3.5,OU,3.28,0.31567328918322296,3.54,1 in 3
league_en,WHU - MNC,HT CS 2-1,HTCS,19.6,0.05282465150403522,3.54,1 in 18
league_en,MNC - BOU,CS 5-0,CS,48.2,0.02148148148148148,3.54,1 in 46
league_en,ARS - LIV,Exact 6,ExactGoals,21.6,0.04793510324483776,3.54,1 in 20
league_en,FUL - SUN,CS 0-5,CS,1407.0,0.0007358351729212656,3.53,1 in 1359
league_en,FUL - CRY,CS 0-5,CS,1407.0,0.0007358351729212656,3.53,1 in 1359
league_en,LEE - EVE,CS 0-5,CS,703.0,0.0014727540500736377,3.53,1 in 679
league_en,BRE - SUN,CS 3-2,CS,25.6,0.04044117647058824,3.53,1 in 24
league_en,AST - BUR,HT CS 2-1,HTCS,13.6,0.07612712490761271,3.53,1 in 13
league_en,LEE - EVE,HT CS 2-1,HTCS,19.8,0.05228276877761414,3.52,1 in 19
league_en,AST - EVE,CS 4-0,CS,23.5,0.04405286343612335,3.52,1 in 22
league_en,CRY - BUR,HT CS 3-0,HTCS,66.2,0.01563663440059568,3.51,1 in 63
league_en,EVE - TOT,HT/FT 2/1,HTFT,40.1,0.025811209439528023,3.5,1 in 38
league_en,LEE - BRE,HT/FT 2/2,HTFT,3.44,0.3008849557522124,3.5,1 in 3
league_en,LIV - MNU,Exact 6,ExactGoals,17.3,0.05982274741506647,3.49,1 in 16
league_en,WHU - LIV,Exact 0,ExactGoals,12.3,0.08413284132841328,3.48,1 in 11
league_en,WHU - LIV,CS 0-0,CS,12.3,0.08413284132841328,3.48,1 in 11
league_en,NOT - CRY,HT/FT X/2,HTFT,12.5,0.0827790096082779,3.47,1 in 12
league_en,LEE - CRY,HT CS 1-2,HTCS,25.0,0.04138950480413895,3.47,1 in 24
league_en,MNU - TOT,Away Win,1X2,6.25,0.1655580192165558,3.47,1 in 6
league_en,MNC - BHA,HT CS 2-0,HTCS,7.03,0.14716703458425312,3.46,1 in 6
league_en,MNC - BRE,CS 5-0,CS,281.0,0.003681885125184094,3.46,1 in 271
league_en,SUN - CRY,CS 4-0,CS,70.3,0.014716703458425313,3.46,1 in 67
league_en,BHA - BOU,CS 2-3,CS,58.5,0.017686072218128224,3.46,1 in 56
league_en,MNC - NOT,CS 5-0,CS,108.0,0.009579955784819455,3.46,1 in 104
league_en,TOT - BUR,HT/FT 2/1,HTFT,56.2,0.018409425625920472,3.46,1 in 54
league_en,WOL - BRE,CS 5-0,CS,281.0,0.003681885125184094,3.46,1 in 271
league_en,WHU - MNC,Over 4.5,OU,7.5,0.13793103448275862,3.45,1 in 7
league_en,AST - FUL,CS 2-0,CS,9.71,0.106539309331374,3.45,1 in 9
league_en,LEE - AST,CS 1-4,CS,37.8,0.027366863905325445,3.45,1 in 36
league_en,BRE - MNU,CS 3-0,CS,20.3,0.05096011816838995,3.45,1 in 19
league_en,ARS - BOU,Exact 5,ExactGoals,9.07,0.11405445180279618,3.45,1 in 8
league_en,WOL - ARS,CS 3-2,CS,31.1,0.03325942350332594,3.44,1 in 30
league_en,FUL - AST,HT/FT 1/1,HTFT,5.79,0.17865085248332097,3.44,1 in 5
league_en,FUL - SUN,Over 3.5,OU,3.83,0.27005150846210446,3.43,1 in 3
league_en,SUN - NOT,HT/FT 2/X,HTFT,14.3,0.07232472324723248,3.42,1 in 13
league_en,CRY - EVE,HT CS 0-2,HTCS,17.9,0.057777777777777775,3.42,1 in 17
league_en,NOT - BUR,HT/FT X/2,HTFT,9.64,0.10727406318883174,3.41,1 in 9
league_en,NOT - CHE,CS 1-3,CS,12.4,0.08339483394833948,3.41,1 in 11
league_en,MNC - MNU,CS 2-3,CS,42.4,0.024390243902439025,3.41,1 in 41
league_en,CHE - BHA,CS 4-0,CS,14.0,0.07385524372230429,3.4,1 in 13
league_en,BOU - NOT,CS 1-2,CS,10.0,0.103397341211226,3.4,1 in 9
league_en,EVE - MNU,CS 0-6,CS,1402.0,0.0007374631268436578,3.39,1 in 1356
league_en,MNC - LIV,CS 3-0,CS,30.5,0.03389830508474576,3.39,1 in 29
league_en,MNC - CRY,HT CS 1-0,HTCS,3.83,0.26993416239941476,3.38,1 in 3
league_en,LIV - BUR,HT/FT X/1,HTFT,6.87,0.15048183839881393,3.38,1 in 6
league_en,WHU - BHA,CS 0-5,CS,1407.0,0.0007347538574577516,3.38,1 in 1361
league_en,NOT - BHA,CS 2-1,CS,9.45,0.10939794419970632,3.38,1 in 9
league_en,AST - MNC,Exact 3,ExactGoals,4.22,0.24495892457057505,3.37,1 in 4
league_en,CRY - BUR,HT/FT X/1,HTFT,9.38,0.11020104244229337,3.37,1 in 9
league_en,TOT - CHE,Under 1.5,OU,4.45,0.2323008849557522,3.37,1 in 4
league_en,SUN - MNC,CS 5-1,CS,282.0,0.0036656891495601175,3.37,1 in 272
league_en,MNU - CHE,HT/FT 1/2,HTFT,29.2,0.035398230088495575,3.36,1 in 28
league_en,LEE - WHU,HT/FT X/X,HTFT,5.56,0.18589272593681117,3.36,1 in 5
league_en,BHA - EVE,Exact 6,ExactGoals,27.3,0.0378619153674833,3.36,1 in 26
league_en,NOT - BRE,HT/FT X/1,HTFT,10.2,0.10133136094674557,3.36,1 in 9
league_en,BHA - NOT,HT CS 2-1,HTCS,18.7,0.0552689756816507,3.35,1 in 18
league_en,BUR - TOT,HT/FT X/2,HTFT,17.7,0.058388765705838876,3.35,1 in 17
league_en,CRY - SUN,HT CS 3-0,HTCS,51.9,0.01991150442477876,3.34,1 in 50
league_en,NOT - MNC,HT/FT X/1,HTFT,9.77,0.10576923076923077,3.34,1 in 9
league_en,CRY - NOT,HT/FT X/1,HTFT,8.13,0.12711241734019105,3.34,1 in 7
league_en,ARS - MNU,CS 5-1,CS,116.0,0.008908685968819599,3.34,1 in 112
league_en,ARS - BUR,CS 0-2,CS,23.8,0.04341427520235467,3.33,1 in 23
league_en,WHU - CHE,CS 1-3,CS,12.4,0.08333333333333333,3.33,1 in 12
league_en,WOL - AST,Exact 6,ExactGoals,23.3,0.04434589800443459,3.33,1 in 22
league_en,MNC - WHU,CS 0-3,CS,73.8,0.01400147383935151,3.33,1 in 71
league_en,BOU - BUR,CS 4-1,CS,100.0,0.010332103321033211,3.32,1 in 96
league_en,SUN - BOU,CS 0-5,CS,1400.0,0.0007380073800738007,3.32,1 in 1355
league_en,SUN - TOT,HT CS 0-2,HTCS,22.9,0.045118343195266274,3.32,1 in 22
league_en,NEW - BRE,HT CS 0-1,HTCS,5.43,0.1902654867256637,3.31,1 in 5
league_en,WOL - MNU,CS 0-3,CS,53.8,0.019202363367799114,3.31,1 in 52
league_en,CRY - LEE,CS 0-5,CS,703.0,0.0014695077149155032,3.31,1 in 680
league_en,CRY - FUL,Exact 0,ExactGoals,10.4,0.09933283914010378,3.31,1 in 10
league_en,CRY - FUL,CS 0-0,CS,10.4,0.09933283914010378,3.31,1 in 10
league_en,EVE - NEW,CS 3-0,CS,46.8,0.02207505518763797,3.31,1 in 45
league_en,WOL - NEW,CS 1-5,CS,281.0,0.003676470588235294,3.31,1 in 272
league_en,WHU - MNU,HT CS 0-3,HTCS,77.3,0.013363028953229399,3.3,1 in 74
league_en,AST - TOT,CS 0-2,CS,60.9,0.01696165191740413,3.3,1 in 58
league_en,NOT - BHA,CS 0-5,CS,1407.0,0.0007342143906020558,3.3,1 in 1362
league_en,CHE - TOT,Away Win,1X2,13.1,0.07885040530582167,3.29,1 in 12
league_en,LIV - MNC,CS 0-1,CS,14.7,0.07026627218934911,3.29,1 in 14
league_en,FUL - BHA,HT/FT 2/2,HTFT,6.88,0.15011037527593818,3.28,1 in 6
league_en,NEW - WHU,HT CS 0-0,HTCS,4.39,0.23525073746312683,3.28,1 in 4
league_en,TOT - NEW,HT CS 2-0,HTCS,20.9,0.049410029498525077,3.27,1 in 20
league_en,BRE - CHE,HT/FT 1/X,HTFT,15.7,0.06577974870657798,3.27,1 in 15
league_en,WOL - ARS,BTTS Yes,BTTS,1.71,0.6038433111603844,3.26,1 in 1
league_en,BHA - NEW,HT/FT 2/X,HTFT,12.4,0.08327192336035372,3.26,1 in 12
league_en,BOU - BHA,CS 2-2,CS,15.0,0.0688378978534419,3.26,1 in 14
league_en,FUL - LEE,HT/FT 2/1,HTFT,40.3,0.02562225475841874,3.26,1 in 39
league_en,BRE - ARS,CS 0-1,CS,11.8,0.0875,3.25,1 in 11
league_en,CRY - BOU,CS 0-5,CS,1400.0,0.0007374631268436578,3.24,1 in 1356
league_en,EVE - TOT,CS 0-3,CS,70.0,0.014749262536873156,3.24,1 in 67
league_en,NOT - WOL,CS 3-1,CS,26.0,0.039705882352941174,3.24,1 in 25
league_en,LEE - BRE,CS 0-2,CS,12.5,0.08259587020648967,3.24,1 in 12
league_en,BHA - WHU,HT/FT 1/2,HTFT,50.0,0.02064896755162242,3.24,1 in 48
league_en,ARS - FUL,CS 5-0,CS,108.0,0.009558823529411765,3.24,1 in 104
league_en,LIV - CHE,Exact 0,ExactGoals,13.8,0.07481481481481482,3.24,1 in 13
league_en,LIV - CHE,CS 0-0,CS,13.8,0.07481481481481482,3.24,1 in 13
league_en,LEE - CRY,Over 4.5,OU,9.19,0.1123429416112343,3.24,1 in 8
league_en,ARS - LIV,CS 0-4,CS,100.0,0.01032448377581121,3.24,1 in 96
league_en,WOL - NEW,CS 0-4,CS,108.0,0.009558823529411765,3.24,1 in 104
league_en,EVE - NOT,Exact 0,ExactGoals,10.4,0.09925925925925926,3.23,1 in 10
league_en,EVE - NOT,CS 0-0,CS,10.4,0.09925925925925926,3.23,1 in 10
league_en,MNC - TOT,CS 5-0,CS,48.2,0.02141802067946824,3.23,1 in 46
league_en,AST - FUL,Over 4.5,OU,6.3,0.16385011021307863,3.23,1 in 6
league_en,CHE - WHU,CS 4-1,CS,20.6,0.050110537951363304,3.23,1 in 19
league_en,FUL - BRE,CS 1-0,CS,11.7,0.08821349147516679,3.21,1 in 11
league_en,CHE - BRE,CS 2-0,CS,9.83,0.10499265785609398,3.21,1 in 9
league_en,LEE - NOT,Over 4.5,OU,7.93,0.13014705882352942,3.21,1 in 7
league_en,BHA - WOL,CS 0-2,CS,13.7,0.07533234859675036,3.21,1 in 13
league_en,CRY - LIV,Exact 0,ExactGoals,13.2,0.0781831720029784,3.2,1 in 12
league_en,CRY - LIV,CS 0-0,CS,13.2,0.0781831720029784,3.2,1 in 12
league_en,BOU - BRE,Home Win,1X2,4.39,0.23507737656595432,3.2,1 in 4
league_en,AST - CHE,Exact 4,ExactGoals,5.42,0.1904059040590406,3.2,1 in 5
league_en,LEE - EVE,HT CS 3-0,HTCS,51.9,0.019882179675994108,3.19,1 in 50
league_en,ARS - WOL,HT/FT 2/1,HTFT,37.9,0.027225901398086828,3.19,1 in 36
league_en,CHE - SUN,CS 2-0,CS,7.36,0.14020771513353117,3.19,1 in 7
league_en,SUN - BRE,HT/FT 2/X,HTFT,12.4,0.08321060382916053,3.18,1 in 12
league_en,LEE - FUL,Under 1.5,OU,3.61,0.2858197932053176,3.18,1 in 3
league_en,ARS - CRY,HT/FT 1/2,HTFT,82.0,0.012583271650629163,3.18,1 in 79
league_en,MNU - AST,CS 0-4,CS,73.8,0.013980868285504048,3.18,1 in 71
league_en,MNU - NOT,HT CS 3-0,HTCS,35.9,0.028739867354458364,3.18,1 in 34
league_en,MNU - CRY,HT CS 0-2,HTCS,26.3,0.03923019985196151,3.18,1 in 25
league_en,BOU - CRY,Away Win,1X2,3.02,0.34166054371785454,3.18,1 in 2
league_en,MNU - BUR,CS 4-1,CS,56.0,0.018422991893883568,3.17,1 in 54
league_en,WOL - SUN,HT/FT X/1,HTFT,6.36,0.1622222222222222,3.17,1 in 6
league_en,LEE - WHU,Exact 0,ExactGoals,10.4,0.09919177075679647,3.16,1 in 10
league_en,LEE - WHU,CS 0-0,CS,10.4,0.09919177075679647,3.16,1 in 10
league_en,MNC - FUL,CS 1-2,CS,15.6,0.06612784717119764,3.16,1 in 15
league_en,WHU - LIV,Over 4.5,OU,7.06,0.14612546125461254,3.16,1 in 6
league_en,CRY - LEE,CS 3-2,CS,36.0,0.028655400440852314,3.16,1 in 34
league_en,NOT - BUR,Exact 0,ExactGoals,10.4,0.09919177075679647,3.16,1 in 10
league_en,NOT - BUR,CS 0-0,CS,10.4,0.09919177075679647,3.16,1 in 10
league_en,CHE - EVE,Away Win,1X2,10.1,0.10213078618662748,3.15,1 in 9
league_en,EVE - SUN,CS 4-0,CS,70.3,0.014673514306676448,3.15,1 in 68
league_en,LEE - SUN,CS 0-5,CS,703.0,0.001467351430667645,3.15,1 in 681
league_en,NOT - NEW,CS 4-1,CS,87.1,0.011843079200592153,3.15,1 in 84
league_en,CHE - SUN,Exact 2,ExactGoals,4.5,0.22922848664688428,3.15,1 in 4
league_en,BUR - ARS,Over 3.5,OU,3.42,0.30161054172767204,3.15,1 in 3
league_en,NEW - WOL,HT/FT 1/X,HTFT,12.6,0.08185840707964602,3.14,1 in 12
league_en,NEW - CRY,Exact 1,ExactGoals,6.17,0.16716196136701336,3.14,1 in 5
league_en,WHU - AST,HT/FT 2/X,HTFT,12.6,0.08185840707964602,3.14,1 in 12
league_en,BOU - ARS,HT CS 1-1,HTCS,6.29,0.16397058823529412,3.14,1 in 6
league_en,ARS - NEW,HT CS 0-2,HTCS,14.2,0.07263389581804842,3.14,1 in 13
league_en,BRE - MNC,CS 3-2,CS,28.5,0.0361890694239291,3.14,1 in 27
league_en,MNC - AST,CS 1-5,CS,283.0,0.0036443148688046646,3.13,1 in 274
league_en,ARS - FUL,Over 4.5,OU,6.71,0.1536764705882353,3.12,1 in 6
league_en,BRE - BUR,Under 1.5,OU,4.19,0.24610822831727205,3.12,1 in 4
league_en,SUN - BHA,HT/FT 2/X,HTFT,13.8,0.07472527472527472,3.12,1 in 13
league_en,BHA - ARS,CS 2-4,CS,73.7,0.013991163475699559,3.11,1 in 71
league_en,NEW - BHA,HT/FT 1/2,HTFT,82.0,0.01257396449704142,3.11,1 in 79
league_en,WOL - EVE,Away Win,1X2,5.83,0.17686072218128224,3.11,1 in 5
league_en,CHE - WHU,HT/FT 2/2,HTFT,13.2,0.07811348563006633,3.11,1 in 12
league_en,FUL - CHE,CS 1-5,CS,93.0,0.011086474501108648,3.1,1 in 90
league_en,AST - NOT,Exact 6,ExactGoals,17.1,0.060294117647058824,3.1,1 in 16
league_en,SUN - WHU,HT/FT 1/2,HTFT,50.0,0.020618556701030927,3.09,1 in 48
league_en,LIV - NOT,CS 0-2,CS,33.6,0.030679327976625273,3.08,1 in 32
league_en,CHE - LIV,HT/FT 2/2,HTFT,5.87,0.17560617193240263,3.08,1 in 5
league_en,LIV - FUL,CS 5-1,CS,77.6,0.013284132841328414,3.08,1 in 75
league_en,ARS - NEW,CS 1-5,CS,281.0,0.003668378576669112,3.08,1 in 272
league_en,BHA - MNU,HT CS 0-3,HTCS,58.4,0.01764705882352941,3.06,1 in 56
league_en,BHA - LEE,Under 1.5,OU,3.35,0.3076358296622614,3.06,1 in 3
league_en,SUN - NOT,HT CS 0-3,HTCS,73.5,0.014022140221402213,3.06,1 in 71
league_en,EVE - NEW,HT/FT X/X,HTFT,5.58,0.18469462840323767,3.06,1 in 5
league_en,WOL - BRE,CS 3-2,CS,31.1,0.03313696612665685,3.06,1 in 30
league_en,LIV - EVE,HT CS 0-2,HTCS,30.4,0.03389830508474576,3.05,1 in 29
league_en,FUL - WHU,CS 1-3,CS,33.1,0.031134173461823574,3.05,1 in 32
league_en,LIV - CHE,HT/FT 2/X,HTFT,14.8,0.06962962962962962,3.05,1 in 14
league_en,NEW - MNU,CS 4-0,CS,48.4,0.021292217327459617,3.05,1 in 46
league_en,BHA - BUR,CS 0-3,CS,30.6,0.03367496339677892,3.05,1 in 29
league_en,NOT - ARS,HT CS 2-0,HTCS,15.4,0.06691176470588235,3.04,1 in 14
league_en,MNU - WHU,HT CS 0-1,HTCS,6.37,0.16176470588235295,3.04,1 in 6
league_en,LEE - NOT,HT/FT 2/X,HTFT,14.3,0.07205882352941176,3.04,1 in 13
league_en,SUN - BUR,Exact 5,ExactGoals,11.4,0.09037472446730345,3.03,1 in 11
league_en,WOL - BOU,HT CS 2-1,HTCS,15.0,0.06868537666174299,3.03,1 in 14
league_en,LIV - MNC,CS 4-1,CS,39.8,0.025887573964497042,3.03,1 in 38
league_en,WOL - AST,CS 6-0,CS,1394.0,0.0007390983000739098,3.03,1 in 1353
league_en,BRE - LEE,HT/FT 1/2,HTFT,82.0,0.012564671101256468,3.03,1 in 79
league_en,WHU - TOT,Draw,1X2,3.44,0.2994849153789551,3.02,1 in 3
league_en,BHA - WOL,HT/FT 2/2,HTFT,3.69,0.2791728212703102,3.01,1 in 3
league_en,BRE - LIV,HT/FT 1/2,HTFT,46.8,0.022010271460014674,3.01,1 in 45
league_en,CRY - MNU,CS 0-6,CS,1402.0,0.0007347538574577516,3.01,1 in 1361
league_en,FUL - LEE,CS 0-5,CS,1407.0,0.0007320644216691069,3.0,1 in 1366
league_de,FRA - HSV,CS 0-6,CS,10000.0,0.0006581112207963146,558.11,1 in 1519
league_de,BMU - BRE,CS 0-6,CS,9900.0,0.0006583278472679394,551.74,1 in 1519
league_de,BMU - UBE,CS 1-5,CS,8280.0,0.0006581112207963146,444.92,1 in 1519
league_de,BMU - FRA,CS 0-6,CS,8020.0,0.0006581112207963146,427.81,1 in 1519
league_de,AUG - RBL,CS 6-0,CS,3480.0,0.0013166556945358788,358.2,1 in 759
league_de,BRE - HDH,CS 0-6,CS,4450.0,0.0009874917709019092,339.43,1 in 1012
league_de,STU - HOF,CS 0-6,CS,5040.0,0.0006583278472679394,231.8,1 in 1519
league_de,BMU - HDH,CS 0-5,CS,10000.0,0.0003291639236339697,229.16,1 in 3038
league_de,BMU - HDH,CS 0-6,CS,10000.0,0.0003291639236339697,229.16,1 in 3038
league_de,BMU - STP,CS 0-5,CS,10000.0,0.0003291639236339697,229.16,1 in 3038
league_de,BMU - UBE,CS 0-5,CS,10000.0,0.0003290556103981573,229.06,1 in 3039
league_de,BVB - UBE,CS 0-6,CS,10000.0,0.0003290556103981573,229.06,1 in 3039
league_de,LEV - HOF,CS 0-6,CS,10000.0,0.0003290556103981573,229.06,1 in 3039
league_de,RBL - AUG,CS 0-6,CS,9990.0,0.0003290556103981573,228.73,1 in 3039
league_de,BVB - HSV,CS 0-6,CS,9990.0,0.0003290556103981573,228.73,1 in 3039
league_de,BMU - HOF,CS 0-6,CS,9920.0,0.0003291639236339697,226.53,1 in 3038
league_de,BMU - WLF,CS 0-6,CS,9920.0,0.0003291639236339697,226.53,1 in 3038
league_de,FRE - WLF,CS 0-6,CS,4790.0,0.0006578947368421052,215.13,1 in 1520
league_de,RBL - HDH,CS 0-5,CS,4730.0,0.0006581112207963146,211.29,1 in 1519
league_de,HDH - HSV,CS 0-6,CS,3060.0,0.0009874917709019092,202.17,1 in 1012
league_de,MGB - FRA,CS 0-6,CS,918.0,0.003290556103981573,202.07,1 in 303
league_de,RBL - FRE,CS 0-6,CS,4510.0,0.0006581112207963146,196.81,1 in 1519
league_de,KOE - FRE,CS 0-6,CS,1490.0,0.0019743336623889436,194.18,1 in 506
league_de,RBL - HDH,CS 1-5,CS,2230.0,0.0013162224415926291,193.52,1 in 759
league_de,BRE - BVB,CS 0-6,CS,860.0,0.003289473684210526,182.89,1 in 304
league_de,HSV - LEV,CS 6-0,CS,4220.0,0.0006581112207963146,177.72,1 in 1519
league_de,LEV - RBL,CS 0-6,CS,2010.0,0.0013166556945358788,164.65,1 in 759
league_de,HDH - BMU,CS 6-0,CS,8010.0,0.0003290556103981573,163.57,1 in 3039
league_de,RBL - FRA,CS 0-6,CS,2570.0,0.0009874917709019092,153.79,1 in 1012
league_de,HDH - FRA,CS 6-0,CS,2500.0,0.0009871668311944718,146.79,1 in 1013
league_de,WLF - BRE,CS 0-6,CS,1820.0,0.0013162224415926291,139.55,1 in 759
league_de,STP - KOE,CS 6-0,CS,1450.0,0.0016458196181698486,138.64,1 in 607
league_de,MNZ - BRE,CS 0-6,CS,2410.0,0.0009874917709019092,137.99,1 in 1012
league_de,BRE - MNZ,CS 0-6,CS,2410.0,0.0009871668311944718,137.91,1 in 1013
league_de,STP - MGB,CS 0-6,CS,1430.0,0.001644736842105263,135.2,1 in 608
league_de,MNZ - AUG,CS 0-6,CS,7020.0,0.0003290556103981573,131.0,1 in 3039
league_de,HSV - STU,CS 6-0,CS,2330.0,0.0009874917709019092,130.09,1 in 1012
league_de,MGB - WLF,CS 0-6,CS,2330.0,0.0009871668311944718,130.01,1 in 1013
league_de,MGB - HOF,CS 0-6,CS,2330.0,0.000986842105263158,129.93,1 in 1013
league_de,RBL - MGB,CS 0-6,CS,6900.0,0.0003291639236339697,127.12,1 in 3038
league_de,FRE - HDH,CS 0-6,CS,6880.0,0.0003290556103981573,126.39,1 in 3039
league_de,FRE - STP,CS 0-6,CS,6880.0,0.0003290556103981573,126.39,1 in 3039
league_de,LEV - AUG,CS 0-5,CS,3360.0,0.0006583278472679394,121.2,1 in 1519
league_de,AUG - KOE,CS 0-6,CS,1680.0,0.0013166556945358788,121.2,1 in 759
league_de,RBL - UBE,CS 1-5,CS,2230.0,0.0009874917709019092,120.21,1 in 1012
league_de,HDH - FRE,CS 5-0,CS,476.0,0.004608294930875576,119.35,1 in 217
league_de,AUG - FRE,CS 6-0,CS,2140.0,0.0009871668311944718,111.25,1 in 1013
league_de,FRE - MNZ,CS 0-6,CS,3200.0,0.0006581112207963146,110.6,1 in 1519
league_de,HOF - LEV,CS 0-6,CS,529.0,0.003949967083607637,108.95,1 in 253
league_de,STU - BVB,CS 6-0,CS,1270.0,0.0016452780519907865,108.95,1 in 607
league_de,KOE - BMU,CS 6-0,CS,6270.0,0.0003291639236339697,106.39,1 in 3038
league_de,BVB - RBL,CS 0-6,CS,2090.0,0.0009874917709019092,106.39,1 in 1012
league_de,BVB - HOF,CS 1-5,CS,883.0,0.002304147465437788,103.46,1 in 434
league_de,MGB - HDH,CS 0-6,CS,3090.0,0.0006581112207963146,103.36,1 in 1519
league_de,HOF - UBE,CS 0-6,CS,3090.0,0.0006581112207963146,103.36,1 in 1519
league_de,HOF - HDH,CS 0-6,CS,3090.0,0.0006578947368421052,103.29,1 in 1520
league_de,BVB - KOE,CS 0-5,CS,1540.0,0.0013162224415926291,102.7,1 in 759
league_de,BMU - HOF,CS 1-5,CS,2050.0,0.0009874917709019092,102.44,1 in 1012
league_de,BRE - MGB,CS 0-6,CS,3050.0,0.0006581112207963146,100.72,1 in 1519
league_de,FRA - BMU,CS 0-6,CS,503.0,0.003949967083607637,98.68,1 in 253
league_de,STP - AUG,CS 6-0,CS,854.0,0.002304147465437788,96.77,1 in 434
league_de,HDH - STP,CS 6-0,CS,993.0,0.0019743336623889436,96.05,1 in 506
league_de,BMU - AUG,CS 0-5,CS,5940.0,0.0003290556103981573,95.46,1 in 3039
league_de,MGB - BMU,CS 5-0,CS,1480.0,0.0013162224415926291,94.8,1 in 759
league_de,WLF - BMU,CS 5-0,CS,1480.0,0.0013157894736842105,94.74,1 in 760
league_de,HDH - MNZ,CS 0-6,CS,1180.0,0.0016452780519907865,94.14,1 in 607
league_de,HDH - BRE,CS 0-6,CS,1180.0,0.0016452780519907865,94.14,1 in 607
league_de,STU - MNZ,CS 0-6,CS,2930.0,0.0006581112207963146,92.83,1 in 1519
league_de,RBL - STU,CS 6-0,CS,585.0,0.003290556103981573,92.5,1 in 303
league_de,KOE - RBL,CS 5-0,CS,582.0,0.003290556103981573,91.51,1 in 303
league_de,BMU - FRA,CS 1-5,CS,970.0,0.0019743336623889436,91.51,1 in 506
league_de,FRA - STU,CS 0-6,CS,1940.0,0.000986842105263158,91.45,1 in 1013
league_de,AUG - RBL,CS 5-0,CS,823.0,0.002304147465437788,89.63,1 in 434
league_de,STU - HDH,CS 1-5,CS,1150.0,0.0016458196181698486,89.27,1 in 607
league_de,FRE - HDH,CS 1-5,CS,1150.0,0.0016452780519907865,89.21,1 in 607
league_de,BMU - UBE,CS 0-4,CS,2870.0,0.0006581112207963146,88.88,1 in 1519
league_de,FRA - FRE,CS 6-0,CS,716.0,0.0026333113890717576,88.55,1 in 379
league_de,KOE - STU,CS 5-0,CS,408.0,0.004608294930875576,88.02,1 in 217
league_de,RBL - STU,CS 0-5,CS,709.0,0.0026324448831852583,86.64,1 in 379
league_de,BRE - UBE,CS 0-5,CS,1130.0,0.0016452780519907865,85.92,1 in 607
league_de,MNZ - BMU,CS 5-1,CS,703.0,0.0026333113890717576,85.12,1 in 379
league_de,BMU - HDH,CS 2-4,CS,803.0,0.002304147465437788,85.02,1 in 434
league_de,HOF - AUG,CS 0-5,CS,1120.0,0.0016452780519907865,84.27,1 in 607
league_de,BRE - FRA,CS 0-6,CS,1390.0,0.0013166556945358788,83.02,1 in 759
league_de,WLF - FRA,CS 6-0,CS,1840.0,0.0009871668311944718,81.64,1 in 1013
league_de,UBE - HOF,CS 5-1,CS,262.0,0.0069124423963133645,81.11,1 in 144
league_de,BRE - KOE,CS 6-0,CS,687.0,0.0026324448831852583,80.85,1 in 379
league_de,HOF - BRE,CS 0-6,CS,1820.0,0.0009871668311944718,79.66,1 in 1013
league_de,STU - WLF,CS 0-5,CS,1090.0,0.0016452780519907865,79.34,1 in 607
league_de,STU - KOE,CS 0-5,CS,1090.0,0.001644736842105263,79.28,1 in 608
league_de,WLF - FRE,CS 6-0,CS,1360.0,0.0013166556945358788,79.07,1 in 759
league_de,MNZ - WLF,CS 0-5,CS,679.0,0.0026324448831852583,78.74,1 in 379
league_de,UBE - STP,CS 0-6,CS,2700.0,0.0006583278472679394,77.75,1 in 1519
league_de,UBE - HDH,CS 0-6,CS,2700.0,0.0006583278472679394,77.75,1 in 1519
league_de,BMU - RBL,CS 0-6,CS,5330.0,0.0003289473684210526,75.33,1 in 3040
league_de,LEV - WLF,CS 0-5,CS,2660.0,0.0006581112207963146,75.06,1 in 1519
league_de,MNZ - STP,CS 1-5,CS,760.0,0.002303389272787101,75.06,1 in 434
league_de,BVB - AUG,CS 0-5,CS,2650.0,0.0006583278472679394,74.46,1 in 1519
league_de,KOE - WLF,CS 0-5,CS,529.0,0.003290556103981573,74.07,1 in 303
league_de,BVB - HDH,HT CS 0-3,HTCS,881.0,0.0019743336623889436,73.94,1 in 506
league_de,MGB - UBE,CS 0-5,CS,751.0,0.002304147465437788,73.04,1 in 434
league_de,UBE - HSV,CS 0-5,CS,656.0,0.0026333113890717576,72.75,1 in 379
league_de,HDH - HSV,CS 0-5,CS,656.0,0.0026333113890717576,72.75,1 in 379
league_de,WLF - AUG,CS 0-6,CS,5240.0,0.0003291639236339697,72.48,1 in 3038
league_de,BMU - RBL,CS 1-5,CS,655.0,0.002631578947368421,72.37,1 in 380
league_de,STP - AUG,CS 1-5,CS,470.0,0.003620803159973667,70.18,1 in 276
league_de,WLF - RBL,CS 6-0,CS,2580.0,0.0006583278472679394,69.85,1 in 1519
league_de,MGB - BVB,CS 6-0,CS,2580.0,0.0006583278472679394,69.85,1 in 1519
league_de,AUG - MGB,CS 6-0,CS,1290.0,0.0013166556945358788,69.85,1 in 759
league_de,WLF - STU,CS 6-0,CS,1720.0,0.0009871668311944718,69.79,1 in 1013
league_de,KOE - BVB,CS 6-0,CS,2580.0,0.0006581112207963146,69.79,1 in 1519
league_de,HOF - BVB,CS 6-0,CS,2580.0,0.0006581112207963146,69.79,1 in 1519
league_de,STU - LEV,CS 0-6,CS,1030.0,0.0016452780519907865,69.46,1 in 607
league_de,LEV - AUG,CS 1-5,CS,1710.0,0.0009874917709019092,68.86,1 in 1012
league_de,HOF - BRE,CS 6-0,CS,1270.0,0.0013162224415926291,67.16,1 in 759
league_de,MNZ - BMU,CS 6-0,CS,5060.0,0.0003291639236339697,66.56,1 in 3038
league_de,HSV - WLF,CS 0-6,CS,1680.0,0.0009874917709019092,65.9,1 in 1012
league_de,BVB - HDH,CS 1-4,CS,386.0,0.0042777229351760445,65.12,1 in 233
league_de,STP - LEV,CS 5-1,CS,552.0,0.0029624753127057276,63.53,1 in 337
league_de,UBE - HDH,CS 6-0,CS,993.0,0.0016458196181698486,63.43,1 in 607
league_de,STP - HDH,CS 6-0,CS,993.0,0.0016452780519907865,63.38,1 in 607
league_de,STP - MNZ,CS 5-0,CS,450.0,0.0036196117143797303,62.88,1 in 276
league_de,BRE - STU,CS 6-0,CS,1230.0,0.0013166556945358788,61.95,1 in 759
league_de,UBE - BMU,CS 5-0,CS,2460.0,0.0006581112207963146,61.9,1 in 1519
league_de,HSV - HOF,CS 1-5,CS,289.0,0.005593945376768674,61.67,1 in 178
league_de,RBL - FRA,CS 0-5,CS,612.0,0.0026333113890717576,61.16,1 in 379
league_de,STU - FRA,CS 0-6,CS,1630.0,0.0009874917709019092,60.96,1 in 1012
league_de,MNZ - HSV,HT CS 0-3,HTCS,326.0,0.004937458854509546,60.96,1 in 202
league_de,RBL - BRE,CS 0-6,CS,4890.0,0.0003290556103981573,60.91,1 in 3039
league_de,BMU - WLF,HT CS 0-3,HTCS,968.0,0.0016458196181698486,59.32,1 in 607
league_de,LEV - HDH,CS 1-5,CS,2420.0,0.0006581112207963146,59.26,1 in 1519
league_de,RBL - MGB,HT CS 0-3,HTCS,322.0,0.004937458854509546,58.99,1 in 202
league_de,BMU - STP,CS 2-4,CS,803.0,0.0019749835418038184,58.59,1 in 506
league_de,FRE - KOE,CS 0-6,CS,4790.0,0.0003291639236339697,57.67,1 in 3038
league_de,HOF - WLF,CS 0-5,CS,529.0,0.0029615004935834156,56.66,1 in 337
league_de,HDH - BRE,CS 5-1,CS,340.0,0.004606778545574202,56.63,1 in 217
league_de,MNZ - MGB,CS 0-5,CS,679.0,0.002303389272787101,56.4,1 in 434
league_de,MNZ - LEV,CS 5-1,CS,364.0,0.0042777229351760445,55.71,1 in 233
league_de,BVB - STP,CS 0-5,CS,4730.0,0.0003290556103981573,55.64,1 in 3039
league_de,BVB - UBE,CS 0-5,CS,4730.0,0.0003290556103981573,55.64,1 in 3039
league_de,FRE - BMU,CS 5-1,CS,590.0,0.0026333113890717576,55.37,1 in 379
league_de,BRE - BMU,CS 5-0,CS,1180.0,0.0013162224415926291,55.31,1 in 759
league_de,STP - MNZ,CS 0-6,CS,1180.0,0.0013162224415926291,55.31,1 in 759
league_de,STP - WLF,CS 5-1,CS,262.0,0.005924950625411455,55.23,1 in 168
league_de,UBE - HSV,CS 1-5,CS,470.0,0.0032916392363396972,54.71,1 in 303
league_de,UBE - BVB,CS 5-1,CS,521.0,0.0029624753127057276,54.34,1 in 337
league_de,HDH - BVB,CS 5-1,CS,521.0,0.0029615004935834156,54.29,1 in 337
league_de,BVB - RBL,CS 6-0,CS,669.0,0.002304147465437788,54.15,1 in 434
league_de,HSV - BRE,CS 0-6,CS,1170.0,0.0013166556945358788,54.05,1 in 759
league_de,MGB - KOE,CS 0-6,CS,2330.0,0.0006583278472679394,53.39,1 in 1519
league_de,HOF - WLF,CS 0-6,CS,2330.0,0.0006581112207963146,53.34,1 in 1519
league_de,BVB - BRE,HT CS 0-3,HTCS,233.0,0.006581112207963146,53.34,1 in 151
league_de,KOE - MGB,CS 0-6,CS,2330.0,0.0006581112207963146,53.34,1 in 1519
league_de,STU - FRE,CS 6-0,CS,774.0,0.0019743336623889436,52.81,1 in 506
league_de,WLF - MGB,CS 1-5,CS,357.0,0.004279131007241606,52.76,1 in 233
league_de,BMU - FRE,HT CS 0-3,HTCS,580.0,0.0026324448831852583,52.68,1 in 379
league_de,AUG - BVB,CS 5-1,CS,515.0,0.0029615004935834156,52.52,1 in 337
league_de,BRE - AUG,CS 0-4,CS,330.0,0.004608294930875576,52.07,1 in 217
league_de,RBL - KOE,CS 0-5,CS,1540.0,0.0009871668311944718,52.02,1 in 1013
league_de,KOE - MNZ,CS 0-5,CS,419.0,0.003618421052631579,51.61,1 in 276
league_de,STU - MNZ,CS 0-5,CS,658.0,0.002303389272787101,51.56,1 in 434
league_de,STP - AUG,CS 0-5,CS,656.0,0.002304147465437788,51.15,1 in 434
league_de,BRE - FRE,CS 2-4,CS,124.0,0.01217505758473182,50.97,1 in 82
league_de,BMU - MNZ,CS 1-5,CS,1520.0,0.0009871668311944718,50.05,1 in 1013
league_de,KOE - BVB,CS 5-1,CS,378.0,0.003948667324777887,49.26,1 in 253
league_de,STU - MGB,CS 1-4,CS,146.0,0.01020408163265306,48.98,1 in 98
league_de,HOF - UBE,CS 1-5,CS,503.0,0.0029615004935834156,48.96,1 in 337
league_de,MNZ - STP,CS 0-5,CS,1130.0,0.0013162224415926291,48.73,1 in 759
league_de,FRE - FRA,CS 5-0,CS,301.0,0.004935834155972359,48.57,1 in 202
league_de,FRA - STP,HT CS 0-3,HTCS,752.0,0.0019743336623889436,48.47,1 in 506
league_de,HOF - UBE,CS 0-5,CS,751.0,0.0019743336623889436,48.27,1 in 506
league_de,HDH - BRE,CS 5-0,CS,450.0,0.003290556103981573,48.08,1 in 303
league_de,AUG - HDH,CS 0-6,CS,2250.0,0.0006578947368421052,48.03,1 in 1520
league_de,FRA - UBE,CS 1-4,CS,346.0,0.0042777229351760445,48.01,1 in 233
league_de,UBE - HDH,CS 5-1,CS,204.0,0.007241606319947334,47.73,1 in 138
league_de,STP - UBE,CS 5-1,CS,204.0,0.007239223428759461,47.68,1 in 138
league_de,HDH - UBE,CS 5-1,CS,204.0,0.007236842105263158,47.63,1 in 138
league_de,STU - FRA,CS 6-0,CS,1120.0,0.0013166556945358788,47.47,1 in 759
league_de,KOE - AUG,CS 0-5,CS,1120.0,0.0013162224415926291,47.42,1 in 759
league_de,WLF - FRA,CS 1-5,CS,179.0,0.008226390259953932,47.25,1 in 121
league_de,BMU - HOF,CS 0-4,CS,893.0,0.0016458196181698486,46.97,1 in 607
league_de,KOE - BMU,CS 4-1,CS,194.0,0.007570770243581304,46.87,1 in 132
league_de,BVB - UBE,CS 1-5,CS,2230.0,0.0006581112207963146,46.76,1 in 1519
league_de,LEV - MGB,HT CS 0-3,HTCS,495.0,0.0029615004935834156,46.59,1 in 337
league_de,BRE - UBE,CS 0-6,CS,4450.0,0.0003290556103981573,46.43,1 in 3039
league_de,STP - STU,CS 6-0,CS,2220.0,0.0006581112207963146,46.1,1 in 1519
league_de,FRE - KOE,CS 1-5,CS,634.0,0.002304147465437788,46.08,1 in 434
league_de,BRE - BVB,CS 6-0,CS,2210.0,0.0006578947368421052,45.39,1 in 1520
league_de,HDH - RBL,CS 5-0,CS,883.0,0.0016458196181698486,45.33,1 in 607
league_de,RBL - MGB,CS 1-5,CS,883.0,0.0016458196181698486,45.33,1 in 607
league_de,UBE - BMU,HT CS 3-0,HTCS,551.0,0.0026324448831852583,45.05,1 in 379
league_de,RBL - HDH,CS 2-4,CS,366.0,0.003948667324777887,44.52,1 in 253
league_de,STU - WLF,CS 0-4,CS,256.0,0.005593945376768674,43.21,1 in 178
league_de,UBE - WLF,CS 6-0,CS,1450.0,0.0009874917709019092,43.19,1 in 1012
league_de,HDH - HOF,CS 6-0,CS,1450.0,0.0009874917709019092,43.19,1 in 1012
league_de,HDH - KOE,CS 6-0,CS,1450.0,0.0009871668311944718,43.14,1 in 1013
league_de,UBE - MGB,CS 6-0,CS,1450.0,0.000986842105263158,43.09,1 in 1013
league_de,FRE - MGB,HT CS 0-3,HTCS,207.0,0.006910167818361303,43.04,1 in 144
league_de,UBE - WLF,CS 0-5,CS,334.0,0.004279131007241606,42.92,1 in 233
league_de,BMU - MGB,CS 0-3,CS,206.0,0.0069124423963133645,42.4,1 in 144
league_de,WLF - BVB,CS 0-6,CS,618.0,0.002303389272787101,42.35,1 in 434
league_de,STU - LEV,CS 5-0,CS,360.0,0.003948667324777887,42.15,1 in 253
league_de,UBE - FRE,CS 5-1,CS,331.0,0.0042777229351760445,41.59,1 in 233
league_de,STP - KOE,CS 0-6,CS,1430.0,0.0009874917709019092,41.21,1 in 1012
league_de,HDH - WLF,CS 0-6,CS,1430.0,0.0009874917709019092,41.21,1 in 1012
league_de,STU - HDH,CS 2-4,CS,252.0,0.005595786701777485,41.01,1 in 178
league_de,WLF - FRA,CS 0-5,CS,238.0,0.005923000987166831,40.97,1 in 168
league_de,AUG - BMU,CS 5-1,CS,1070.0,0.0013162224415926291,40.84,1 in 759
league_de,HSV - FRE,CS 6-0,CS,2140.0,0.0006581112207963146,40.84,1 in 1519
league_de,WLF - HDH,CS 0-4,CS,186.0,0.007568279039157618,40.77,1 in 132
league_de,UBE - HSV,CS 6-0,CS,854.0,0.0016458196181698486,40.55,1 in 607
league_de,HDH - HSV,CS 6-0,CS,854.0,0.0016458196181698486,40.55,1 in 607
league_de,UBE - LEV,CS 6-0,CS,4270.0,0.0003291639236339697,40.55,1 in 3038
league_de,HDH - LEV,CS 6-0,CS,4270.0,0.0003290556103981573,40.51,1 in 3039
league_de,MGB - HDH,HT CS 0-3,HTCS,164.0,0.008555445870352089,40.31,1 in 116
league_de,MNZ - BRE,CS 6-0,CS,1060.0,0.0013166556945358788,39.57,1 in 759
league_de,BMU - MGB,CS 0-5,CS,4240.0,0.0003291639236339697,39.57,1 in 3038
league_de,RBL - FRA,CS 6-0,CS,604.0,0.002304147465437788,39.17,1 in 434
league_de,FRA - BRE,CS 2-4,CS,151.0,0.009213557091148404,39.12,1 in 108
league_de,HDH - MGB,CS 1-4,CS,69.2,0.020078999341672153,38.95,1 in 49
league_de,AUG - LEV,CS 6-0,CS,4220.0,0.0003290556103981573,38.86,1 in 3039
league_de,WLF - FRE,CS 5-0,CS,324.0,0.004279131007241606,38.64,1 in 233
league_de,RBL - MGB,CS 0-4,CS,350.0,0.003949967083607637,38.25,1 in 253
league_de,WLF - UBE,CS 6-0,CS,525.0,0.0026324448831852583,38.2,1 in 379
league_de,MGB - MNZ,CS 0-5,CS,419.0,0.0032916392363396972,37.92,1 in 303
league_de,BVB - KOE,HT CS 0-3,HTCS,322.0,0.0042777229351760445,37.74,1 in 233
league_de,UBE - HDH,CS 1-4,CS,102.0,0.013495720868992759,37.66,1 in 74
league_de,WLF - BRE,CS 0-4,CS,110.0,0.012504113195129977,37.55,1 in 79
league_de,HDH - STP,CS 0-5,CS,597.0,0.002303389272787101,37.51,1 in 434
league_de,FRA - MNZ,HT CS 0-3,HTCS,167.0,0.008229098090849244,37.43,1 in 121
league_de,MNZ - HSV,CS 0-3,CS,85.2,0.016129032258064516,37.42,1 in 62
league_de,WLF - MNZ,HT CS 0-3,HTCS,83.5,0.016452780519907863,37.38,1 in 60
league_de,WLF - BRE,CS 5-1,CS,231.0,0.005923000987166831,36.82,1 in 168
league_de,STP - KOE,CS 5-0,CS,346.0,0.003949967083607637,36.67,1 in 253
league_de,FRA - STP,CS 1-4,CS,346.0,0.003948667324777887,36.62,1 in 253
league_de,STP - MGB,CS 5-0,CS,346.0,0.003947368421052632,36.58,1 in 253
league_de,UBE - KOE,CS 5-0,CS,346.0,0.003947368421052632,36.58,1 in 253
league_de,FRE - HSV,HT CS 0-3,HTCS,377.0,0.0036196117143797303,36.46,1 in 276
league_de,AUG - STP,CS 1-5,CS,377.0,0.0036196117143797303,36.46,1 in 276
league_de,UBE - FRE,CS 6-0,CS,2070.0,0.0006581112207963146,36.23,1 in 1519
league_de,FRA - KOE,CS 1-5,CS,826.0,0.0016458196181698486,35.94,1 in 607
league_de,MNZ - HOF,CS 6-0,CS,687.0,0.0019743336623889436,35.64,1 in 506
league_de,STU - STP,CS 0-5,CS,2060.0,0.0006583278472679394,35.62,1 in 1519
league_de,AUG - RBL,CS 5-1,CS,515.0,0.0026333113890717576,35.62,1 in 379
league_de,STU - UBE,CS 0-5,CS,2060.0,0.0006583278472679394,35.62,1 in 1519
league_de,FRE - AUG,CS 1-5,CS,1030.0,0.0013166556945358788,35.62,1 in 759
league_de,STU - HDH,CS 0-5,CS,2060.0,0.0006583278472679394,35.62,1 in 1519
league_de,RBL - FRE,CS 0-5,CS,1030.0,0.0013162224415926291,35.57,1 in 759
league_de,HSV - RBL,CS 5-0,CS,823.0,0.0016452780519907865,35.41,1 in 607
league_de,RBL - AUG,CS 1-5,CS,1370.0,0.0009871668311944718,35.24,1 in 1013
league_de,MGB - RBL,CS 4-1,CS,97.6,0.013820335636722606,34.89,1 in 72
league_de,RBL - FRE,CS 1-5,CS,585.0,0.002303389272787101,34.75,1 in 434
league_de,RBL - UBE,CS 0-4,CS,817.0,0.0016458196181698486,34.46,1 in 607
league_de,BVB - UBE,CS 0-4,CS,817.0,0.0016452780519907865,34.42,1 in 607
league_de,MGB - FRE,CS 6-0,CS,1360.0,0.0009874917709019092,34.3,1 in 1012
league_de,MNZ - FRA,CS 6-0,CS,1360.0,0.0009871668311944718,34.25,1 in 1013
league_de,FRE - BRE,CS 5-0,CS,194.0,0.0069124423963133645,34.1,1 in 144
league_de,BRE - MGB,CS 0-5,CS,679.0,0.0019743336623889436,34.06,1 in 506
league_de,MGB - RBL,CS 5-0,CS,582.0,0.002303389272787101,34.06,1 in 434
league_de,BRE - UBE,CS 2-4,CS,214.0,0.006252056597564989,33.79,1 in 159
league_de,BVB - LEV,CS 1-5,CS,239.0,0.005593945376768674,33.7,1 in 178
league_de,HSV - BMU,CS 5-0,CS,2030.0,0.0006581112207963146,33.6,1 in 1519
league_de,AUG - HDH,CS 6-0,CS,812.0,0.001644736842105263,33.55,1 in 608
league_de,BMU - WLF,CS 2-4,CS,338.0,0.003949967083607637,33.51,1 in 253
league_de,MNZ - HDH,CS 1-4,CS,169.0,0.007899934167215274,33.51,1 in 126
league_de,BRE - STP,CS 1-4,CS,169.0,0.007897334649555774,33.46,1 in 126
league_de,BRE - HDH,CS 2-3,CS,56.3,0.02369980250164582,33.43,1 in 42
league_de,MGB - WLF,CS 0-4,CS,135.0,0.009871668311944718,33.27,1 in 101
league_de,RBL - BRE,CS 0-4,CS,269.0,0.004935834155972359,32.77,1 in 202
league_de,HSV - BVB,CS 4-1,CS,126.0,0.01053324555628703,32.72,1 in 94
league_de,BMU - STP,HT CS 0-3,HTCS,4030.0,0.0003291639236339697,32.65,1 in 3038
league_de,KOE - HDH,CS 1-5,CS,503.0,0.0026333113890717576,32.46,1 in 379
league_de,FRA - STP,CS 2-3,CS,74.5,0.017769002961500493,32.38,1 in 56
league_de,MGB - BRE,CS 3-3,CS,69.3,0.019091507570770244,32.3,1 in 52
league_de,BRE - FRE,CS 0-6,CS,2010.0,0.0006581112207963146,32.28,1 in 1519
league_de,BMU - UBE,CS 2-4,CS,803.0,0.0016452780519907865,32.12,1 in 607
league_de,HSV - RBL,CS 0-5,CS,118.0,0.011187890753537348,32.02,1 in 89
league_de,FRE - BMU,CS 0-6,CS,401.0,0.0032916392363396972,31.99,1 in 303
league_de,HSV - BVB,HT CS 3-0,HTCS,167.0,0.007899934167215274,31.93,1 in 126
league_de,BVB - AUG,CS 1-4,CS,286.0,0.004608294930875576,31.8,1 in 217
league_de,BVB - RBL,CS 5-0,CS,182.0,0.007241606319947334,31.8,1 in 138
league_de,HOF - BVB,CS 4-0,CS,154.0,0.008555445870352089,31.75,1 in 116
league_de,WLF - RBL,CS 4-1,CS,97.6,0.013495720868992759,31.72,1 in 74
league_de,UBE - BRE,CS 6-0,CS,2000.0,0.0006581112207963146,31.62,1 in 1519
league_de,FRA - HOF,CS 0-4,CS,333.0,0.003948667324777887,31.49,1 in 253
league_de,HSV - MNZ,CS 1-5,CS,222.0,0.005923000987166831,31.49,1 in 168
league_de,LEV - STP,CS 1-4,CS,444.0,0.0029605263157894738,31.45,1 in 337
league_de,LEV - AUG,CS 1-4,CS,332.0,0.003949967083607637,31.14,1 in 253
league_de,BVB - MGB,CS 6-0,CS,249.0,0.0052648897663705166,31.1,1 in 189
league_de,FRA - KOE,HT/FT 1/2,HTFT,36.7,0.03554970375246873,30.47,1 in 28
league_de,FRE - STP,CS 0-5,CS,1980.0,0.0006581112207963146,30.31,1 in 1519
league_de,FRE - HOF,CS 5-0,CS,132.0,0.009871668311944718,30.31,1 in 101
league_de,FRE - UBE,CS 0-5,CS,1980.0,0.0006581112207963146,30.31,1 in 1519
league_de,BMU - FRA,CS 6-0,CS,172.0,0.007568279039157618,30.17,1 in 132
league_de,WLF - FRE,CS 2-4,CS,104.0,0.012508229098090849,30.09,1 in 79
league_de,RBL - KOE,CS 2-4,CS,208.0,0.006252056597564989,30.04,1 in 159
league_de,UBE - BVB,CS 6-0,CS,3950.0,0.0003291639236339697,30.02,1 in 3038
league_de,STP - BVB,CS 6-0,CS,3950.0,0.0003291639236339697,30.02,1 in 3038
league_de,UBE - RBL,CS 6-0,CS,3950.0,0.0003290556103981573,29.98,1 in 3039
league_de,STP - RBL,CS 6-0,CS,3950.0,0.0003290556103981573,29.98,1 in 3039
league_de,STU - AUG,CS 6-0,CS,232.0,0.005593945376768674,29.78,1 in 178
league_de,MGB - WLF,CS 5-0,CS,232.0,0.005593945376768674,29.78,1 in 178
league_de,UBE - KOE,HT CS 3-0,HTCS,68.0,0.019078947368421053,29.74,1 in 52
league_de,AUG - KOE,HT CS 3-0,HTCS,62.5,0.020737327188940093,29.61,1 in 48
league_de,HOF - BMU,CS 1-5,CS,74.3,0.017439947351102335,29.58,1 in 57
league_de,KOE - STP,HT CS 0-3,HTCS,164.0,0.007897334649555774,29.52,1 in 126
league_de,BVB - UBE,CS 0-3,CS,171.0,0.007568279039157618,29.42,1 in 132
league_de,UBE - AUG,HT CS 0-3,HTCS,131.0,0.009871668311944718,29.32,1 in 101
league_de,BMU - AUG,CS 3-3,CS,83.6,0.015465613688713393,29.29,1 in 64
league_de,HOF - WLF,CS 1-5,CS,357.0,0.0036196117143797303,29.22,1 in 276
league_de,KOE - MGB,CS 1-5,CS,357.0,0.0036196117143797303,29.22,1 in 276
league_de,FRA - HDH,CS 0-3,CS,157.0,0.008229098090849244,29.2,1 in 121
league_de,WLF - HSV,CS 3-3,CS,80.1,0.016123724909509706,29.15,1 in 62
league_de,AUG - BVB,CS 1-5,CS,106.0,0.01217505758473182,29.06,1 in 82
league_de,WLF - AUG,CS 5-1,CS,140.0,0.009216589861751152,29.03,1 in 108
league_de,HSV - FRE,CS 5-0,CS,490.0,0.0026324448831852583,28.99,1 in 379
league_de,MGB - FRA,CS 5-0,CS,435.0,0.0029615004935834156,28.83,1 in 337
league_de,STP - MNZ,CS 1-5,CS,230.0,0.005593945376768674,28.66,1 in 178
league_de,HOF - UBE,CS 0-4,CS,186.0,0.006910167818361303,28.53,1 in 144
league_de,BRE - AUG,CS 6-0,CS,389.0,0.0032916392363396972,28.04,1 in 303
league_de,HOF - STP,CS 2-4,CS,162.0,0.007899934167215274,27.98,1 in 126
league_de,MGB - FRE,CS 4-2,CS,99.6,0.012837393021724819,27.86,1 in 77
league_de,HSV - FRA,CS 0-6,CS,646.0,0.0019749835418038184,27.58,1 in 506
league_de,UBE - STP,CS 5-1,CS,204.0,0.006254114549045424,27.58,1 in 159
league_de,BMU - MNZ,HT CS 0-2,HTCS,79.1,0.016123724909509706,27.54,1 in 62
league_de,STU - FRE,CS 5-0,CS,204.0,0.006252056597564989,27.54,1 in 159
league_de,FRA - STU,CS 6-0,CS,969.0,0.0013157894736842105,27.5,1 in 760
league_de,KOE - WLF,CS 4-2,CS,86.1,0.014807502467917079,27.49,1 in 67
league_de,STU - BMU,CS 5-1,CS,484.0,0.0026333113890717576,27.45,1 in 379
league_de,AUG - HOF,CS 6-0,CS,1290.0,0.0009874917709019092,27.39,1 in 1012
league_de,HSV - WLF,CS 6-0,CS,1290.0,0.0009874917709019092,27.39,1 in 1012
league_de,HSV - MGB,CS 6-0,CS,1290.0,0.0009871668311944718,27.34,1 in 1013
league_de,MGB - LEV,CS 4-2,CS,129.0,0.009871668311944718,27.34,1 in 101
league_de,BVB - FRA,CS 4-2,CS,65.6,0.019407894736842107,27.32,1 in 51
league_de,HOF - MGB,CS 5-1,CS,184.0,0.0069124423963133645,27.19,1 in 144
league_de,BVB - WLF,HT CS 0-3,HTCS,322.0,0.003949967083607637,27.19,1 in 253
league_de,HDH - LEV,CS 5-1,CS,552.0,0.002303389272787101,27.15,1 in 434
league_de,FRA - KOE,CS 2-3,CS,54.4,0.02337063857801185,27.14,1 in 42
league_de,RBL - HDH,CS 1-4,CS,386.0,0.003290556103981573,27.02,1 in 303
league_de,UBE - STP,CS 5-0,CS,241.0,0.005266622778143515,26.93,1 in 189
league_de,STU - BMU,CS 0-6,CS,482.0,0.0026333113890717576,26.93,1 in 379
league_de,HDH - BMU,HT CS 3-0,HTCS,551.0,0.002303389272787101,26.92,1 in 434
league_de,BRE - UBE,CS 0-4,CS,257.0,0.004935834155972359,26.85,1 in 202
league_de,BRE - FRE,CS 4-0,CS,80.3,0.01579466929911155,26.83,1 in 63
league_de,LEV - HOF,HT/FT 2/1,HTFT,42.7,0.029615004935834157,26.46,1 in 33
league_de,STU - UBE,CS 6-0,CS,192.0,0.0065832784726793945,26.4,1 in 151
league_de,FRE - AUG,CS 0-4,CS,384.0,0.0032916392363396972,26.4,1 in 303
league_de,BVB - LEV,CS 5-0,CS,240.0,0.0052648897663705166,26.36,1 in 189
league_de,FRA - KOE,CS 5-0,CS,91.4,0.013824884792626729,26.36,1 in 72
league_de,UBE - BMU,CS 4-0,CS,548.0,0.002303389272787101,26.23,1 in 434
league_de,STP - HOF,HT CS 0-3,HTCS,67.3,0.01875,26.19,1 in 53
league_de,FRE - MGB,CS 0-4,CS,239.0,0.0052648897663705166,25.83,1 in 189
league_de,RBL - BVB,CS 5-0,CS,182.0,0.006910167818361303,25.77,1 in 144
league_de,MNZ - HSV,CS 1-5,CS,954.0,0.0013166556945358788,25.61,1 in 759
league_de,AUG - MGB,CS 5-0,CS,318.0,0.003949967083607637,25.61,1 in 253
league_de,HDH - BMU,CS 2-0,CS,47.7,0.026324448831852584,25.57,1 in 37
league_de,MNZ - AUG,CS 1-5,CS,954.0,0.0013162224415926291,25.57,1 in 759
league_de,MGB - BVB,CS 4-2,CS,123.0,0.01020408163265306,25.51,1 in 98
league_de,BMU - BRE,CS 2-4,CS,293.0,0.004279131007241606,25.38,1 in 233
league_de,LEV - BRE,CS 6-0,CS,254.0,0.004935834155972359,25.37,1 in 202
league_de,FRA - HSV,CS 0-5,CS,3810.0,0.0003290556103981573,25.37,1 in 3039
league_de,WLF - BRE,CS 6-0,CS,1270.0,0.0009871668311944718,25.37,1 in 1013
league_de,MGB - AUG,HT CS 0-3,HTCS,224.0,0.005592105263157895,25.26,1 in 178
league_de,FRE - MGB,CS 1-5,CS,634.0,0.0019743336623889436,25.17,1 in 506
league_de,LEV - FRE,HT CS 0-3,HTCS,253.0,0.004937458854509546,24.92,1 in 202
league_de,MNZ - STU,CS 1-5,CS,292.0,0.0042777229351760445,24.91,1 in 233
league_de,STU - FRE,CS 2-4,CS,115.0,0.01085883514313919,24.88,1 in 92
league_de,AUG - KOE,CS 5-1,CS,237.0,0.005266622778143515,24.82,1 in 189
league_de,AUG - STU,CS 3-3,CS,59.2,0.02106649111257406,24.71,1 in 47
league_de,BRE - WLF,CS 4-2,CS,84.2,0.014807502467917079,24.68,1 in 67
league_de,BMU - STP,HT/FT 2/X,HTFT,90.1,0.013824884792626729,24.56,1 in 72
league_de,STP - STU,CS 1-4,CS,45.6,0.027311615663047056,24.54,1 in 36
league_de,WLF - UBE,CS 1-4,CS,122.0,0.010200723922342876,24.45,1 in 98
league_de,STP - KOE,CS 1-5,CS,252.0,0.004937458854509546,24.42,1 in 202
league_de,HDH - WLF,CS 1-5,CS,252.0,0.004937458854509546,24.42,1 in 202
league_de,STP - WLF,CS 0-4,CS,94.5,0.013166556945358789,24.42,1 in 75
league_de,WLF - BVB,CS 5-1,CS,378.0,0.003290556103981573,24.38,1 in 303
league_de,WLF - KOE,CS 0-4,CS,135.0,0.009213557091148404,24.38,1 in 108
league_de,BRE - MNZ,CS 0-5,CS,539.0,0.002303389272787101,24.15,1 in 434
league_de,BRE - HSV,CS 3-3,CS,78.6,0.01579466929911155,24.15,1 in 63
league_de,HOF - BRE,CS 0-5,CS,419.0,0.0029615004935834156,24.09,1 in 337
league_de,HSV - HDH,CS 1-5,CS,377.0,0.003290556103981573,24.05,1 in 303
league_de,BRE - FRA,CS 1-5,CS,251.0,0.004937458854509546,23.93,1 in 202
league_de,BMU - FRA,HT/FT 1/2,HTFT,36.9,0.03356367226061204,23.85,1 in 29
league_de,BVB - HDH,CS 0-3,CS,171.0,0.007239223428759461,23.79,1 in 138
league_de,UBE - FRA,CS 0-6,CS,627.0,0.0019743336623889436,23.79,1 in 506
league_de,AUG - BRE,CS 4-2,CS,114.0,0.010855263157894738,23.75,1 in 92
league_de,UBE - AUG,CS 5-1,CS,188.0,0.006581112207963146,23.72,1 in 151
league_de,STP - BRE,CS 0-5,CS,289.0,0.004279131007241606,23.67,1 in 233
league_de,HDH - BRE,CS 0-5,CS,289.0,0.0042777229351760445,23.63,1 in 233
league_de,HOF - STP,CS 0-5,CS,751.0,0.0016458196181698486,23.6,1 in 607
league_de,UBE - KOE,CS 4-0,CS,93.9,0.013157894736842105,23.55,1 in 76
league_de,FRA - UBE,HT/FT 2/1,HTFT,47.5,0.025995393221454426,23.48,1 in 38
league_de,AUG - UBE,CS 5-0,CS,208.0,0.005924950625411455,23.24,1 in 168
league_de,UBE - HDH,CS 1-5,CS,416.0,0.0029624753127057276,23.24,1 in 337
league_de,BMU - UBE,HT/FT 1/2,HTFT,65.7,0.018756169792694965,23.23,1 in 53
league_de,STP - UBE,CS 1-5,CS,416.0,0.0029615004935834156,23.2,1 in 337
league_de,HOF - FRA,CS 3-3,CS,57.6,0.021388614675880224,23.2,1 in 46
league_de,BMU - WLF,CS 1-3,CS,89.1,0.013824884792626729,23.18,1 in 72
league_de,UBE - AUG,HT/FT 1/2,HTFT,33.1,0.03718328397499177,23.08,1 in 26
league_de,LEV - BMU,CS 6-0,CS,1870.0,0.0006581112207963146,23.07,1 in 1519
league_de,BRE - BVB,CS 2-4,CS,85.0,0.014473684210526316,23.03,1 in 69
league_de,BVB - HOF,CS 6-0,CS,249.0,0.004937458854509546,22.94,1 in 202
league_de,AUG - MNZ,CS 5-0,CS,415.0,0.0029624753127057276,22.94,1 in 337
league_de,HSV - BRE,CS 5-0,CS,415.0,0.0029624753127057276,22.94,1 in 337
league_de,BRE - WLF,HT/FT 2/1,HTFT,34.5,0.035538005923000986,22.61,1 in 28
league_de,AUG - BVB,CS 4-0,CS,207.0,0.005923000987166831,22.61,1 in 168
league_de,FRA - RBL,CS 5-1,CS,196.0,0.006252056597564989,22.54,1 in 159
league_de,WLF - STP,CS 0-4,CS,186.0,0.006581112207963146,22.41,1 in 151
league_de,BVB - FRE,CS 0-4,CS,248.0,0.004935834155972359,22.41,1 in 202
league_de,STP - RBL,CS 0-5,CS,120.0,0.010200723922342876,22.41,1 in 98
league_de,UBE - BVB,HT CS 3-0,HTCS,169.0,0.007241606319947334,22.38,1 in 138
league_de,UBE - FRE,CS 0-6,CS,929.0,0.0013162224415926291,22.28,1 in 759
league_de,BMU - HDH,CS 0-3,CS,464.0,0.0026333113890717576,22.19,1 in 379
league_de,BMU - UBE,CS 6-0,CS,46.4,0.026324448831852584,22.15,1 in 37
league_de,FRA - MNZ,CS 0-6,CS,3710.0,0.0003291639236339697,22.12,1 in 3038
league_de,WLF - RBL,CS 0-6,CS,618.0,0.0019749835418038184,22.05,1 in 506
league_de,BMU - MGB,CS 5-0,CS,38.6,0.031599736668861095,21.97,1 in 31
league_de,HSV - LEV,HT CS 3-0,HTCS,195.0,0.006252056597564989,21.92,1 in 159
league_de,WLF - HOF,CS 0-5,CS,529.0,0.002304147465437788,21.89,1 in 434
league_de,HOF - MGB,CS 0-5,CS,529.0,0.002304147465437788,21.89,1 in 434
league_de,BMU - RBL,CS 0-4,CS,285.0,0.0042763157894736845,21.88,1 in 233
league_de,HOF - AUG,CS 5-0,CS,148.0,0.008226390259953932,21.75,1 in 121
league_de,HOF - LEV,CS 4-0,CS,176.0,0.0069124423963133645,21.66,1 in 144
league_de,STU - UBE,HT/FT 2/X,HTFT,33.6,0.03620803159973667,21.66,1 in 27
league_de,KOE - BRE,CS 1-5,CS,308.0,0.003949967083607637,21.66,1 in 253
league_de,KOE - RBL,CS 4-0,CS,154.0,0.007897334649555774,21.62,1 in 126
league_de,BRE - BVB,CS 4-0,CS,132.0,0.009210526315789473,21.58,1 in 108
league_de,HDH - STU,CS 4-1,CS,87.9,0.013820335636722606,21.48,1 in 72
league_de,KOE - BMU,CS 4-2,CS,217.0,0.005595786701777485,21.43,1 in 178
league_de,MNZ - STU,CS 6-0,CS,1230.0,0.0009871668311944718,21.42,1 in 1013
league_de,FRE - FRA,CS 5-1,CS,217.0,0.005593945376768674,21.39,1 in 178
league_de,AUG - STU,CS 0-6,CS,737.0,0.0016458196181698486,21.3,1 in 607
league_de,FRE - MNZ,CS 5-0,CS,194.0,0.006252056597564989,21.29,1 in 159
league_de,STP - BRE,CS 4-1,CS,87.7,0.013824884792626729,21.24,1 in 72
league_de,HOF - WLF,CS 6-0,CS,921.0,0.0013162224415926291,21.22,1 in 759
league_de,LEV - UBE,CS 0-4,CS,921.0,0.0013162224415926291,21.22,1 in 759
league_de,BMU - FRE,CS 0-4,CS,614.0,0.0019743336623889436,21.22,1 in 506
league_de,FRE - MNZ,HT CS 3-0,HTCS,39.6,0.03060217176702863,21.18,1 in 32
league_de,MGB - FRA,CS 6-0,CS,1840.0,0.0006581112207963146,21.09,1 in 1519
league_de,RBL - HDH,HT/FT 1/2,HTFT,43.8,0.027640671273445213,21.07,1 in 36
league_de,FRA - STU,CS 5-1,CS,184.0,0.006578947368421052,21.05,1 in 152
league_de,HOF - STP,CS 6-0,CS,525.0,0.002304147465437788,20.97,1 in 434
league_de,AUG - UBE,CS 0-5,CS,525.0,0.002304147465437788,20.97,1 in 434
league_de,STP - KOE,CS 0-5,CS,334.0,0.003620803159973667,20.93,1 in 276
league_de,STP - WLF,CS 0-5,CS,334.0,0.003620803159973667,20.93,1 in 276
league_de,KOE - HDH,CS 4-0,CS,46.5,0.026003949967083606,20.92,1 in 38
league_de,HDH - FRA,CS 1-5,CS,136.0,0.008884501480750246,20.83,1 in 112
league_de,MNZ - UBE,CS 4-1,CS,37.8,0.03192890059249506,20.69,1 in 31
league_de,BMU - STP,HT CS 0-2,HTCS,229.0,0.005266622778143515,20.61,1 in 189
league_de,STU - HOF,CS 5-0,CS,111.0,0.010862409479921,20.57,1 in 92
league_de,FRA - WLF,CS 0-4,CS,333.0,0.003620803159973667,20.57,1 in 276
league_de,AUG - BMU,HT CS 2-0,HTCS,62.1,0.01941428101349128,20.56,1 in 51
league_de,HDH - STU,CS 5-1,CS,333.0,0.0036196117143797303,20.53,1 in 276
league_de,KOE - STP,HT/FT 1/2,HTFT,32.7,0.036854228364593615,20.51,1 in 27
league_de,FRA - HDH,CS 1-5,CS,1830.0,0.0006583278472679394,20.47,1 in 1519
league_de,MNZ - BRE,CS 5-0,CS,261.0,0.004608294930875576,20.28,1 in 217
league_de,UBE - RBL,CS 5-1,CS,521.0,0.002303389272787101,20.01,1 in 434
league_de,STP - RBL,CS 5-1,CS,521.0,0.002303389272787101,20.01,1 in 434
league_de,FRA - FRE,CS 1-5,CS,364.0,0.0032916392363396972,19.82,1 in 303
league_de,MGB - BRE,CS 0-6,CS,1820.0,0.0006583278472679394,19.82,1 in 1519
league_de,RBL - BMU,CS 5-1,CS,364.0,0.0032916392363396972,19.82,1 in 303
league_de,HOF - MNZ,CS 0-6,CS,1820.0,0.0006583278472679394,19.82,1 in 1519
league_de,WLF - MNZ,CS 0-6,CS,1820.0,0.0006581112207963146,19.78,1 in 1519
league_de,MNZ - BMU,CS 3-1,CS,48.5,0.02468729427254773,19.73,1 in 40
league_de,UBE - HSV,HT CS 3-0,HTCS,44.9,0.026662277814351546,19.71,1 in 37
league_de,LEV - UBE,CS 2-4,CS,404.0,0.0029615004935834156,19.64,1 in 337
league_de,LEV - HDH,CS 2-4,CS,404.0,0.0029615004935834156,19.64,1 in 337
league_de,MNZ - MGB,CS 5-1,CS,158.0,0.007568279039157618,19.58,1 in 132
league_de,BRE - WLF,CS 5-1,CS,158.0,0.007568279039157618,19.58,1 in 132
league_de,UBE - KOE,HT CS 0-3,HTCS,67.3,0.017763157894736842,19.55,1 in 56
league_de,MNZ - UBE,HT CS 0-3,HTCS,242.0,0.004937458854509546,19.49,1 in 202
league_de,BRE - FRE,HT/FT 1/2,HTFT,32.7,0.03652517275419546,19.44,1 in 27
league_de,KOE - MNZ,CS 0-4,CS,110.0,0.010855263157894738,19.41,1 in 92
league_de,KOE - MNZ,CS 5-0,CS,302.0,0.003947368421052632,19.21,1 in 253
league_de,RBL - MNZ,CS 6-0,CS,329.0,0.003620803159973667,19.12,1 in 276
league_de,RBL - AUG,CS 0-3,CS,139.0,0.008555445870352089,18.92,1 in 116
league_de,HDH - UBE,CS 5-0,CS,241.0,0.004934210526315789,18.91,1 in 202
league_de,FRA - FRE,CS 5-0,CS,190.0,0.006254114549045424,18.83,1 in 159
league_de,FRA - HSV,HT CS 0-2,HTCS,66.8,0.017769002961500493,18.7,1 in 56
league_de,BMU - LEV,CS 5-0,CS,103.0,0.011516946363935505,18.62,1 in 86
league_de,UBE - KOE,CS 2-4,CS,103.0,0.011513157894736841,18.59,1 in 86
league_de,BRE - HOF,CS 2-4,CS,150.0,0.007899934167215274,18.5,1 in 126
league_de,FRE - HSV,CS 0-5,CS,1800.0,0.0006581112207963146,18.46,1 in 1519
league_de,RBL - LEV,CS 5-0,CS,240.0,0.004935834155972359,18.46,1 in 202
league_de,FRE - STU,CS 1-4,CS,73.4,0.016129032258064516,18.39,1 in 62
league_de,FRE - HDH,CS 6-0,CS,257.0,0.004606778545574202,18.39,1 in 217
league_de,UBE - RBL,CS 4-1,CS,124.0,0.009542612701546561,18.33,1 in 104
league_de,STP - FRA,CS 0-5,CS,171.0,0.0069124423963133645,18.2,1 in 144
league_de,MGB - LEV,HT CS 3-0,HTCS,133.0,0.008884501480750246,18.16,1 in 112
league_de,FRE - WLF,CS 0-2,CS,24.6,0.04802631578947368,18.14,1 in 20
league_de,BMU - FRA,CS 2-4,CS,211.0,0.005593945376768674,18.03,1 in 178
league_de,LEV - WLF,CS 6-0,CS,163.0,0.007239223428759461,18.0,1 in 138
league_de,AUG - FRE,CS 0-5,CS,239.0,0.004935834155972359,17.97,1 in 202
league_de,BMU - HOF,HT/FT 2/1,HTFT,52.7,0.02238314680710994,17.96,1 in 44
league_de,HSV - BRE,CS 2-4,CS,94.3,0.012508229098090849,17.95,1 in 79
league_de,UBE - HDH,CS 0-5,CS,597.0,0.0019749835418038184,17.91,1 in 506
league_de,STP - LEV,CS 0-6,CS,358.0,0.0032916392363396972,17.84,1 in 303
league_de,BRE - HDH,HT/FT 1/2,HTFT,35.8,0.032916392363396975,17.84,1 in 30
league_de,WLF - HSV,CS 1-5,CS,715.0,0.0016452780519907865,17.64,1 in 607
league_de,HOF - AUG,CS 1-5,CS,715.0,0.0016452780519907865,17.64,1 in 607
league_de,HSV - HDH,CS 5-1,CS,188.0,0.006252056597564989,17.54,1 in 159
league_de,HOF - MGB,CS 1-5,CS,357.0,0.0032916392363396972,17.51,1 in 303
league_de,KOE - FRA,CS 0-5,CS,238.0,0.004935834155972359,17.47,1 in 202
league_de,MGB - WLF,CS 1-5,CS,357.0,0.003290556103981573,17.47,1 in 303
league_de,STP - FRA,CS 4-1,CS,93.9,0.012508229098090849,17.45,1 in 79
league_de,AUG - RBL,CS 0-6,CS,396.0,0.0029624753127057276,17.31,1 in 337
league_de,LEV - BRE,CS 5-1,CS,77.5,0.015136558078315236,17.31,1 in 66
league_de,STU - HDH,HT/FT 2/X,HTFT,33.6,0.03489137590520079,17.24,1 in 28
league_de,HDH - STU,CS 4-0,CS,137.0,0.008555445870352089,17.21,1 in 116
league_de,LEV - FRE,CS 2-4,CS,178.0,0.0065832784726793945,17.18,1 in 151
league_de,RBL - LEV,HT CS 3-0,HTCS,46.8,0.025008226390259954,17.04,1 in 39
league_de,AUG - HOF,CS 5-1,CS,237.0,0.004937458854509546,17.02,1 in 202
league_de,FRE - RBL,CS 5-0,CS,395.0,0.0029615004935834156,16.98,1 in 337
league_de,FRE - HSV,CS 0-3,CS,98.7,0.011846001974333662,16.92,1 in 84
league_de,RBL - BMU,CS 4-0,CS,148.0,0.007899934167215274,16.92,1 in 126
league_de,BRE - FRE,CS 5-1,CS,222.0,0.0052648897663705166,16.88,1 in 189
league_de,MGB - FRE,CS 0-5,CS,355.0,0.0032916392363396972,16.85,1 in 303
league_de,LEV - FRA,CS 0-5,CS,710.0,0.0016452780519907865,16.81,1 in 607
league_de,FRA - AUG,HT CS 0-3,HTCS,710.0,0.001644736842105263,16.78,1 in 608
league_de,HDH - MNZ,CS 1-4,CS,64.5,0.01809805857189865,16.73,1 in 55
league_de,KOE - HSV,CS 2-4,CS,197.0,0.005923000987166831,16.68,1 in 168
league_de,FRE - KOE,HT/FT 1/2,HTFT,34.4,0.03390388413429888,16.63,1 in 29
league_de,MNZ - STP,HT/FT 1/2,HTFT,35.8,0.03257650542941757,16.62,1 in 30
league_de,HDH - BRE,CS 3-0,CS,37.7,0.030931227377426786,16.61,1 in 32
league_de,UBE - HSV,CS 2-4,CS,154.0,0.007570770243581304,16.59,1 in 132
league_de,UBE - HSV,HT/FT 1/2,HTFT,33.1,0.03522053982883476,16.58,1 in 28
league_de,BMU - WLF,HT/FT 1/2,HTFT,46.6,0.025016458196181698,16.58,1 in 39
league_de,HDH - AUG,CS 2-4,CS,154.0,0.007568279039157618,16.55,1 in 132
league_de,AUG - FRE,CS 0-4,CS,69.4,0.01678183613030602,16.47,1 in 59
league_de,BMU - AUG,HT/FT 2/X,HTFT,61.0,0.019085225403093122,16.42,1 in 52
league_de,RBL - STP,HT/FT 2/X,HTFT,42.6,0.027320605661619486,16.39,1 in 36
league_de,RBL - MGB,CS 2-4,CS,208.0,0.005595786701777485,16.39,1 in 178
league_de,MNZ - BRE,CS 2-4,CS,136.0,0.008558262014483212,16.39,1 in 116
league_de,FRE - UBE,CS 4-2,CS,65.5,0.017769002961500493,16.39,1 in 56
league_de,KOE - HDH,CS 0-4,CS,186.0,0.006254114549045424,16.33,1 in 159
league_de,MGB - STP,CS 0-4,CS,186.0,0.006254114549045424,16.33,1 in 159
league_de,RBL - KOE,CS 1-5,CS,883.0,0.0013162224415926291,16.22,1 in 759
league_de,HDH - BVB,CS 5-0,CS,883.0,0.0013162224415926291,16.22,1 in 759
league_de,MGB - LEV,CS 4-1,CS,107.0,0.01085883514313919,16.19,1 in 92
league_de,LEV - HDH,HT CS 0-2,HTCS,95.4,0.01217505758473182,16.15,1 in 82
league_de,UBE - HOF,CS 1-5,CS,252.0,0.004608294930875576,16.13,1 in 217
league_de,LEV - STP,HT CS 0-2,HTCS,95.4,0.012171052631578947,16.11,1 in 82
league_de,LEV - BMU,CS 5-1,CS,294.0,0.003948667324777887,16.09,1 in 253
league_de,STP - MGB,CS 1-5,CS,252.0,0.004605263157894736,16.05,1 in 217
league_de,UBE - KOE,CS 1-5,CS,252.0,0.004605263157894736,16.05,1 in 217
league_de,FRE - BRE,CS 0-5,CS,705.0,0.0016458196181698486,16.03,1 in 607
league_de,HSV - HOF,CS 3-3,CS,67.8,0.017110891740704178,16.01,1 in 58
league_de,RBL - STP,HT CS 0-3,HTCS,881.0,0.0013166556945358788,16.0,1 in 759
league_de,FRE - MNZ,CS 0-5,CS,705.0,0.0016452780519907865,15.99,1 in 607
league_de,MGB - HSV,CS 3-3,CS,80.1,0.014478446857518921,15.97,1 in 69
league_de,WLF - FRA,CS 2-4,CS,80.1,0.014478446857518921,15.97,1 in 69
league_de,BVB - STP,HT CS 0-3,HTCS,881.0,0.0013162224415926291,15.96,1 in 759
league_de,KOE - UBE,CS 1-5,CS,503.0,0.002304147465437788,15.9,1 in 434
league_de,MGB - STP,CS 1-5,CS,503.0,0.002304147465437788,15.9,1 in 434
league_de,WLF - UBE,CS 1-5,CS,503.0,0.002303389272787101,15.86,1 in 434
league_de,HSV - FRA,HT/FT 1/2,HTFT,33.2,0.03489137590520079,15.84,1 in 28
league_de,AUG - BMU,HT/FT 1/1,HTFT,17.6,0.06581112207963145,15.83,1 in 15
league_de,HOF - HDH,CS 1-5,CS,503.0,0.002302631578947368,15.82,1 in 434
league_de,AUG - BVB,CS 3-1,CS,37.8,0.03060217176702863,15.68,1 in 32
league_de,MNZ - BMU,HT CS 3-0,HTCS,251.0,0.004608294930875576,15.67,1 in 217
league_de,HDH - AUG,HT/FT 2/1,HTFT,34.1,0.0338927278710102,15.57,1 in 29
league_de,AUG - LEV,HT CS 3-0,HTCS,195.0,0.005923000987166831,15.5,1 in 168
league_de,MNZ - STU,CS 0-5,CS,390.0,0.0029615004935834156,15.5,1 in 337
league_de,HDH - MNZ,CS 4-1,CS,87.7,0.013162224415926292,15.43,1 in 75
league_de,UBE - STP,CS 4-2,CS,97.4,0.01184990125082291,15.42,1 in 84
league_de,BRE - BMU,CS 4-1,CS,167.0,0.006910167818361303,15.4,1 in 144
league_de,AUG - LEV,CS 0-4,CS,37.3,0.030931227377426786,15.37,1 in 32
league_de,STU - HOF,CS 1-4,CS,146.0,0.007899934167215274,15.34,1 in 126
league_de,BMU - HOF,CS 0-3,CS,206.0,0.005595786701777485,15.27,1 in 178
league_de,HOF - MGB,HT CS 0-3,HTCS,103.0,0.01119157340355497,15.27,1 in 89
league_de,BRE - BMU,CS 0-5,CS,97.2,0.011846001974333662,15.14,1 in 84
league_de,HDH - BRE,HT CS 0-3,HTCS,59.3,0.01941428101349128,15.13,1 in 51
league_de,BVB - MGB,CS 4-2,CS,58.3,0.019743336623889437,15.1,1 in 50
league_de,MGB - BMU,HT CS 3-0,HTCS,318.0,0.0036196117143797303,15.1,1 in 276
league_de,HDH - WLF,CS 0-4,CS,94.5,0.012179065174456879,15.09,1 in 82
league_de,WLF - BVB,CS 5-0,CS,582.0,0.0019743336623889436,14.91,1 in 506
league_de,MGB - BMU,CS 4-1,CS,194.0,0.005923000987166831,14.91,1 in 168
league_de,KOE - BVB,CS 5-0,CS,582.0,0.0019743336623889436,14.91,1 in 506
league_de,LEV - UBE,HT/FT 2/1,HTFT,52.9,0.02171767028627838,14.89,1 in 46
league_de,LEV - STP,HT/FT 2/1,HTFT,52.9,0.021710526315789475,14.85,1 in 46
league_de,BMU - KOE,CS 6-0,CS,99.6,0.011516946363935505,14.71,1 in 86
league_de,STP - FRE,CS 0-4,CS,69.7,0.016452780519907863,14.68,1 in 60
league_de,RBL - WLF,CS 5-0,CS,79.2,0.014473684210526316,14.63,1 in 69
league_de,LEV - MGB,CS 0-3,CS,129.0,0.008884501480750246,14.61,1 in 112
league_de,STU - BVB,HT CS 3-0,HTCS,61.1,0.018756169792694965,14.6,1 in 53
league_de,AUG - STP,HT/FT 2/X,HTFT,19.9,0.05758473181967753,14.59,1 in 17
league_de,HSV - BVB,CS 6-0,CS,3480.0,0.0003291639236339697,14.55,1 in 3038
league_de,FRE - BMU,CS 0-5,CS,116.0,0.009874917709019092,14.55,1 in 101
league_de,MGB - HOF,CS 4-1,CS,54.4,0.021052631578947368,14.53,1 in 47
league_de,BMU - MNZ,CS 0-4,CS,696.0,0.0016452780519907865,14.51,1 in 607
league_de,HSV - RBL,CS 6-0,CS,3480.0,0.0003290556103981573,14.51,1 in 3039
league_de,HDH - BVB,CS 0-5,CS,120.0,0.009542612701546561,14.51,1 in 104
league_de,AUG - BVB,CS 6-0,CS,3480.0,0.0003290556103981573,14.51,1 in 3039
league_de,BVB - MNZ,CS 2-4,CS,174.0,0.006578947368421052,14.47,1 in 152
league_de,FRA - KOE,CS 1-4,CS,183.0,0.006254114549045424,14.45,1 in 159
league_de,RBL - STP,CS 1-4,CS,386.0,0.0029624753127057276,14.35,1 in 337
league_de,HOF - STP,CS 0-3,CS,56.0,0.02040816326530612,14.29,1 in 49
league_de,UBE - BMU,CS 3-3,CS,73.9,0.015465613688713393,14.29,1 in 64
league_de,KOE - HSV,CS 0-4,CS,248.0,0.004606778545574202,14.25,1 in 217
league_de,UBE - HOF,HT CS 3-0,HTCS,68.0,0.016787360105332456,14.15,1 in 59
league_de,BMU - UBE,HT/FT 2/1,HTFT,73.8,0.015465613688713393,14.14,1 in 64
league_de,STU - HSV,CS 5-0,CS,73.8,0.015465613688713393,14.14,1 in 64
league_de,STP - HDH,CS 5-1,CS,204.0,0.005593945376768674,14.12,1 in 178
league_de,STP - UBE,CS 1-4,CS,102.0,0.011187890753537348,14.12,1 in 89
league_de,HDH - STP,CS 5-1,CS,204.0,0.005593945376768674,14.12,1 in 178
league_de,UBE - FRA,CS 5-0,CS,578.0,0.0019743336623889436,14.12,1 in 506
league_de,HDH - HOF,CS 3-0,CS,32.1,0.03554970375246873,14.11,1 in 28
league_de,HDH - UBE,CS 1-4,CS,102.0,0.01118421052631579,14.08,1 in 89
league_de,MNZ - BVB,CS 5-0,CS,495.0,0.002304147465437788,14.06,1 in 434
league_de,WLF - MNZ,CS 5-1,CS,231.0,0.004935834155972359,14.02,1 in 202
league_de,RBL - UBE,HT/FT 2/1,HTFT,48.1,0.02369980250164582,14.0,1 in 42
league_de,HDH - HOF,CS 5-0,CS,346.0,0.0032916392363396972,13.89,1 in 303
league_de,BVB - STP,HT/FT 1/2,HTFT,43.8,0.025995393221454426,13.86,1 in 38
league_de,KOE - UBE,CS 3-3,CS,80.4,0.014154048716260697,13.8,1 in 70
league_de,RBL - BVB,CS 0-5,CS,494.0,0.002303389272787101,13.79,1 in 434
league_de,KOE - MNZ,HT CS 2-0,HTCS,13.1,0.0868421052631579,13.76,1 in 11
league_de,KOE - STP,CS 3-3,CS,80.4,0.014149391247120764,13.76,1 in 70
league_de,BVB - WLF,CS 1-4,CS,192.0,0.005924950625411455,13.76,1 in 168
league_de,MNZ - STU,CS 4-0,CS,84.3,0.01349128002632445,13.73,1 in 74
league_de,FRE - HSV,CS 0-4,CS,384.0,0.0029615004935834156,13.72,1 in 337
league_de,BVB - MGB,CS 1-4,CS,192.0,0.005923000987166831,13.72,1 in 168
league_de,LEV - HSV,CS 0-4,CS,691.0,0.0016452780519907865,13.69,1 in 607
league_de,BRE - MGB,CS 4-2,CS,84.2,0.01349128002632445,13.6,1 in 74
league_de,STU - UBE,CS 1-5,CS,1150.0,0.0009874917709019092,13.56,1 in 1012
league_de,STP - FRA,CS 4-0,CS,150.0,0.007570770243581304,13.56,1 in 132
league_de,HDH - MNZ,CS 1-5,CS,230.0,0.004935834155972359,13.52,1 in 202
league_de,KOE - WLF,HT CS 3-0,HTCS,46.0,0.024679170779861797,13.52,1 in 40
league_de,MNZ - MGB,HT CS 0-3,HTCS,138.0,0.008226390259953932,13.52,1 in 121
league_de,FRE - UBE,CS 1-5,CS,1150.0,0.0009871668311944718,13.52,1 in 1013
league_de,MNZ - STP,HT CS 0-2,HTCS,33.8,0.03356367226061204,13.45,1 in 29
league_de,FRE - HOF,CS 3-3,CS,67.6,0.01678183613030602,13.45,1 in 59
league_de,HSV - STU,CS 2-4,CS,78.3,0.014483212639894667,13.4,1 in 69
league_de,FRE - BMU,CS 0-4,CS,39.6,0.028637261356155366,13.4,1 in 34
league_de,HOF - KOE,CS 4-2,CS,86.1,0.013166556945358789,13.36,1 in 75
league_de,KOE - BVB,CS 4-2,CS,123.0,0.009213557091148404,13.33,1 in 108
league_de,BVB - BMU,CS 1-5,CS,123.0,0.009213557091148404,13.33,1 in 108
league_de,BMU - STU,CS 0-3,CS,123.0,0.009210526315789473,13.29,1 in 108
league_de,KOE - STU,CS 6-0,CS,1720.0,0.0006583278472679394,13.23,1 in 1519
league_de,BVB - BMU,HT CS 3-0,HTCS,111.0,0.010200723922342876,13.23,1 in 98
league_de,RBL - MGB,CS 4-2,CS,58.3,0.019420671494404212,13.22,1 in 51
league_de,FRE - HSV,HT CS 3-0,HTCS,19.1,0.059230009871668314,13.13,1 in 16
league_de,MNZ - KOE,CS 6-0,CS,687.0,0.0016458196181698486,13.07,1 in 607
league_de,BRE - HOF,CS 6-0,CS,687.0,0.0016458196181698486,13.07,1 in 607
league_de,STP - BVB,CS 3-0,CS,63.6,0.017774851876234364,13.05,1 in 56
league_de,HDH - LEV,CS 2-4,CS,56.3,0.020072392234287594,13.01,1 in 49
league_de,UBE - RBL,CS 1-5,CS,101.0,0.011187890753537348,13.0,1 in 89
league_de,MNZ - FRA,CS 2-4,CS,101.0,0.011187890753537348,13.0,1 in 89
league_de,MGB - KOE,CS 0-3,CS,42.9,0.026333113890717578,12.97,1 in 37
league_de,AUG - KOE,CS 0-4,CS,104.0,0.010862409479921,12.97,1 in 92
league_de,BVB - STU,CS 5-1,CS,132.0,0.008558262014483212,12.97,1 in 116
league_de,AUG - MNZ,CS 4-1,CS,79.8,0.014154048716260697,12.95,1 in 70
league_de,HOF - HDH,HT/FT 1/2,HTFT,32.7,0.03453947368421053,12.94,1 in 28
league_de,FRA - BRE,CS 5-0,CS,132.0,0.008555445870352089,12.93,1 in 116
league_de,MGB - LEV,CS 5-1,CS,429.0,0.0026324448831852583,12.93,1 in 379
league_de,FRA - AUG,CS 3-3,CS,104.0,0.010855263157894738,12.89,1 in 92
league_de,MNZ - BRE,CS 1-5,CS,381.0,0.0029624753127057276,12.87,1 in 337
league_de,UBE - STU,HT/FT 2/1,HTFT,30.9,0.03652517275419546,12.86,1 in 27
league_de,HSV - FRE,CS 4-2,CS,127.0,0.008884501480750246,12.83,1 in 112
league_de,RBL - FRE,CS 4-2,CS,62.3,0.01809805857189865,12.75,1 in 55
league_de,FRA - BMU,HT CS 3-0,HTCS,137.0,0.008229098090849244,12.74,1 in 121
league_de,KOE - BRE,CS 4-1,CS,64.6,0.017445687952600396,12.7,1 in 57
league_de,AUG - RBL,CS 0-5,CS,118.0,0.009545753785385122,12.64,1 in 104
league_de,HSV - BVB,CS 0-5,CS,118.0,0.009545753785385122,12.64,1 in 104
league_de,UBE - FRA,HT/FT 1/2,HTFT,32.6,0.034550839091806514,12.64,1 in 28
league_de,STU - HOF,CS 6-0,CS,380.0,0.0029624753127057276,12.57,1 in 337
league_de,LEV - HSV,CS 1-5,CS,1710.0,0.0006581112207963146,12.54,1 in 1519
league_de,MNZ - WLF,CS 5-0,CS,180.0,0.006252056597564989,12.54,1 in 159
league_de,UBE - MNZ,HT/FT 1/X,HTFT,17.1,0.06581112207963145,12.54,1 in 15
league_de,MNZ - LEV,CS 5-0,CS,570.0,0.0019743336623889436,12.54,1 in 506
league_de,FRE - LEV,CS 2-4,CS,74.3,0.015136558078315236,12.46,1 in 66
league_de,LEV - UBE,HT/FT 1/X,HTFT,14.3,0.07864429088515959,12.46,1 in 12
league_de,STP - UBE,HT/FT 2/X,HTFT,19.2,0.058571898650872,12.46,1 in 17
league_de,BVB - HSV,CS 3-2,CS,26.9,0.041790062520565975,12.42,1 in 23
league_de,WLF - BVB,CS 4-1,CS,97.6,0.011516946363935505,12.41,1 in 86
league_de,BVB - UBE,HT/FT 2/1,HTFT,48.1,0.023362948338269168,12.38,1 in 42
league_de,STU - MNZ,CS 6-0,CS,683.0,0.0016452780519907865,12.37,1 in 607
league_de,HDH - STU,CS 0-6,CS,683.0,0.0016452780519907865,12.37,1 in 607
league_de,STU - HDH,CS 3-3,CS,85.3,0.013166556945358789,12.31,1 in 75
league_de,RBL - BMU,CS 3-2,CS,41.1,0.027320605661619486,12.29,1 in 36
league_de,BVB - HDH,CS 4-2,CS,55.0,0.02040144784468575,12.21,1 in 49
league_de,LEV - AUG,HT/FT 1/2,HTFT,43.7,0.025674786043449638,12.2,1 in 38
league_de,HDH - RBL,HT CS 0-3,HTCS,24.7,0.04542462146148782,12.2,1 in 22
league_de,STP - LEV,CS 4-1,CS,131.0,0.008558262014483212,12.11,1 in 116
league_de,STU - BRE,CS 1-5,CS,426.0,0.002631578947368421,12.11,1 in 380
league_de,HOF - HDH,CS 5-1,CS,142.0,0.007894736842105263,12.11,1 in 126
league_de,HDH - AUG,HT CS 0-3,HTCS,131.0,0.008555445870352089,12.08,1 in 116
league_de,UBE - MGB,CS 5-1,CS,262.0,0.0042763157894736845,12.04,1 in 233
league_de,UBE - RBL,HT CS 2-1,HTCS,23.0,0.04870023033892728,12.01,1 in 20
league_de,MGB - FRE,HT CS 3-0,HTCS,64.2,0.017445687952600396,12.0,1 in 57
league_de,RBL - STU,HT CS 3-0,HTCS,32.1,0.03487989470220467,11.96,1 in 28
league_de,MGB - RBL,CS 5-1,CS,378.0,0.0029615004935834156,11.94,1 in 337
league_de,FRE - BRE,CS 1-3,CS,34.0,0.032916392363396975,11.92,1 in 30
league_de,FRE - BRE,HT/FT 1/2,HTFT,34.0,0.032916392363396975,11.92,1 in 30
league_de,UBE - KOE,CS 0-4,CS,94.5,0.011842105263157895,11.91,1 in 84
league_de,UBE - HOF,CS 2-4,CS,103.0,0.010862409479921,11.88,1 in 92
league_de,HOF - WLF,HT CS 0-3,HTCS,103.0,0.01085883514313919,11.85,1 in 92
league_de,KOE - MGB,HT CS 0-3,HTCS,103.0,0.01085883514313919,11.85,1 in 92
league_de,BMU - BVB,CS 4-1,CS,27.4,0.0408028956893715,11.8,1 in 24
league_de,UBE - AUG,CS 2-3,CS,45.3,0.024679170779861797,11.8,1 in 40
league_de,HSV - FRA,CS 5-0,CS,566.0,0.0019749835418038184,11.78,1 in 506
league_de,BMU - KOE,HT/FT 2/X,HTFT,48.5,0.02303389272787101,11.71,1 in 43
league_de,AUG - UBE,CS 1-5,CS,377.0,0.0029624753127057276,11.69,1 in 337
league_de,AUG - BRE,CS 2-4,CS,94.3,0.011842105263157895,11.67,1 in 84
league_de,STU - WLF,HT/FT 1/2,HTFT,33.6,0.033234616650213884,11.67,1 in 30
league_de,STP - UBE,HT CS 0-3,HTCS,117.0,0.009542612701546561,11.65,1 in 104
league_de,HSV - UBE,CS 1-5,CS,377.0,0.0029615004935834156,11.65,1 in 337
league_de,HOF - STU,CS 0-5,CS,261.0,0.0042777229351760445,11.65,1 in 233
league_de,LEV - HOF,CS 5-0,CS,57.5,0.01941428101349128,11.63,1 in 51
league_de,FRE - LEV,CS 0-6,CS,848.0,0.0013162224415926291,11.62,1 in 759
league_de,BRE - HDH,CS 0-5,CS,1130.0,0.0009874917709019092,11.59,1 in 1012
league_de,MNZ - HDH,CS 0-5,CS,1130.0,0.0009874917709019092,11.59,1 in 1012
league_de,AUG - MNZ,CS 4-0,CS,113.0,0.009874917709019092,11.59,1 in 101
league_de,RBL - MNZ,CS 0-5,CS,1130.0,0.0009874917709019092,11.59,1 in 1012
league_de,RBL - BRE,CS 0-5,CS,1130.0,0.0009871668311944718,11.55,1 in 1013
league_de,BVB - MNZ,CS 0-5,CS,1130.0,0.000986842105263158,11.51,1 in 1013
league_de,WLF - MNZ,CS 1-5,CS,308.0,0.0036196117143797303,11.48,1 in 276
league_de,UBE - HOF,Exact 6,ExactGoals,24.0,0.04641211323238973,11.39,1 in 21
league_de,MNZ - BRE,CS 4-0,CS,75.2,0.014812376563528637,11.39,1 in 67
league_de,FRE - BMU,HT CS 3-0,HTCS,199.0,0.005595786701777485,11.36,1 in 178
league_de,HSV - BVB,CS 3-2,CS,45.7,0.024358130348913758,11.32,1 in 41
league_de,AUG - HSV,CS 3-3,CS,75.2,0.014802631578947368,11.32,1 in 67
league_de,MNZ - WLF,HT/FT 2/1,HTFT,34.5,0.03224744981901941,11.25,1 in 31
league_de,HOF - BVB,CS 0-5,CS,169.0,0.006581112207963146,11.22,1 in 151
league_de,FRE - STP,HT CS 0-3,HTCS,422.0,0.0026324448831852583,11.09,1 in 379
league_de,WLF - HOF,CS 2-4,CS,125.0,0.008887425938117182,11.09,1 in 112
league_de,KOE - WLF,CS 2-4,CS,125.0,0.008884501480750246,11.06,1 in 112
league_de,STU - BVB,CS 5-1,CS,225.0,0.004935834155972359,11.06,1 in 202
league_de,STP - BMU,HT CS 2-1,HTCS,45.6,0.02435011516946364,11.04,1 in 41
league_de,FRA - UBE,HT CS 1-2,HTCS,48.2,0.02303389272787101,11.02,1 in 43
league_de,BMU - HSV,HT CS 1-2,HTCS,66.1,0.016787360105332456,10.96,1 in 59
league_de,BMU - FRE,CS 1-4,CS,281.0,0.003948667324777887,10.96,1 in 253
league_de,BRE - FRA,CS 5-0,CS,337.0,0.0032916392363396972,10.93,1 in 303
league_de,STP - RBL,HT/FT 2/1,HTFT,32.4,0.034221783481408356,10.88,1 in 29
league_de,STP - LEV,HT/FT 2/1,HTFT,33.0,0.03357472021066491,10.8,1 in 29
league_de,FRE - STU,CS 0-5,CS,374.0,0.0029624753127057276,10.8,1 in 337
league_de,AUG - BMU,CS 2-0,CS,47.4,0.023362948338269168,10.74,1 in 42
league_de,FRA - BRE,CS 0-5,CS,841.0,0.0013162224415926291,10.69,1 in 759
league_de,HSV - BMU,HT/FT 1/2,HTFT,46.7,0.023692003948667325,10.64,1 in 42
league_de,BVB - MNZ,HT CS 1-2,HTCS,28.5,0.03881578947368421,10.63,1 in 25
league_de,KOE - HDH,CS 0-3,CS,56.0,0.019749835418038184,10.6,1 in 50
league_de,LEV - KOE,CS 2-4,CS,240.0,0.004608294930875576,10.6,1 in 217
league_de,UBE - LEV,CS 0-5,CS,105.0,0.01053324555628703,10.6,1 in 94
league_de,HSV - LEV,HT CS 2-0,HTCS,32.0,0.034550839091806514,10.56,1 in 28
league_de,KOE - HSV,CS 0-5,CS,1120.0,0.0009871668311944718,10.56,1 in 1013
league_de,KOE - HSV,CS 5-1,CS,140.0,0.007897334649555774,10.56,1 in 126
league_de,FRA - UBE,CS 2-4,CS,336.0,0.003290556103981573,10.56,1 in 303
league_de,LEV - HSV,CS 0-5,CS,3360.0,0.0003290556103981573,10.56,1 in 3039
league_de,MGB - HSV,HT CS 0-3,HTCS,224.0,0.004935834155972359,10.56,1 in 202
league_de,UBE - BRE,HT CS 3-0,HTCS,90.8,0.01217505758473182,10.55,1 in 82
league_de,BVB - FRA,CS 4-0,CS,54.2,0.020394736842105264,10.54,1 in 49
league_de,AUG - BRE,HT/FT 1/2,HTFT,32.3,0.034210526315789476,10.5,1 in 29
league_de,FRE - HOF,CS 1-4,CS,146.0,0.007568279039157618,10.5,1 in 132
league_de,STU - HOF,HT/FT 2/1,HTFT,35.7,0.030941408821593155,10.46,1 in 32
league_de,RBL - STP,CS 6-0,CS,129.0,0.008558262014483212,10.4,1 in 116
league_de,LEV - FRA,CS 6-0,CS,479.0,0.002303389272787101,10.33,1 in 434
league_de,BRE - STU,HT CS 3-0,HTCS,58.8,0.018762343647136272,10.32,1 in 53
league_de,WLF - BRE,CS 0-5,CS,419.0,0.0026324448831852583,10.3,1 in 379
league_de,KOE - BMU,HT/FT 2/1,HTFT,34.9,0.031599736668861095,10.28,1 in 31
league_de,BMU - FRA,CS 2-3,CS,56.8,0.01941428101349128,10.27,1 in 51
league_de,FRA - AUG,HT/FT 1/2,HTFT,41.9,0.02631578947368421,10.26,1 in 38
league_de,AUG - MGB,HT/FT 2/1,HTFT,31.9,0.03456221198156682,10.25,1 in 28
league_de,KOE - BRE,CS 4-2,CS,98.5,0.01119157340355497,10.24,1 in 89
league_de,MGB - BRE,HT CS 3-0,HTCS,59.8,0.018433179723502304,10.23,1 in 54
league_de,BVB - AUG,CS 2-4,CS,279.0,0.003949967083607637,10.2,1 in 253
league_de,KOE - UBE,CS 4-0,CS,46.5,0.02369980250164582,10.2,1 in 42
league_de,BVB - STU,CS 1-4,CS,108.0,0.01020408163265306,10.2,1 in 98
league_de,FRE - RBL,CS 1-5,CS,186.0,0.005923000987166831,10.17,1 in 168
league_de,BVB - HSV,CS 2-4,CS,279.0,0.003948667324777887,10.17,1 in 253
league_de,MGB - AUG,CS 2-4,CS,197.0,0.005592105263157895,10.16,1 in 178
league_de,KOE - MNZ,CS 4-2,CS,98.5,0.01118421052631579,10.16,1 in 89
league_de,HSV - FRE,CS 0-5,CS,239.0,0.004606778545574202,10.1,1 in 217
league_de,KOE - HSV,CS 2-3,CS,53.1,0.02073050345508391,10.08,1 in 48
league_de,LEV - STP,HT/FT 1/X,HTFT,14.3,0.07697368421052632,10.07,1 in 12
league_de,STU - BMU,HT CS 3-0,HTCS,152.0,0.007241606319947334,10.07,1 in 138
league_de,FRE - HDH,CS 0-4,CS,418.0,0.0026324448831852583,10.04,1 in 379
league_de,FRA - HSV,CS 0-2,CS,39.8,0.027640671273445213,10.01,1 in 36
league_de,LEV - BMU,CS 3-3,CS,54.8,0.020072392234287594,10.0,1 in 49
league_de,MNZ - RBL,CS 1-5,CS,176.0,0.00625,10.0,1 in 160
league_de,LEV - FRE,CS 5-0,CS,90.3,0.012179065174456879,9.98,1 in 82
league_de,BRE - HDH,CS 0-4,CS,257.0,0.004279131007241606,9.97,1 in 233
league_de,AUG - BRE,CS 1-4,CS,61.9,0.017763157894736842,9.95,1 in 56
league_de,BVB - RBL,HT CS 3-0,HTCS,36.3,0.030283080974325215,9.93,1 in 33
league_de,STP - HSV,CS 0-4,CS,159.0,0.0069124423963133645,9.91,1 in 144
league_de,HOF - STU,CS 1-4,CS,56.6,0.01941428101349128,9.88,1 in 51
league_de,FRA - AUG,HT CS 0-2,HTCS,66.8,0.01644736842105263,9.87,1 in 60
league_de,BMU - BVB,CS 2-4,CS,159.0,0.006910167818361303,9.87,1 in 144
league_de,STP - MGB,CS 0-5,CS,334.0,0.003289473684210526,9.87,1 in 304
league_de,BVB - FRA,CS 1-5,CS,371.0,0.0029605263157894738,9.84,1 in 337
league_de,BVB - WLF,HT/FT 2/1,HTFT,40.2,0.027320605661619486,9.83,1 in 36
league_de,BMU - STU,CS 3-3,CS,61.8,0.017763157894736842,9.78,1 in 56
league_de,LEV - KOE,CS 5-0,CS,57.5,0.019091507570770244,9.78,1 in 52
league_de,STU - STP,CS 1-4,CS,238.0,0.004608294930875576,9.68,1 in 217
league_de,STU - LEV,HT CS 0-3,HTCS,52.9,0.02073050345508391,9.66,1 in 48
league_de,HOF - KOE,CS 4-0,CS,69.4,0.015799868334430547,9.65,1 in 63
league_de,FRE - HOF,CS 5-1,CS,119.0,0.009213557091148404,9.64,1 in 108
league_de,UBE - STP,CS 1-5,CS,416.0,0.0026333113890717576,9.55,1 in 379
league_de,RBL - HDH,CS 2-3,CS,77.4,0.014149391247120764,9.52,1 in 70
league_de,FRE - LEV,CS 4-2,CS,104.0,0.010529779532741033,9.51,1 in 94
league_de,UBE - FRE,HT/FT 2/1,HTFT,32.0,0.034221783481408356,9.51,1 in 29
league_de,BVB - FRE,HT CS 0-3,HTCS,208.0,0.0052648897663705166,9.51,1 in 189
league_de,HSV - STP,CS 5-0,CS,208.0,0.005263157894736842,9.47,1 in 190
league_de,LEV - HDH,CS 5-1,CS,50.4,0.02171767028627838,9.46,1 in 46
league_de,STP - HDH,CS 3-3,CS,73.9,0.014807502467917079,9.43,1 in 67
league_de,UBE - AUG,HT/FT 2/X,HTFT,20.4,0.05363606449489964,9.42,1 in 18
league_de,STU - RBL,CS 3-3,CS,54.5,0.020072392234287594,9.39,1 in 49
league_de,FRE - WLF,CS 2-4,CS,175.0,0.00625,9.38,1 in 160
league_de,FRA - MNZ,CS 2-4,CS,151.0,0.007241606319947334,9.35,1 in 138
league_de,KOE - BRE,CS 5-0,CS,302.0,0.003620803159973667,9.35,1 in 276
league_de,LEV - BVB,CS 1-5,CS,302.0,0.003620803159973667,9.35,1 in 276
league_de,HOF - MNZ,CS 5-0,CS,302.0,0.003620803159973667,9.35,1 in 276
league_de,WLF - MNZ,CS 5-0,CS,302.0,0.0036196117143797303,9.31,1 in 276
league_de,KOE - BMU,CS 5-1,CS,830.0,0.0013166556945358788,9.28,1 in 759
league_de,UBE - BRE,HT CS 0-3,HTCS,59.3,0.018427114182296808,9.27,1 in 54
league_de,LEV - HSV,CS 1-4,CS,332.0,0.003290556103981573,9.25,1 in 303
league_de,BVB - HOF,HT CS 0-2,HTCS,43.1,0.02534562211981567,9.24,1 in 39
league_de,MGB - STU,CS 3-0,CS,37.3,0.029285949325436,9.24,1 in 34
league_de,BVB - AUG,HT/FT 2/2,HTFT,15.8,0.06912442396313365,9.22,1 in 14
league_de,BRE - MGB,CS 5-1,CS,158.0,0.006910167818361303,9.18,1 in 144
league_de,FRE - STP,CS 1-4,CS,237.0,0.004606778545574202,9.18,1 in 217
league_de,MNZ - BRE,HT CS 0-3,HTCS,107.0,0.01020408163265306,9.18,1 in 98
league_de,MGB - HSV,CS 1-4,CS,158.0,0.006910167818361303,9.18,1 in 144
league_de,UBE - BRE,CS 3-0,CS,37.7,0.028956893715037842,9.17,1 in 34
league_de,BMU - RBL,CS 3-3,CS,54.4,0.02006578947368421,9.16,1 in 49
league_de,BRE - BMU,CS 1-4,CS,31.0,0.03520895031260283,9.15,1 in 28
league_de,UBE - HSV,Exact 6,ExactGoals,27.4,0.03982883475971034,9.13,1 in 25
league_de,HSV - STU,HT/FT 1/X,HTFT,19.5,0.05595786701777485,9.12,1 in 17
league_de,STP - FRE,Exact 0,ExactGoals,11.8,0.0924646265218822,9.11,1 in 10
league_de,STP - FRE,CS 0-0,CS,11.8,0.0924646265218822,9.11,1 in 10
league_de,FRA - AUG,CS 1-3,CS,73.7,0.014802631578947368,9.1,1 in 67
league_de,HSV - UBE,CS 1-4,CS,97.5,0.011187890753537348,9.08,1 in 89
league_de,BRE - LEV,CS 0-5,CS,195.0,0.005593945376768674,9.08,1 in 178
league_de,UBE - WLF,CS 4-1,CS,70.5,0.015470704410796577,9.07,1 in 64
league_de,HOF - STU,CS 0-4,CS,75.3,0.014478446857518921,9.02,1 in 69
league_de,AUG - BMU,CS 3-2,CS,67.6,0.016123724909509706,9.0,1 in 62
league_de,STU - BVB,CS 1-5,CS,207.0,0.0052648897663705166,8.98,1 in 189
league_de,WLF - KOE,HT CS 3-0,HTCS,46.0,0.023692003948667325,8.98,1 in 42
league_de,MGB - HSV,CS 6-0,CS,552.0,0.0019743336623889436,8.98,1 in 506
league_de,MNZ - STU,CS 1-4,CS,77.0,0.014149391247120764,8.95,1 in 70
league_de,HOF - FRA,CS 1-4,CS,53.4,0.02040144784468575,8.94,1 in 49
league_de,HSV - LEV,CS 0-6,CS,331.0,0.003290556103981573,8.92,1 in 303
league_de,MGB - AUG,CS 1-3,CS,41.9,0.02598684210526316,8.88,1 in 38
league_de,MGB - HDH,HT CS 0-2,HTCS,26.9,0.040473840078973346,8.87,1 in 24
league_de,KOE - LEV,CS 3-3,CS,50.9,0.021388614675880224,8.87,1 in 46
league_de,AUG - FRA,CS 4-1,CS,94.5,0.01152073732718894,8.87,1 in 86
league_de,MGB - HSV,HT CS 3-0,HTCS,31.5,0.034550839091806514,8.84,1 in 28
league_de,RBL - BMU,CS 5-0,CS,551.0,0.0019749835418038184,8.82,1 in 506
league_de,KOE - STU,HT/FT 2/1,HTFT,30.6,0.03554970375246873,8.78,1 in 28
league_de,WLF - STP,HT/FT 1/2,HTFT,32.7,0.033234616650213884,8.68,1 in 30
league_de,HSV - STU,Exact 6,ExactGoals,21.3,0.05102040816326531,8.67,1 in 19
league_de,MNZ - HSV,CS 3-3,CS,78.6,0.013824884792626729,8.66,1 in 72
league_de,MNZ - KOE,HT CS 3-0,HTCS,37.5,0.028966425279789335,8.62,1 in 34
league_de,AUG - HDH,CS 4-2,CS,97.1,0.01118421052631579,8.6,1 in 89
league_de,BVB - KOE,CS 2-3,CS,55.0,0.019743336623889437,8.59,1 in 50
league_de,BMU - LEV,HT CS 3-0,HTCS,22.0,0.049358341559723594,8.59,1 in 20
league_de,STP - RBL,CS 3-3,CS,55.0,0.019743336623889437,8.59,1 in 50
league_de,STP - RBL,HT/FT 1/X,HTFT,22.6,0.048042119118130965,8.58,1 in 20
league_de,MNZ - RBL,CS 0-5,CS,220.0,0.004934210526315789,8.55,1 in 202
league_de,AUG - WLF,HT CS 0-3,HTCS,76.7,0.014149391247120764,8.53,1 in 70
league_de,HOF - MNZ,CS 1-4,CS,80.4,0.013495720868992759,8.51,1 in 74
league_de,LEV - STU,CS 5-1,CS,103.0,0.01053324555628703,8.49,1 in 94
league_de,KOE - FRE,CS 3-0,CS,31.1,0.03487989470220467,8.48,1 in 28
league_de,AUG - HSV,CS 2-4,CS,157.0,0.006907894736842105,8.45,1 in 144
league_de,HSV - STU,CS 4-2,CS,122.0,0.008887425938117182,8.43,1 in 112
league_de,STU - BRE,CS 4-2,CS,74.9,0.014473684210526316,8.41,1 in 69
league_de,WLF - BRE,CS 4-1,CS,64.6,0.01678183613030602,8.41,1 in 59
league_de,HSV - RBL,HT/FT X/2,HTFT,7.1,0.15268180322474498,8.4,1 in 6
league_de,FRA - HOF,CS 1-4,CS,183.0,0.005923000987166831,8.39,1 in 168
league_de,BMU - FRA,Exact 6,ExactGoals,14.9,0.07272128989799276,8.35,1 in 13
league_de,AUG - BVB,CS 5-0,CS,823.0,0.0013162224415926291,8.33,1 in 759
league_de,HSV - BMU,CS 3-3,CS,63.3,0.017110891740704178,8.31,1 in 58
league_de,HDH - BMU,HT/FT 1/1,HTFT,17.6,0.061533399144455415,8.3,1 in 16
league_de,STP - BMU,HT/FT 1/2,HTFT,47.0,0.02303389272787101,8.26,1 in 43
league_de,BMU - LEV,CS 6-0,CS,329.0,0.003290556103981573,8.26,1 in 303
league_de,LEV - HDH,CS 1-2,CS,25.5,0.04244817374136229,8.24,1 in 23
league_de,HOF - MNZ,CS 3-0,CS,29.1,0.03719552337063858,8.24,1 in 26
league_de,FRA - WLF,HT CS 0-2,HTCS,41.1,0.026333113890717578,8.23,1 in 37
league_de,STU - BRE,CS 0-5,CS,658.0,0.001644736842105263,8.22,1 in 608
league_de,BRE - MNZ,HT CS 3-0,HTCS,52.2,0.02073050345508391,8.21,1 in 48
league_de,FRA - BRE,CS 3-3,CS,54.8,0.019743336623889437,8.19,1 in 50
league_de,BRE - BMU,Exact 5,ExactGoals,9.5,0.11385324119776243,8.16,1 in 8
league_de,HSV - BVB,CS 1-5,CS,106.0,0.01020408163265306,8.16,1 in 98
league_de,HDH - FRA,CS 4-1,CS,93.9,0.011516946363935505,8.14,1 in 86
league_de,FRE - MNZ,CS 3-3,CS,63.2,0.017110891740704178,8.14,1 in 58
league_de,HSV - RBL,CS 1-5,CS,106.0,0.010200723922342876,8.13,1 in 98
league_de,LEV - FRE,HT CS 1-2,HTCS,28.3,0.03818301514154049,8.06,1 in 26
league_de,BRE - KOE,CS 4-2,CS,84.2,0.012833168805528134,8.06,1 in 77
league_de,STU - MNZ,HT/FT 2/1,HTFT,33.5,0.03224744981901941,8.03,1 in 31
league_de,RBL - HOF,CS 0-3,CS,93.8,0.011516946363935505,8.03,1 in 86
league_de,LEV - HDH,HT/FT 1/2,HTFT,46.9,0.02303389272787101,8.03,1 in 43
league_de,HOF - STU,HT CS 0-3,HTCS,50.5,0.021388614675880224,8.01,1 in 46
league_de,STP - HSV,CS 0-5,CS,656.0,0.0016458196181698486,7.97,1 in 607
league_de,FRA - LEV,CS 1-5,CS,193.0,0.005593945376768674,7.96,1 in 178
league_de,LEV - WLF,CS 1-3,CS,61.9,0.017439947351102335,7.95,1 in 57
league_de,LEV - HDH,CS 0-2,CS,55.6,0.01941428101349128,7.94,1 in 51
league_de,UBE - AUG,CS 0-5,CS,656.0,0.0016452780519907865,7.93,1 in 607
league_de,HDH - AUG,CS 0-5,CS,656.0,0.0016452780519907865,7.93,1 in 607
league_de,FRA - FRE,CS 5-1,CS,149.0,0.007241606319947334,7.9,1 in 138
league_de,STU - BMU,CS 4-2,CS,149.0,0.007241606319947334,7.9,1 in 138
league_de,BVB - FRA,HT CS 3-0,HTCS,32.8,0.03289473684210526,7.89,1 in 30
league_de,RBL - UBE,CS 0-2,CS,48.2,0.02238314680710994,7.89,1 in 44
league_de,FRA - MGB,CS 6-0,CS,298.0,0.0036196117143797303,7.86,1 in 276
league_de,BRE - AUG,HT/FT 1/2,HTFT,38.1,0.028308097432521395,7.85,1 in 35
league_de,BMU - WLF,CS 2-3,CS,78.0,0.013824884792626729,7.83,1 in 72
league_de,STP - FRA,HT/FT 2/1,HTFT,31.2,0.03456221198156682,7.83,1 in 28
league_de,UBE - WLF,CS 1-5,CS,252.0,0.004279131007241606,7.83,1 in 233
league_de,HDH - STP,HT/FT 1/2,HTFT,33.1,0.03257650542941757,7.83,1 in 30
league_de,MNZ - STU,CS 3-2,CS,33.1,0.03257650542941757,7.83,1 in 30
league_de,HDH - HOF,CS 1-5,CS,252.0,0.004279131007241606,7.83,1 in 233
league_de,MGB - STU,HT/FT 2/X,HTFT,15.1,0.07140506745640013,7.82,1 in 14
league_de,RBL - KOE,HT/FT 1/2,HTFT,36.4,0.029615004935834157,7.8,1 in 33
league_de,FRE - LEV,HT/FT 1/2,HTFT,30.9,0.03487989470220467,7.78,1 in 28
league_de,BMU - BVB,CS 1-5,CS,655.0,0.0016452780519907865,7.77,1 in 607
league_de,HSV - FRE,CS 4-0,CS,131.0,0.008226390259953932,7.77,1 in 121
league_de,HOF - HDH,HT/FT 2/1,HTFT,36.4,0.029605263157894735,7.76,1 in 33
league_de,AUG - BRE,HT/FT 1/X,HTFT,17.9,0.06019736842105263,7.75,1 in 16
league_de,BVB - FRA,Exact 6,ExactGoals,18.4,0.05855263157894737,7.74,1 in 17
league_de,FRA - HOF,CS 4-0,CS,33.4,0.03224744981901941,7.71,1 in 31
league_de,KOE - HDH,HT/FT 1/2,HTFT,32.7,0.032916392363396975,7.64,1 in 30
league_de,STU - HOF,CS 0-5,CS,1090.0,0.0009874917709019092,7.64,1 in 1012
league_de,BMU - HDH,CS 1-4,CS,1090.0,0.0009874917709019092,7.64,1 in 1012
league_de,HDH - STP,CS 4-1,CS,58.4,0.018427114182296808,7.61,1 in 54
league_de,RBL - WLF,HT CS 3-0,HTCS,17.4,0.06184210526315789,7.61,1 in 16
league_de,LEV - HDH,HT CS 0-3,HTCS,1090.0,0.0009871668311944718,7.6,1 in 1013
league_de,HSV - HOF,Exact 6,ExactGoals,24.4,0.044093451793353076,7.59,1 in 22
league_de,KOE - RBL,HT/FT X/1,HTFT,9.45,0.11385324119776243,7.59,1 in 8
league_de,UBE - MGB,HT/FT 2/X,HTFT,16.6,0.06480263157894736,7.57,1 in 15
league_de,STP - MNZ,HT CS 3-0,HTCS,90.8,0.011846001974333662,7.56,1 in 84
league_de,BVB - HDH,CS 0-4,CS,817.0,0.0013162224415926291,7.54,1 in 759
league_de,BVB - STP,CS 0-4,CS,817.0,0.0013162224415926291,7.54,1 in 759
league_de,FRE - BVB,CS 3-3,CS,59.4,0.018104015799868336,7.54,1 in 55
league_de,BRE - BVB,HT/FT 1/X,HTFT,19.0,0.056578947368421055,7.5,1 in 17
league_de,FRA - MNZ,HT/FT 2/1,HTFT,35.5,0.030283080974325215,7.5,1 in 33
league_de,LEV - HOF,HT CS 1-2,HTCS,36.7,0.029285949325436,7.48,1 in 34
league_de,WLF - FRE,CS 2-3,CS,35.1,0.030612244897959183,7.45,1 in 32
league_de,UBE - LEV,HT/FT 1/2,HTFT,35.1,0.030612244897959183,7.45,1 in 32
league_de,UBE - HSV,CS 4-2,CS,96.0,0.01119157340355497,7.44,1 in 89
league_de,STP - WLF,HT CS 3-0,HTCS,68.0,0.015799868334430547,7.44,1 in 63
league_de,STU - HDH,CS 6-0,CS,192.0,0.005595786701777485,7.44,1 in 178
league_de,FRA - HOF,CS 2-3,CS,54.4,0.019743336623889437,7.4,1 in 50
league_de,RBL - HOF,CS 1-4,CS,192.0,0.005593945376768674,7.4,1 in 178
league_de,STU - AUG,HT CS 0-2,HTCS,50.2,0.021388614675880224,7.37,1 in 46
league_de,RBL - BVB,CS 4-1,CS,44.7,0.024021059559065482,7.37,1 in 41
league_de,RBL - MNZ,HT CS 0-3,HTCS,233.0,0.004608294930875576,7.37,1 in 217
league_de,KOE - BMU,CS 3-2,CS,60.4,0.017774851876234364,7.36,1 in 56
league_de,HDH - HSV,CS 2-3,CS,45.3,0.02369980250164582,7.36,1 in 42
league_de,RBL - BRE,HT CS 0-3,HTCS,233.0,0.004606778545574202,7.34,1 in 217
league_de,FRE - MNZ,CS 1-5,CS,466.0,0.002303389272787101,7.34,1 in 434
league_de,AUG - MNZ,HT CS 3-0,HTCS,83.6,0.012837393021724819,7.32,1 in 77
league_de,HDH - AUG,CS 2-3,CS,45.3,0.023692003948667325,7.32,1 in 42
league_de,BVB - HOF,HT/FT 2/X,HTFT,29.1,0.03686635944700461,7.28,1 in 27
league_de,MNZ - AUG,HT CS 0-3,HTCS,326.0,0.003290556103981573,7.27,1 in 303
league_de,AUG - MGB,HT CS 1-2,HTCS,17.9,0.059907834101382486,7.24,1 in 16
league_de,BRE - FRE,Exact 6,ExactGoals,24.5,0.04376439618295492,7.22,1 in 22
league_de,STP - BVB,Exact 0,ExactGoals,13.4,0.07998683344305464,7.18,1 in 12
league_de,STP - BVB,CS 0-0,CS,13.4,0.07998683344305464,7.18,1 in 12
league_de,HOF - RBL,CS 2-4,CS,70.8,0.015136558078315236,7.17,1 in 66
league_de,HSV - HDH,CS 4-1,CS,55.2,0.01941428101349128,7.17,1 in 51
league_de,FRA - BMU,CS 3-2,CS,43.4,0.02468729427254773,7.14,1 in 40
league_de,MGB - HSV,CS 5-0,CS,148.0,0.007239223428759461,7.14,1 in 138
league_de,FRA - HOF,HT/FT 2/1,HTFT,39.7,0.0269825600526489,7.12,1 in 37
league_de,BRE - MNZ,CS 3-1,CS,21.0,0.05100361961171438,7.11,1 in 19
league_de,HDH - FRA,CS 1-4,CS,43.4,0.024679170779861797,7.11,1 in 40
league_de,LEV - FRE,HT CS 0-2,HTCS,37.4,0.028637261356155366,7.1,1 in 34
league_de,HSV - BRE,HT CS 0-3,HTCS,56.1,0.019091507570770244,7.1,1 in 52
league_de,WLF - BMU,CS 4-2,CS,217.0,0.004934210526315789,7.07,1 in 202
league_de,STP - KOE,CS 1-4,CS,69.2,0.015470704410796577,7.06,1 in 64
league_de,FRE - HDH,CS 1-3,CS,58.1,0.018427114182296808,7.06,1 in 54
league_de,FRA - MNZ,HT/FT 1/X,HTFT,12.8,0.0836076366030283,7.02,1 in 11
league_de,STP - BMU,CS 4-1,CS,271.0,0.003948667324777887,7.01,1 in 253
league_de,MGB - MNZ,CS 4-2,CS,98.5,0.010862409479921,6.99,1 in 92
league_de,KOE - LEV,HT/FT 2/X,HTFT,12.8,0.08358012504113195,6.98,1 in 11
league_de,HSV - WLF,HT CS 3-0,HTCS,62.5,0.017116524028966424,6.98,1 in 58
league_de,HDH - UBE,CS 3-3,CS,73.9,0.014473684210526316,6.96,1 in 69
league_de,BMU - LEV,Exact 0,ExactGoals,13.6,0.07864429088515959,6.96,1 in 12
league_de,BMU - LEV,CS 0-0,CS,13.6,0.07864429088515959,6.96,1 in 12
league_de,RBL - BVB,HT/FT X/2,HTFT,9.34,0.11451135241855874,6.95,1 in 8
league_de,BVB - MNZ,HT/FT 2/X,HTFT,25.6,0.04177631578947368,6.95,1 in 23
league_de,MGB - WLF,CS 2-4,CS,125.0,0.008555445870352089,6.94,1 in 116
league_de,FRE - WLF,HT/FT 2/2,HTFT,8.25,0.12960526315789472,6.92,1 in 7
league_de,FRA - AUG,CS 4-2,CS,65.0,0.01644736842105263,6.91,1 in 60
league_de,AUG - UBE,CS 6-0,CS,812.0,0.0013166556945358788,6.91,1 in 759
league_de,WLF - FRE,HT CS 0-3,HTCS,70.6,0.015141540487162607,6.9,1 in 66
league_de,BVB - FRA,CS 3-3,CS,48.5,0.022039473684210525,6.89,1 in 45
league_de,BVB - HOF,CS 0-2,CS,32.8,0.032587228439763,6.89,1 in 30
league_de,HSV - UBE,CS 6-0,CS,812.0,0.0013162224415926291,6.88,1 in 759
league_de,AUG - STP,CS 6-0,CS,812.0,0.0013162224415926291,6.88,1 in 759
league_de,FRA - STP,HT/FT 2/X,HTFT,40.1,0.02665350444225074,6.88,1 in 37
league_de,HSV - STP,CS 6-0,CS,812.0,0.0013157894736842105,6.84,1 in 760
league_de,BMU - RBL,HT CS 0-2,HTCS,35.3,0.030263157894736843,6.83,1 in 33
league_de,WLF - FRA,HT/FT X/2,HTFT,7.73,0.13820335636722605,6.83,1 in 7
league_de,BVB - AUG,HT CS 1-2,HTCS,42.7,0.025016458196181698,6.82,1 in 39
league_de,FRA - KOE,HT CS 0-3,HTCS,295.0,0.003620803159973667,6.81,1 in 276
league_de,HDH - WLF,HT/FT 2/1,HTFT,31.8,0.03357472021066491,6.77,1 in 29
league_de,KOE - FRE,HT/FT 1/2,HTFT,31.2,0.034221783481408356,6.77,1 in 29
league_de,HDH - STU,HT/FT 2/1,HTFT,30.9,0.034550839091806514,6.76,1 in 28
league_de,AUG - HDH,CS 2-3,CS,42.7,0.025,6.75,1 in 40
league_de,BMU - HSV,CS 6-0,CS,70.5,0.015141540487162607,6.75,1 in 66
league_de,MGB - FRE,CS 1-3,CS,24.2,0.044107965766951945,6.74,1 in 22
league_de,FRA - UBE,HT/FT X/2,HTFT,15.9,0.06712734452122408,6.73,1 in 14
league_de,MGB - LEV,HT/FT 2/1,HTFT,32.1,0.033234616650213884,6.68,1 in 30
league_de,AUG - RBL,HT/FT 2/1,HTFT,34.1,0.031270572745227126,6.63,1 in 31
league_de,BMU - UBE,CS 2-3,CS,135.0,0.007897334649555774,6.61,1 in 126
league_de,KOE - WLF,CS 0-4,CS,135.0,0.007897334649555774,6.61,1 in 126
league_de,BVB - FRE,CS 2-4,CS,162.0,0.006581112207963146,6.61,1 in 151
league_de,KOE - STP,CS 3-1,CS,17.9,0.05955906548206647,6.61,1 in 16
league_de,LEV - KOE,Exact 0,ExactGoals,13.9,0.07669519420671495,6.61,1 in 13
league_de,LEV - KOE,CS 0-0,CS,13.9,0.07669519420671495,6.61,1 in 13
league_de,HOF - UBE,CS 2-4,CS,162.0,0.006581112207963146,6.61,1 in 151
league_de,LEV - HOF,CS 1-4,CS,249.0,0.0042777229351760445,6.52,1 in 233
league_de,BVB - BRE,HT/FT 2/2,HTFT,9.72,0.10957551826258638,6.51,1 in 9
league_de,MGB - STU,HT CS 2-1,HTCS,17.4,0.06120434353405726,6.5,1 in 16
league_de,RBL - WLF,CS 6-0,CS,249.0,0.0042763157894736845,6.48,1 in 233
league_de,BRE - FRA,HT/FT 2/1,HTFT,31.1,0.03423304805793285,6.46,1 in 29
league_de,RBL - MNZ,CS 1-4,CS,154.0,0.0069124423963133645,6.45,1 in 144
league_de,BVB - RBL,CS 4-2,CS,68.8,0.015470704410796577,6.44,1 in 64
league_de,KOE - BRE,HT/FT 1/2,HTFT,31.7,0.03357472021066491,6.43,1 in 29
league_de,HDH - STP,CS 1-3,CS,31.1,0.034221783481408356,6.43,1 in 29
league_de,WLF - BVB,CS 4-0,CS,154.0,0.006910167818361303,6.42,1 in 144
league_de,LEV - HOF,CS 4-2,CS,49.0,0.02171767028627838,6.42,1 in 46
league_de,STP - HSV,HT CS 3-0,HTCS,44.9,0.02369980250164582,6.41,1 in 42
league_de,BMU - FRA,CS 4-2,CS,43.7,0.02435011516946364,6.41,1 in 41
league_de,BMU - KOE,HT/FT X/2,HTFT,18.8,0.056597564988483055,6.4,1 in 17
league_de,FRE - FRA,HT/FT 1/2,HTFT,30.5,0.03487989470220467,6.38,1 in 28
league_de,BMU - UBE,CS 0-2,CS,101.0,0.010529779532741033,6.35,1 in 94
league_de,BMU - UBE,CS 2-2,CS,32.0,0.033234616650213884,6.35,1 in 30
league_de,BRE - MGB,Exact 6,ExactGoals,24.3,0.04376439618295492,6.35,1 in 22
league_de,FRA - MNZ,CS 3-0,CS,19.0,0.05595786701777485,6.32,1 in 17
league_de,LEV - STP,CS 2-4,CS,404.0,0.002631578947368421,6.32,1 in 380
league_de,BMU - BVB,HT/FT 2/X,HTFT,26.7,0.03981572885817703,6.31,1 in 25
league_de,BVB - LEV,CS 1-4,CS,67.3,0.01579466929911155,6.3,1 in 63
league_de,RBL - LEV,CS 1-4,CS,67.3,0.01579466929911155,6.3,1 in 63
league_de,FRA - RBL,HT CS 0-3,HTCS,67.3,0.01579466929911155,6.3,1 in 63
league_de,AUG - HOF,CS 4-1,CS,65.9,0.016129032258064516,6.29,1 in 62
league_de,BVB - MGB,HT/FT 2/X,HTFT,29.1,0.03652517275419546,6.29,1 in 27
league_de,HSV - MNZ,HT/FT 1/2,HTFT,32.3,0.03290556103981573,6.28,1 in 30
league_de,HOF - BRE,CS 4-1,CS,64.6,0.016452780519907863,6.28,1 in 60
league_de,RBL - WLF,CS 5-1,CS,78.8,0.013486842105263158,6.28,1 in 74
league_de,FRA - MGB,HT/FT 1/2,HTFT,36.7,0.028956893715037842,6.27,1 in 34
league_de,BRE - STU,CS 4-1,CS,63.3,0.016787360105332456,6.26,1 in 59
league_de,FRE - WLF,HT/FT 2/X,HTFT,23.4,0.045394736842105265,6.22,1 in 22
league_de,FRA - HOF,HT CS 3-0,HTCS,19.8,0.05363606449489964,6.2,1 in 18
league_de,WLF - BVB,CS 0-4,CS,54.7,0.01941428101349128,6.2,1 in 51
league_de,KOE - BVB,CS 0-4,CS,54.7,0.01941428101349128,6.2,1 in 51
league_de,UBE - BVB,CS 4-1,CS,124.0,0.008558262014483212,6.12,1 in 116
league_de,BVB - HDH,CS 6-0,CS,129.0,0.008226390259953932,6.12,1 in 121
league_de,LEV - HOF,CS 0-3,CS,129.0,0.008226390259953932,6.12,1 in 121
league_de,UBE - HSV,HT/FT 2/X,HTFT,20.4,0.05200789993416721,6.1,1 in 19
league_de,FRE - KOE,CS 0-2,CS,24.6,0.043120473996050034,6.08,1 in 23
league_de,KOE - WLF,Exact 6,ExactGoals,22.7,0.046725896676538335,6.07,1 in 21
league_de,STP - FRE,Draw,1X2,3.22,0.3293846660085554,6.06,1 in 3
league_de,FRE - STU,CS 0-3,CS,35.4,0.029953917050691243,6.04,1 in 33
league_de,BVB - LEV,CS 2-4,CS,89.5,0.011846001974333662,6.02,1 in 84
league_de,UBE - MGB,HT/FT 1/X,HTFT,16.7,0.06348684210526316,6.02,1 in 15
league_de,UBE - KOE,HT CS 1-2,HTCS,16.7,0.06348684210526316,6.02,1 in 15
league_de,HSV - KOE,HT/FT 2/1,HTFT,31.9,0.033234616650213884,6.02,1 in 30
league_de,UBE - LEV,CS 3-1,CS,38.8,0.027320605661619486,6.0,1 in 36
league_de,WLF - MGB,HT CS 3-0,HTCS,46.0,0.02304147465437788,5.99,1 in 43
league_de,STP - HOF,CS 0-3,CS,31.9,0.033223684210526315,5.98,1 in 30
league_de,KOE - BVB,CS 4-1,CS,97.6,0.01085883514313919,5.98,1 in 92
league_de,HDH - MNZ,CS 2-0,CS,16.1,0.06581112207963145,5.96,1 in 15
league_de,AUG - KOE,CS 2-4,CS,111.0,0.009545753785385122,5.96,1 in 104
league_de,FRE - MNZ,Exact 6,ExactGoals,23.5,0.04508061862454755,5.94,1 in 22
league_de,HSV - WLF,HT/FT 2/X,HTFT,17.3,0.061224489795918366,5.92,1 in 16
league_de,WLF - AUG,HT CS 2-1,HTCS,14.3,0.07406188281764318,5.91,1 in 13
league_de,LEV - HDH,HT CS 1-2,HTCS,58.5,0.01809805857189865,5.87,1 in 55
league_de,LEV - HOF,CS 5-1,CS,58.5,0.01809805857189865,5.87,1 in 55
league_de,BVB - UBE,CS 3-3,CS,94.6,0.011187890753537348,5.84,1 in 89
league_de,STP - FRA,HT CS 0-3,HTCS,34.2,0.030941408821593155,5.82,1 in 32
league_de,BMU - FRE,HT/FT 2/1,HTFT,46.6,0.022704837117472853,5.8,1 in 44
league_de,HSV - BRE,HT/FT 2/X,HTFT,15.6,0.06780776826859776,5.78,1 in 14
league_de,WLF - HOF,CS 1-5,CS,357.0,0.0029624753127057276,5.76,1 in 337
league_de,BRE - AUG,CS 4-2,CS,73.0,0.014483212639894667,5.73,1 in 69
league_de,BVB - HSV,CS 5-1,CS,59.5,0.017769002961500493,5.73,1 in 56
league_de,UBE - BVB,HT/FT X/1,HTFT,10.6,0.09973666886109282,5.72,1 in 10
league_de,MNZ - UBE,CS 1-4,CS,169.0,0.006254114549045424,5.69,1 in 159
league_de,FRE - MGB,CS 4-0,CS,44.0,0.024021059559065482,5.69,1 in 41
league_de,MNZ - FRA,CS 0-2,CS,14.6,0.0723922342875946,5.69,1 in 13
league_de,RBL - STU,CS 4-0,CS,51.8,0.02040144784468575,5.68,1 in 49
league_de,STU - BVB,HT CS 1-2,HTCS,14.8,0.07140506745640013,5.68,1 in 14
league_de,HSV - BVB,CS 1-4,CS,36.9,0.028637261356155366,5.67,1 in 34
league_de,FRA - BVB,CS 6-0,CS,1070.0,0.0009874917709019092,5.66,1 in 1012
league_de,RBL - MNZ,CS 5-1,CS,94.4,0.01119157340355497,5.65,1 in 89
league_de,HSV - BMU,CS 5-1,CS,1070.0,0.0009871668311944718,5.63,1 in 1013
league_de,FRE - MNZ,HT CS 1-2,HTCS,23.6,0.04475156301414939,5.61,1 in 22
league_de,HSV - MNZ,CS 3-1,CS,26.3,0.04014478446857519,5.58,1 in 24
league_de,BMU - RBL,CS 0-3,CS,82.3,0.012828947368421053,5.58,1 in 77
league_de,AUG - BRE,HT CS 2-0,HTCS,16.8,0.06282894736842105,5.55,1 in 15
league_de,LEV - KOE,HT CS 0-2,HTCS,58.3,0.018104015799868336,5.55,1 in 55
league_de,UBE - HOF,HT/FT 1/X,HTFT,16.7,0.06319947333772219,5.54,1 in 15
league_de,WLF - HDH,CS 4-2,CS,84.4,0.012504113195129977,5.53,1 in 79
league_de,STP - STU,HT/FT 2/X,HTFT,13.7,0.0769990128331688,5.49,1 in 12
league_de,BVB - BRE,CS 0-3,CS,76.3,0.013820335636722606,5.45,1 in 72
league_de,MNZ - KOE,HT/FT 1/X,HTFT,14.3,0.07373271889400922,5.44,1 in 13
league_de,BRE - FRE,Over 4.5,OU,8.28,0.12734452122408688,5.44,1 in 7
league_de,HSV - UBE,CS 4-2,CS,97.1,0.01085883514313919,5.44,1 in 92
league_de,HSV - LEV,CS 3-0,CS,71.2,0.014807502467917079,5.43,1 in 67
league_de,KOE - HSV,HT/FT 1/2,HTFT,35.6,0.029615004935834157,5.43,1 in 33
league_de,RBL - HSV,HT CS 1-2,HTCS,42.7,0.02468729427254773,5.41,1 in 40
league_de,HOF - FRE,CS 3-0,CS,31.1,0.0338927278710102,5.41,1 in 29
league_de,STP - BRE,HT CS 0-3,HTCS,59.3,0.017774851876234364,5.4,1 in 56
league_de,BVB - FRA,HT/FT 2/X,HTFT,19.3,0.05460526315789474,5.39,1 in 18
league_de,FRE - STP,CS 3-2,CS,30.2,0.03487989470220467,5.34,1 in 28
league_de,RBL - HSV,CS 6-0,CS,160.0,0.0065832784726793945,5.33,1 in 151
league_de,BRE - FRA,CS 4-2,CS,100.0,0.01053324555628703,5.33,1 in 94
league_de,MNZ - KOE,CS 3-3,CS,71.1,0.014812376563528637,5.32,1 in 67
league_de,FRE - KOE,CS 4-2,CS,71.1,0.014812376563528637,5.32,1 in 67
league_de,MNZ - STP,HT/FT 2/1,HTFT,38.1,0.027640671273445213,5.31,1 in 36
league_de,HSV - RBL,HT/FT 2/X,HTFT,12.6,0.08358012504113195,5.31,1 in 11
league_de,BRE - FRE,CS 1-4,CS,86.5,0.01217505758473182,5.31,1 in 82
league_de,WLF - BMU,Exact 0,ExactGoals,16.5,0.06381578947368421,5.3,1 in 15
league_de,WLF - BMU,CS 0-0,CS,16.5,0.06381578947368421,5.3,1 in 15
league_de,BRE - MNZ,HT/FT 2/X,HTFT,18.6,0.056597564988483055,5.27,1 in 17
league_de,LEV - KOE,HT/FT 1/2,HTFT,39.0,0.026991441737985518,5.27,1 in 37
league_de,MGB - MNZ,HT/FT 2/1,HTFT,32.3,0.032587228439763,5.26,1 in 30
league_de,KOE - FRA,CS 3-0,CS,39.0,0.0269825600526489,5.23,1 in 37
league_de,WLF - BRE,HT/FT 2/1,HTFT,32.3,0.03257650542941757,5.22,1 in 30
league_de,AUG - KOE,CS 1-4,CS,76.1,0.013824884792626729,5.21,1 in 72
league_de,AUG - UBE,CS 5-1,CS,188.0,0.005595786701777485,5.2,1 in 178
league_de,LEV - RBL,CS 5-0,CS,188.0,0.005595786701777485,5.2,1 in 178
league_de,KOE - MNZ,HT/FT 2/1,HTFT,32.3,0.03256578947368421,5.19,1 in 30
league_de,STU - MGB,CS 1-5,CS,639.0,0.0016458196181698486,5.17,1 in 607
league_de,FRA - BRE,HT/FT 2/1,HTFT,35.5,0.029615004935834157,5.13,1 in 33
league_de,MGB - BMU,CS 1-5,CS,74.3,0.014149391247120764,5.13,1 in 70
league_de,AUG - HDH,CS 5-1,CS,188.0,0.005592105263157895,5.13,1 in 178
league_de,STP - RBL,CS 3-2,CS,42.6,0.024679170779861797,5.13,1 in 40
league_de,STP - UBE,Exact 6,ExactGoals,26.4,0.03981572885817703,5.11,1 in 25
league_de,HDH - UBE,Exact 6,ExactGoals,26.4,0.03980263157894737,5.08,1 in 25
league_de,HSV - BMU,CS 0-2,CS,8.23,0.12767357683448502,5.08,1 in 7
league_de,WLF - MGB,CS 4-0,CS,69.4,0.015141540487162607,5.08,1 in 66
league_de,KOE - WLF,HT CS 0-3,HTCS,103.0,0.010200723922342876,5.07,1 in 98
league_de,FRE - BRE,CS 1-4,CS,114.0,0.009216589861751152,5.07,1 in 108
league_de,HOF - LEV,HT CS 3-0,HTCS,133.0,0.007899934167215274,5.07,1 in 126
league_de,HSV - FRE,HT CS 2-1,HTCS,20.6,0.05100361961171438,5.07,1 in 19
league_de,WLF - LEV,HT CS 3-0,HTCS,133.0,0.007899934167215274,5.07,1 in 126
league_de,MGB - HOF,CS 1-3,CS,29.3,0.03585526315789474,5.06,1 in 27
league_de,MNZ - HOF,HT/FT X/1,HTFT,7.34,0.14313919052319843,5.06,1 in 6
league_de,BRE - FRE,Over 3.5,OU,3.52,0.29845343863112866,5.06,1 in 3
league_de,LEV - BRE,HT CS 1-2,HTCS,31.3,0.03356367226061204,5.05,1 in 29
league_de,HDH - AUG,CS 3-2,CS,34.7,0.03027311615663047,5.05,1 in 33
league_de,BMU - BVB,HT CS 0-3,HTCS,228.0,0.004606778545574202,5.03,1 in 217
league_de,STP - HOF,CS 2-4,CS,103.0,0.010197368421052632,5.03,1 in 98
league_de,AUG - LEV,CS 2-0,CS,28.0,0.03751233958538993,5.03,1 in 26
league_de,BRE - FRE,HT/FT 1/X,HTFT,15.2,0.06910167818361303,5.03,1 in 14
league_de,FRA - LEV,CS 0-5,CS,266.0,0.003948667324777887,5.03,1 in 253
league_de,FRE - MNZ,CS 4-2,CS,84.0,0.012504113195129977,5.03,1 in 79
league_de,UBE - AUG,HT CS 2-1,HTCS,15.8,0.06646923330042777,5.02,1 in 15
league_de,FRE - BVB,CS 2-3,CS,30.1,0.03489137590520079,5.02,1 in 28
league_de,BMU - RBL,HT CS 0-3,HTCS,228.0,0.004605263157894736,5.0,1 in 217
league_de,BRE - BMU,CS 0-6,CS,319.0,0.003290556103981573,4.97,1 in 303
league_de,AUG - STP,HT/FT 2/1,HTFT,34.3,0.03060217176702863,4.97,1 in 32
league_de,BVB - KOE,CS 0-3,CS,93.8,0.011187890753537348,4.94,1 in 89
league_de,FRA - HOF,HT/FT X/2,HTFT,11.9,0.08818690358670615,4.94,1 in 11
league_de,UBE - KOE,CS 0-3,CS,31.9,0.03289473684210526,4.93,1 in 30
league_de,STU - KOE,CS 4-2,CS,63.8,0.01644736842105263,4.93,1 in 60
league_de,STP - LEV,CS 0-4,CS,38.4,0.027320605661619486,4.91,1 in 36
league_de,STU - HDH,HT CS 1-2,HTCS,38.4,0.027320605661619486,4.91,1 in 36
league_de,WLF - MNZ,CS 3-3,CS,69.3,0.015136558078315236,4.9,1 in 66
league_de,RBL - UBE,CS 1-3,CS,81.7,0.012837393021724819,4.88,1 in 77
league_de,KOE - STU,CS 3-2,CS,35.4,0.029624753127057275,4.87,1 in 33
league_de,HSV - KOE,HT/FT X/1,HTFT,7.85,0.13359657782165185,4.87,1 in 7
league_de,BRE - FRA,CS 5-1,CS,245.0,0.004279131007241606,4.84,1 in 233
league_de,KOE - BMU,Exact 0,ExactGoals,16.5,0.06352863726135616,4.82,1 in 15
league_de,KOE - BMU,CS 0-0,CS,16.5,0.06352863726135616,4.82,1 in 15
league_de,KOE - STU,HT CS 2-1,HTCS,17.4,0.06023699802501646,4.81,1 in 16
league_de,MGB - BRE,HT CS 2-1,HTCS,16.0,0.06550362080315997,4.81,1 in 15
league_de,RBL - BRE,CS 1-5,CS,637.0,0.0016452780519907865,4.8,1 in 607
league_de,LEV - MNZ,HT/FT 2/1,HTFT,40.3,0.026003949967083606,4.8,1 in 38
league_de,FRA - STU,HT/FT 2/X,HTFT,18.0,0.058223684210526316,4.8,1 in 17
league_de,MGB - HDH,CS 1-3,CS,36.6,0.028627838104639685,4.78,1 in 34
league_de,HOF - AUG,CS 1-3,CS,41.9,0.025008226390259954,4.78,1 in 39
league_de,KOE - HDH,HT/FT 2/X,HTFT,23.4,0.04476629361421988,4.75,1 in 22
league_de,FRA - AUG,CS 0-2,CS,39.8,0.02631578947368421,4.74,1 in 38
league_de,HDH - HSV,CS 0-1,CS,10.5,0.09973666886109282,4.72,1 in 10
league_de,MNZ - FRE,HT/FT 2/1,HTFT,33.5,0.03126028298782494,4.72,1 in 31
league_de,WLF - AUG,HT CS 3-0,HTCS,31.5,0.03324555628703094,4.72,1 in 30
league_de,STP - HOF,CS 1-4,CS,69.2,0.015131578947368421,4.71,1 in 66
league_de,MGB - STU,HT CS 0-3,HTCS,50.5,0.02073050345508391,4.69,1 in 48
league_de,UBE - WLF,HT CS 2-1,HTCS,17.1,0.061224489795918366,4.69,1 in 16
league_de,FRA - AUG,Exact 6,ExactGoals,22.1,0.04736842105263158,4.68,1 in 21
league_de,FRA - STP,HT CS 1-2,HTCS,48.2,0.02171767028627838,4.68,1 in 46
league_de,HDH - UBE,HT/FT 1/X,HTFT,14.8,0.07072368421052631,4.67,1 in 14
league_de,FRE - HDH,HT CS 0-2,HTCS,49.7,0.021059559065482066,4.67,1 in 47
league_de,KOE - MGB,HT CS 2-1,HTCS,14.2,0.07370845672918723,4.67,1 in 13
league_de,FRA - STP,CS 0-2,CS,46.1,0.022704837117472853,4.67,1 in 44
league_de,HOF - HSV,CS 4-2,CS,83.7,0.012504113195129977,4.66,1 in 79
league_de,STP - HDH,HT/FT 2/1,HTFT,34.2,0.03060217176702863,4.66,1 in 32
league_de,STP - UBE,HT/FT 2/1,HTFT,34.2,0.03060217176702863,4.66,1 in 32
league_de,STP - FRE,HT/FT X/X,HTFT,5.24,0.19973675551168146,4.66,1 in 5
league_de,STP - HOF,HT/FT 1/2,HTFT,31.5,0.033223684210526315,4.65,1 in 30
league_de,BRE - MNZ,CS 6-0,CS,1060.0,0.0009871668311944718,4.64,1 in 1013
league_de,AUG - FRE,HT CS 1-2,HTCS,15.0,0.06975978940440934,4.64,1 in 14
league_de,KOE - FRA,CS 4-2,CS,106.0,0.009871668311944718,4.64,1 in 101
league_de,BVB - MNZ,CS 3-3,CS,60.0,0.017434210526315788,4.61,1 in 57
league_de,WLF - BMU,HT CS 3-0,HTCS,318.0,0.003289473684210526,4.61,1 in 304
league_de,STP - HSV,HT/FT 1/2,HTFT,33.1,0.031599736668861095,4.6,1 in 31
league_de,AUG - FRE,CS 4-1,CS,90.8,0.011516946363935505,4.57,1 in 86
league_de,MGB - MNZ,CS 4-0,CS,83.6,0.012508229098090849,4.57,1 in 79
league_de,WLF - BMU,CS 2-0,CS,37.4,0.027960526315789474,4.57,1 in 35
league_de,HDH - AUG,HT/FT 1/2,HTFT,33.1,0.0315893385982231,4.56,1 in 31
league_de,STP - HOF,CS 3-0,CS,32.1,0.03256578947368421,4.54,1 in 30
league_de,MGB - HDH,HT/FT 2/2,HTFT,7.22,0.1447844685751892,4.53,1 in 6
league_de,MGB - BMU,HT/FT 1/2,HTFT,41.8,0.025008226390259954,4.53,1 in 39
league_de,AUG - LEV,HT CS 0-2,HTCS,7.49,0.13951957880881868,4.5,1 in 7
league_de,STP - BMU,HT/FT 1/X,HTFT,43.5,0.024021059559065482,4.49,1 in 41
league_de,WLF - LEV,CS 0-4,CS,49.6,0.02106649111257406,4.49,1 in 47
league_de,AUG - LEV,HT/FT 1/2,HTFT,36.5,0.028627838104639685,4.49,1 in 34
league_de,RBL - HSV,CS 4-2,CS,52.9,0.019749835418038184,4.48,1 in 50
league_de,AUG - FRE,CS 4-2,CS,127.0,0.008226390259953932,4.48,1 in 121
league_de,FRE - RBL,CS 0-4,CS,75.6,0.013820335636722606,4.48,1 in 72
league_de,UBE - RBL,HT/FT 2/1,HTFT,32.4,0.03224744981901941,4.48,1 in 31
league_de,KOE - AUG,CS 4-1,CS,44.1,0.023692003948667325,4.48,1 in 42
league_de,HOF - AUG,HT/FT 2/1,HTFT,37.8,0.027640671273445213,4.48,1 in 36
league_de,BRE - HOF,HT CS 0-3,HTCS,138.0,0.007570770243581304,4.48,1 in 132
league_de,WLF - MGB,CS 0-5,CS,529.0,0.0019749835418038184,4.48,1 in 506
league_de,FRE - HOF,HT CS 1-2,HTCS,26.9,0.03882856202698256,4.45,1 in 25
league_de,MNZ - BMU,CS 4-1,CS,167.0,0.006254114549045424,4.44,1 in 159
league_de,KOE - MGB,CS 0-5,CS,529.0,0.0019743336623889436,4.44,1 in 506
league_de,BVB - STP,CS 2-3,CS,77.4,0.01349128002632445,4.42,1 in 74
league_de,AUG - BVB,HT CS 2-1,HTCS,24.6,0.04244817374136229,4.42,1 in 23
league_de,KOE - HSV,Over 4.5,OU,8.53,0.12240868706811452,4.41,1 in 8
league_de,BRE - KOE,CS 0-4,CS,167.0,0.006252056597564989,4.41,1 in 159
league_de,BRE - AUG,Over 4.5,OU,8.05,0.12969058591178406,4.4,1 in 7
league_de,BRE - RBL,CS 1-3,CS,19.7,0.052995391705069124,4.4,1 in 18
league_de,BMU - STU,HT CS 1-2,HTCS,36.9,0.028289473684210528,4.39,1 in 35
league_de,FRE - BMU,HT/FT 2/1,HTFT,31.4,0.03324555628703094,4.39,1 in 30
league_de,WLF - STP,CS 1-4,CS,122.0,0.008555445870352089,4.38,1 in 116
league_de,BVB - KOE,HT/FT 2/X,HTFT,29.1,0.03586706153339914,4.37,1 in 27
league_de,AUG - BMU,Home Win,1X2,7.24,0.1441263573543929,4.35,1 in 6
league_de,BMU - FRE,CS 0-3,CS,151.0,0.006910167818361303,4.34,1 in 144
league_de,BRE - HSV,CS 2-0,CS,9.03,0.11549851924975321,4.3,1 in 8
league_de,FRE - WLF,CS 1-5,CS,634.0,0.001644736842105263,4.28,1 in 608
league_de,MNZ - BVB,CS 1-5,CS,176.0,0.005924950625411455,4.28,1 in 168
league_de,LEV - MGB,HT/FT X/1,HTFT,6.95,0.15004935834155972,4.28,1 in 6
league_de,LEV - AUG,HT/FT 1/X,HTFT,13.2,0.07899934167215274,4.28,1 in 12
league_de,HSV - BVB,CS 0-6,CS,396.0,0.0026333113890717576,4.28,1 in 379
league_de,HOF - MGB,CS 3-1,CS,19.8,0.052666227781435156,4.28,1 in 18
league_de,LEV - RBL,CS 2-3,CS,35.2,0.029624753127057275,4.28,1 in 33
league_de,AUG - MNZ,CS 0-5,CS,288.0,0.003620803159973667,4.28,1 in 276
league_de,MNZ - BMU,HT/FT 2/1,HTFT,33.7,0.030941408821593155,4.27,1 in 32
league_de,HSV - AUG,HT/FT 1/X,HTFT,14.8,0.07044107965766952,4.25,1 in 14
league_de,KOE - WLF,HT/FT 1/2,HTFT,32.0,0.03257650542941757,4.24,1 in 30
league_de,FRE - STU,HT/FT 2/X,HTFT,17.4,0.059907834101382486,4.24,1 in 16
league_de,FRA - HSV,HT/FT 2/2,HTFT,14.4,0.0723922342875946,4.24,1 in 13
league_de,MGB - RBL,CS 1-3,CS,17.6,0.059230009871668314,4.24,1 in 16
league_de,BRE - LEV,CS 4-0,CS,144.0,0.007239223428759461,4.24,1 in 138
league_de,MNZ - LEV,CS 4-0,CS,144.0,0.007239223428759461,4.24,1 in 138
league_de,MGB - AUG,HT/FT 1/2,HTFT,35.6,0.029276315789473685,4.22,1 in 34
league_de,AUG - KOE,HT/FT 2/X,HTFT,17.3,0.06023699802501646,4.21,1 in 16
league_de,STP - LEV,HT CS 2-1,HTCS,23.8,0.04377880184331797,4.19,1 in 22
league_de,BMU - WLF,CS 5-0,CS,38.6,0.026991441737985518,4.19,1 in 37
league_de,KOE - FRA,HT CS 2-0,HTCS,17.3,0.060217176702862786,4.18,1 in 16
league_de,AUG - WLF,HT/FT 2/X,HTFT,17.3,0.060217176702862786,4.18,1 in 16
league_de,LEV - HDH,Exact 6,ExactGoals,17.3,0.060217176702862786,4.18,1 in 16
league_de,AUG - STU,CS 3-0,CS,45.2,0.02304147465437788,4.15,1 in 43
league_de,RBL - UBE,HT CS 0-2,HTCS,79.1,0.013166556945358789,4.15,1 in 75
league_de,HOF - KOE,HT/FT 2/1,HTFT,33.3,0.031270572745227126,4.13,1 in 31
league_de,FRE - LEV,Exact 6,ExactGoals,19.9,0.05231984205330701,4.12,1 in 19
league_de,STP - WLF,HT CS 0-3,HTCS,67.3,0.015470704410796577,4.12,1 in 64
league_de,FRA - STP,HT/FT X/2,HTFT,15.9,0.0654820664692333,4.12,1 in 15
league_de,FRA - AUG,CS 5-0,CS,63.3,0.01644736842105263,4.11,1 in 60
league_de,FRA - HOF,Away Win,1X2,5.03,0.20697597894044092,4.11,1 in 4
league_de,LEV - RBL,HT/FT X/2,HTFT,9.33,0.11158657011191574,4.11,1 in 8
league_de,FRE - AUG,CS 0-2,CS,32.6,0.03192890059249506,4.09,1 in 31
league_de,BRE - FRA,CS 1-3,CS,23.6,0.044107965766951945,4.09,1 in 22
league_de,RBL - HSV,HT/FT 2/1,HTFT,46.5,0.02238314680710994,4.08,1 in 44
league_de,LEV - STP,CS 6-0,CS,113.0,0.009210526315789473,4.08,1 in 108
league_de,STP - HDH,CS 1-4,CS,102.0,0.010200723922342876,4.05,1 in 98
league_de,HDH - LEV,CS 3-3,CS,52.7,0.019743336623889437,4.05,1 in 50
league_de,HSV - UBE,CS 3-1,CS,20.4,0.05100361961171438,4.05,1 in 19
league_de,HDH - STP,CS 1-4,CS,102.0,0.010200723922342876,4.05,1 in 98
league_de,HSV - AUG,CS 1-4,CS,109.0,0.009545753785385122,4.05,1 in 104
league_de,FRA - STP,CS 5-0,CS,51.0,0.02040144784468575,4.05,1 in 49
league_de,MGB - WLF,CS 3-3,CS,60.8,0.017110891740704178,4.03,1 in 58
league_de,FRE - HDH,HT/FT X/2,HTFT,12.8,0.08127673576834485,4.03,1 in 12
league_de,STP - RBL,HT CS 0-3,HTCS,24.7,0.04211911813096413,4.03,1 in 23
league_de,MGB - STU,CS 4-0,CS,109.0,0.009542612701546561,4.01,1 in 104
league_de,STP - BMU,CS 3-2,CS,68.7,0.015136558078315236,3.99,1 in 66
league_de,BMU - BRE,CS 2-3,CS,71.8,0.014483212639894667,3.99,1 in 69
league_de,FRA - HOF,HT CS 1-2,HTCS,31.6,0.03290556103981573,3.98,1 in 30
league_de,AUG - HSV,CS 1-4,CS,109.0,0.009539473684210526,3.98,1 in 104
league_de,FRA - STU,CS 2-4,CS,109.0,0.009539473684210526,3.98,1 in 104
league_de,FRE - UBE,HT/FT 2/1,HTFT,42.7,0.02435011516946364,3.97,1 in 41
league_de,LEV - UBE,HT CS 1-2,HTCS,58.5,0.017769002961500493,3.95,1 in 56
league_de,HSV - FRA,CS 0-4,CS,55.4,0.018762343647136272,3.94,1 in 53
league_de,BRE - STU,CS 1-4,CS,77.0,0.013495720868992759,3.92,1 in 74
league_de,STU - BRE,HT CS 2-1,HTCS,13.0,0.07993421052631579,3.91,1 in 12
league_de,HDH - FRE,HT CS 2-0,HTCS,18.9,0.05497037524687294,3.89,1 in 18
league_de,STU - KOE,HT/FT 1/2,HTFT,33.6,0.030921052631578946,3.89,1 in 32
league_de,AUG - BMU,HT CS 3-0,HTCS,451.0,0.002303389272787101,3.88,1 in 434
league_de,KOE - HDH,CS 2-3,CS,47.1,0.022053982883475973,3.87,1 in 45
league_de,STP - KOE,HT/FT X/2,HTFT,8.05,0.12903225806451613,3.87,1 in 7
league_de,LEV - FRA,HT/FT 2/X,HTFT,20.9,0.04968739717012175,3.85,1 in 20
league_de,FRE - WLF,Away Win,1X2,4.17,0.24901315789473685,3.84,1 in 4
league_de,MGB - LEV,CS 3-0,CS,54.4,0.019085225403093122,3.82,1 in 52
league_de,WLF - KOE,CS 4-1,CS,54.4,0.019085225403093122,3.82,1 in 52
league_de,WLF - RBL,HT CS 2-0,HTCS,21.6,0.04805793285055958,3.81,1 in 20
league_de,MNZ - HSV,CS 2-3,CS,59.5,0.017445687952600396,3.8,1 in 57
league_de,STU - BMU,CS 0-4,CS,45.7,0.02271231073074391,3.8,1 in 44
league_de,STP - LEV,CS 2-4,CS,56.3,0.018433179723502304,3.78,1 in 54
league_de,AUG - STU,Exact 6,ExactGoals,21.3,0.048716260697827515,3.77,1 in 20
league_de,STP - AUG,HT/FT 1/X,HTFT,15.3,0.06780776826859776,3.75,1 in 14
league_de,FRA - AUG,HT/FT 2/2,HTFT,14.4,0.07203947368421053,3.74,1 in 13
league_de,HDH - FRE,HT CS 3-0,HTCS,95.5,0.010862409479921,3.74,1 in 92
league_de,LEV - BVB,HT/FT 1/2,HTFT,30.3,0.03423304805793285,3.73,1 in 29
league_de,HDH - STP,HT/FT 1/X,HTFT,14.8,0.0700888450148075,3.73,1 in 14
league_de,RBL - KOE,CS 5-1,CS,78.8,0.013162224415926292,3.72,1 in 75
league_de,MNZ - AUG,CS 1-4,CS,197.0,0.0052648897663705166,3.72,1 in 189
league_de,BRE - HSV,HT/FT 1/X,HTFT,13.3,0.07798617966436328,3.72,1 in 12
league_de,FRE - FRA,CS 1-3,CS,23.7,0.04376439618295492,3.72,1 in 22
league_de,BRE - FRE,CS 2-3,CS,39.9,0.025995393221454426,3.72,1 in 38
league_de,MGB - MNZ,HT/FT X/2,HTFT,8.38,0.12376563528637262,3.72,1 in 8
league_de,WLF - BRE,HT CS 2-1,HTCS,16.0,0.06482395524843698,3.72,1 in 15
league_de,HSV - BVB,Over 4.5,OU,6.79,0.15273206056616195,3.71,1 in 6
league_de,STP - STU,HT/FT 2/1,HTFT,30.9,0.03356367226061204,3.71,1 in 29
league_de,STU - LEV,HT/FT 2/1,HTFT,30.6,0.0338927278710102,3.71,1 in 29
league_de,LEV - AUG,CS 2-4,CS,315.0,0.0032916392363396972,3.69,1 in 303
league_de,WLF - BVB,CS 1-5,CS,137.0,0.007568279039157618,3.69,1 in 132
league_de,HDH - BVB,HT CS 2-1,HTCS,23.0,0.04508061862454755,3.69,1 in 22
league_de,AUG - KOE,Over 3.5,OU,3.5,0.29624753127057274,3.69,1 in 3
league_de,LEV - FRE,CS 5-1,CS,82.9,0.012508229098090849,3.69,1 in 79
league_de,MGB - STP,CS 6-0,CS,525.0,0.0019749835418038184,3.69,1 in 506
league_de,HDH - LEV,Exact 6,ExactGoals,17.6,0.05890095426127016,3.67,1 in 16
league_de,MGB - STU,HT/FT 1/X,HTFT,17.6,0.05890095426127016,3.67,1 in 16
league_de,HDH - MNZ,CS 0-3,CS,28.9,0.03586706153339914,3.66,1 in 27
league_de,BVB - KOE,CS 0-4,CS,350.0,0.0029615004935834156,3.65,1 in 337
league_de,AUG - HDH,CS 2-4,CS,137.0,0.007565789473684211,3.65,1 in 132
league_de,WLF - HDH,CS 6-0,CS,525.0,0.0019743336623889436,3.65,1 in 506
league_de,STP - FRE,HT/FT 2/X,HTFT,14.0,0.07403751233958539,3.65,1 in 13
league_de,HOF - UBE,CS 6-0,CS,525.0,0.0019743336623889436,3.65,1 in 506
league_de,FRE - HDH,HT CS 2-1,HTCS,12.4,0.08358012504113195,3.64,1 in 11
league_de,LEV - BVB,HT CS 0-3,HTCS,92.6,0.01119157340355497,3.63,1 in 89
league_de,BVB - WLF,CS 4-2,CS,58.3,0.017774851876234364,3.63,1 in 56
league_de,FRA - KOE,HT CS 3-0,HTCS,19.8,0.05233706385780119,3.63,1 in 19
league_de,BVB - KOE,Exact 5,ExactGoals,9.78,0.10595590654820665,3.62,1 in 9
league_de,UBE - MGB,CS 2-2,CS,14.0,0.07401315789473684,3.62,1 in 13
league_de,MGB - AUG,HT CS 3-0,HTCS,31.5,0.03289473684210526,3.62,1 in 30
league_de,AUG - HSV,CS 4-2,CS,105.0,0.009868421052631578,3.62,1 in 101
league_de,STU - WLF,HT/FT 1/X,HTFT,13.4,0.07732806844356696,3.62,1 in 12
league_de,WLF - STU,CS 4-1,CS,76.8,0.01349128002632445,3.61,1 in 74
league_de,UBE - FRE,CS 3-2,CS,38.4,0.0269825600526489,3.61,1 in 37
league_de,MGB - STU,CS 4-1,CS,76.8,0.01349128002632445,3.61,1 in 74
league_de,KOE - WLF,CS 1-4,CS,92.6,0.011187890753537348,3.6,1 in 89
league_de,BVB - KOE,CS 4-1,CS,29.7,0.03487989470220467,3.59,1 in 28
league_de,FRA - RBL,CS 4-2,CS,80.7,0.012833168805528134,3.56,1 in 77
league_de,WLF - HDH,HT CS 0-2,HTCS,26.9,0.0384995064165844,3.56,1 in 25
league_de,FRE - WLF,HT CS 1-2,HTCS,26.9,0.03848684210526316,3.53,1 in 25
league_de,AUG - HSV,Exact 6,ExactGoals,28.1,0.03684210526315789,3.53,1 in 27
league_de,KOE - RBL,HT CS 0-3,HTCS,34.2,0.03027311615663047,3.53,1 in 33
league_de,AUG - STP,CS 2-2,CS,15.2,0.06811451135241856,3.53,1 in 14
league_de,BMU - MNZ,CS 6-0,CS,121.0,0.008555445870352089,3.52,1 in 116
league_de,BMU - AUG,CS 5-0,CS,29.4,0.03520895031260283,3.51,1 in 28
league_de,BRE - MGB,HT CS 0-2,HTCS,23.3,0.044422507403751234,3.5,1 in 22
league_de,HDH - HSV,HT CS 0-3,HTCS,131.0,0.007899934167215274,3.49,1 in 126
league_de,BRE - AUG,CS 3-3,CS,78.6,0.013166556945358789,3.49,1 in 75
league_de,LEV - HSV,CS 6-0,CS,131.0,0.007897334649555774,3.46,1 in 126
league_de,BMU - KOE,Draw,1X2,4.53,0.22836459361632117,3.45,1 in 4
league_de,AUG - STU,HT CS 0-3,HTCS,38.8,0.026662277814351546,3.45,1 in 37
league_de,HOF - AUG,CS 3-0,CS,18.6,0.05561039815728858,3.44,1 in 17
league_de,KOE - WLF,HT/FT 1/1,HTFT,3.58,0.2889108259295821,3.43,1 in 3
league_de,LEV - HDH,Away Win,1X2,8.08,0.1280026324448832,3.43,1 in 7
league_de,STP - HOF,CS 5-1,CS,262.0,0.003947368421052632,3.42,1 in 253
league_de,RBL - HOF,HT/FT 2/X,HTFT,29.1,0.035538005923000986,3.42,1 in 28
league_de,MNZ - LEV,HT/FT 1/X,HTFT,19.4,0.05330700888450148,3.42,1 in 18
league_de,AUG - MNZ,HT CS 0-3,HTCS,56.1,0.018433179723502304,3.41,1 in 54
league_de,RBL - MNZ,HT CS 0-2,HTCS,35.3,0.029295589203423306,3.41,1 in 34
league_de,FRE - BVB,HT/FT 1/2,HTFT,30.5,0.03390388413429888,3.41,1 in 29
league_de,FRE - MGB,CS 2-3,CS,49.1,0.021059559065482066,3.4,1 in 47
league_de,RBL - BRE,HT CS 0-2,HTCS,35.3,0.029285949325436,3.38,1 in 34
league_de,STU - HDH,HT/FT 1/2,HTFT,38.3,0.026991441737985518,3.38,1 in 37
league_de,HOF - STP,HT/FT X/1,HTFT,7.17,0.14417379855167872,3.37,1 in 6
league_de,BVB - HDH,Exact 0,ExactGoals,13.9,0.07436656794998354,3.37,1 in 13
league_de,BVB - HDH,CS 0-0,CS,13.9,0.07436656794998354,3.37,1 in 13
league_de,MNZ - FRA,HT/FT 1/2,HTFT,31.1,0.033234616650213884,3.36,1 in 30
league_de,BRE - HOF,HT/FT 2/1,HTFT,34.5,0.029953917050691243,3.34,1 in 33
league_de,STU - KOE,HT/FT 2/1,HTFT,35.7,0.02894736842105263,3.34,1 in 34
league_de,MGB - UBE,HT/FT 1/2,HTFT,32.7,0.031599736668861095,3.33,1 in 31
league_de,KOE - UBE,CS 0-2,CS,21.8,0.04739960500329164,3.33,1 in 21
league_de,FRA - BRE,Exact 6,ExactGoals,19.5,0.052977953274103325,3.31,1 in 18
league_de,MNZ - MGB,HT/FT 2/1,HTFT,34.5,0.029944060546232314,3.31,1 in 33
league_de,HOF - FRE,CS 3-2,CS,34.5,0.029944060546232314,3.31,1 in 33
league_de,MNZ - FRE,CS 3-2,CS,34.5,0.029944060546232314,3.31,1 in 33
league_de,MGB - HDH,HT/FT 1/2,HTFT,32.7,0.0315893385982231,3.3,1 in 31
league_de,RBL - HDH,HT/FT 1/X,HTFT,14.4,0.07173412306679829,3.3,1 in 13
league_de,HDH - AUG,HT CS 0-2,HTCS,21.8,0.04738400789733465,3.3,1 in 21
league_de,HOF - UBE,HT/FT 1/2,HTFT,32.7,0.0315893385982231,3.3,1 in 31
league_de,FRA - STP,Away Win,1X2,6.96,0.14840408028956895,3.29,1 in 6
league_de,FRA - STP,HT CS 0-2,HTCS,73.0,0.014149391247120764,3.29,1 in 70
league_de,STU - UBE,HT/FT 2/1,HTFT,42.4,0.024358130348913758,3.28,1 in 41
league_de,HSV - FRA,CS 2-4,CS,74.7,0.013824884792626729,3.27,1 in 72
league_de,HSV - BVB,HT/FT 2/1,HTFT,34.1,0.030283080974325215,3.27,1 in 33
league_de,STP - AUG,HT/FT 2/1,HTFT,34.1,0.030283080974325215,3.27,1 in 33
league_de,AUG - HSV,Over 4.5,OU,9.26,0.11151315789473684,3.26,1 in 8
league_de,STP - LEV,HT/FT 1/1,HTFT,8.81,0.11718235681369323,3.24,1 in 8
league_de,BMU - STP,HT/FT 2/2,HTFT,39.7,0.026003949967083606,3.24,1 in 38
league_de,KOE - UBE,CS 0-3,CS,56.0,0.018433179723502304,3.23,1 in 54
league_de,KOE - WLF,CS 2-0,CS,12.3,0.08390918065153011,3.21,1 in 11
league_de,HOF - LEV,Exact 0,ExactGoals,13.4,0.07702435813034891,3.21,1 in 12
league_de,HOF - LEV,CS 0-0,CS,13.4,0.07702435813034891,3.21,1 in 12
league_de,HOF - HSV,HT CS 0-3,HTCS,224.0,0.004606778545574202,3.19,1 in 217
league_de,MNZ - UBE,Exact 5,ExactGoals,11.4,0.09052007899934167,3.19,1 in 11
league_de,WLF - STP,HT/FT 2/X,HTFT,23.4,0.044093451793353076,3.18,1 in 22
league_de,LEV - UBE,CS 2-2,CS,20.1,0.05133267522211254,3.18,1 in 19
league_de,MNZ - FRA,Exact 6,ExactGoals,23.4,0.044093451793353076,3.18,1 in 22
league_de,FRE - FRA,Exact 0,ExactGoals,12.2,0.08456729187232642,3.17,1 in 11
league_de,FRE - FRA,CS 0-0,CS,12.2,0.08456729187232642,3.17,1 in 11
league_de,AUG - HDH,HT CS 2-1,HTCS,16.0,0.06447368421052632,3.16,1 in 15
league_de,WLF - FRA,Exact 6,ExactGoals,20.9,0.049358341559723594,3.16,1 in 20
league_de,UBE - HDH,CS 5-0,CS,241.0,0.004279131007241606,3.13,1 in 233
league_de,LEV - BVB,CS 2-3,CS,35.2,0.029295589203423306,3.12,1 in 34
league_de,STP - UBE,CS 5-0,CS,241.0,0.0042777229351760445,3.09,1 in 233
league_de,AUG - LEV,CS 3-0,CS,71.2,0.014478446857518921,3.09,1 in 69
league_de,MGB - WLF,Exact 6,ExactGoals,22.7,0.045409674234945706,3.08,1 in 22
league_de,STU - AUG,CS 1-2,CS,19.1,0.0539651201052978,3.07,1 in 18
league_de,MNZ - HSV,Away Win,1X2,4.81,0.21428571428571427,3.07,1 in 4
league_de,BRE - AUG,Exact 6,ExactGoals,23.9,0.043120473996050034,3.06,1 in 23
league_de,BMU - FRA,HT CS 1-2,HTCS,34.8,0.029615004935834157,3.06,1 in 33
league_de,MNZ - RBL,CS 0-1,CS,9.08,0.11348684210526316,3.05,1 in 8
league_de,WLF - MGB,HT/FT 2/1,HTFT,33.3,0.030941408821593155,3.03,1 in 32
league_de,RBL - HSV,Exact 6,ExactGoals,17.1,0.06023699802501646,3.01,1 in 16
league_de,STP - HOF,HT/FT X/2,HTFT,8.05,0.12796052631578947,3.01,1 in 7
league_de,STU - HSV,HT CS 1-2,HTCS,36.4,0.028298782494241528,3.01,1 in 35
league_de,HDH - BVB,CS 2-4,CS,60.2,0.017110891740704178,3.01,1 in 58
league_de,STU - RBL,HT/FT 1/2,HTFT,30.1,0.034221783481408356,3.01,1 in 29
league_es,RSO - LEV,CS 0-6,CS,5310.0,0.0022058823529411764,1071.32,1 in 453
league_es,ATH - RAY,CS 0-6,CS,7230.0,0.0014716703458425313,964.02,1 in 679
league_es,BET - RAY,CS 0-6,CS,5710.0,0.0014705882352941176,739.71,1 in 680
league_es,BAR - OSA,CS 1-5,CS,2660.0,0.0029433406916850625,682.93,1 in 339
league_es,SEV - OSA,CS 0-6,CS,10000.0,0.0007352941176470588,635.29,1 in 1360
league_es,SEV - GET,CS 0-6,CS,3270.0,0.002207505518763797,621.85,1 in 453
league_es,ROV - GET,CS 0-6,CS,4750.0,0.0014705882352941176,598.53,1 in 680
league_es,SEV - LEV,CS 0-6,CS,4620.0,0.0014716703458425313,579.91,1 in 679
league_es,GIR - RAY,CS 0-6,CS,3990.0,0.0014695077149155032,486.33,1 in 680
league_es,BAR - ALV,CS 0-6,CS,7960.0,0.0007358351729212656,485.72,1 in 1359
league_es,LEV - ELC,CS 0-6,CS,2650.0,0.002207505518763797,484.99,1 in 453
league_es,RMA - GIR,CS 0-5,CS,3970.0,0.0014716703458425313,484.25,1 in 679
league_es,RMA - RAY,CS 0-6,CS,7930.0,0.0007358351729212656,483.52,1 in 1359
league_es,BAR - MAL,CS 0-6,CS,7890.0,0.0007358351729212656,480.57,1 in 1359
league_es,ATM - MAL,CS 0-6,CS,7870.0,0.0007352941176470588,478.68,1 in 1360
league_es,BAR - GET,CS 0-6,CS,7680.0,0.0007358351729212656,465.12,1 in 1359
league_es,ATH - ESP,CS 0-5,CS,3680.0,0.0014695077149155032,440.78,1 in 680
league_es,VAL - BAR,CS 6-0,CS,3590.0,0.0014716703458425313,428.33,1 in 679
league_es,ELC - ESP,CS 0-6,CS,2230.0,0.002207505518763797,392.27,1 in 453
league_es,LEV - BAR,CS 6-0,CS,6680.0,0.0007352941176470588,391.18,1 in 1360
league_es,VIL - LEV,CS 0-6,CS,6650.0,0.0007358351729212656,389.33,1 in 1359
league_es,ATH - RAY,CS 0-5,CS,3290.0,0.0014716703458425313,384.18,1 in 679
league_es,BET - ROV,CS 0-6,CS,6370.0,0.0007352941176470588,368.38,1 in 1360
league_es,MAL - BET,CS 5-0,CS,6330.0,0.0007358351729212656,365.78,1 in 1359
league_es,ALV - ATH,CS 6-0,CS,6290.0,0.0007352941176470588,362.5,1 in 1360
league_es,ATH - VIL,CS 0-6,CS,3140.0,0.0014705882352941176,361.76,1 in 680
league_es,ATM - ALV,CS 1-5,CS,3130.0,0.0014705882352941176,360.29,1 in 680
league_es,CEL - RAY,CS 0-6,CS,5800.0,0.0007352941176470588,326.47,1 in 1360
league_es,MAL - ATM,CS 6-0,CS,5790.0,0.0007358351729212656,326.05,1 in 1359
league_es,SEV - OSA,CS 0-5,CS,5790.0,0.0007352941176470588,325.74,1 in 1360
league_es,OSA - RAY,CS 0-5,CS,5790.0,0.0007352941176470588,325.74,1 in 1360
league_es,BET - GET,CS 0-6,CS,5760.0,0.0007358351729212656,323.84,1 in 1359
league_es,VIL - ALV,CS 0-5,CS,2840.0,0.0014716703458425313,317.95,1 in 679
league_es,ATM - CEL,CS 1-5,CS,2770.0,0.0014705882352941176,307.35,1 in 680
league_es,LEV - GIR,CS 6-0,CS,2730.0,0.0014716703458425313,301.77,1 in 679
league_es,VIL - ELC,CS 0-5,CS,2720.0,0.0014705882352941176,300.0,1 in 680
league_es,ROV - GET,CS 6-0,CS,5400.0,0.0007352941176470588,297.06,1 in 1360
league_es,BAR - ELC,CS 0-5,CS,5360.0,0.0007358351729212656,294.41,1 in 1359
league_es,MAL - BET,CS 0-6,CS,5320.0,0.0007358351729212656,291.46,1 in 1359
league_es,BET - OSA,CS 0-6,CS,5310.0,0.0007352941176470588,290.44,1 in 1360
league_es,GET - VAL,CS 6-0,CS,1740.0,0.002207505518763797,284.11,1 in 453
league_es,GIR - ATM,CS 5-0,CS,1300.0,0.0029433406916850625,282.63,1 in 339
league_es,VAL - LEV,CS 0-6,CS,5140.0,0.0007352941176470588,277.94,1 in 1360
league_es,MAL - ROV,CS 1-5,CS,1700.0,0.002207505518763797,275.28,1 in 453
league_es,OSA - ESP,CS 0-5,CS,2550.0,0.0014716703458425313,275.28,1 in 679
league_es,BET - MAL,CS 0-6,CS,5080.0,0.0007352941176470588,273.53,1 in 1360
league_es,RMA - GET,CS 0-5,CS,5020.0,0.0007352941176470588,269.12,1 in 1360
league_es,GET - LEV,CS 0-5,CS,5010.0,0.0007358351729212656,268.65,1 in 1359
league_es,CEL - OSA,CS 0-6,CS,4990.0,0.0007358351729212656,267.18,1 in 1359
league_es,GET - SEV,CS 0-6,CS,2460.0,0.0014716703458425313,262.03,1 in 679
league_es,ATM - ELC,CS 0-5,CS,4880.0,0.0007358351729212656,259.09,1 in 1359
league_es,RMA - SEV,CS 0-5,CS,4860.0,0.0007352941176470588,257.35,1 in 1360
league_es,ROV - VIL,CS 6-0,CS,4850.0,0.0007358351729212656,256.88,1 in 1359
league_es,ESP - RMA,CS 5-1,CS,1610.0,0.002207505518763797,255.41,1 in 453
league_es,ATM - OSA,CS 0-5,CS,4790.0,0.0007352941176470588,252.21,1 in 1360
league_es,ESP - BAR,CS 5-1,CS,1560.0,0.002207505518763797,244.37,1 in 453
league_es,ROV - VAL,CS 0-6,CS,936.0,0.003679175864606328,244.37,1 in 271
league_es,RMA - ELC,CS 0-5,CS,4680.0,0.0007352941176470588,244.12,1 in 1360
league_es,RMA - ATM,CS 0-6,CS,4610.0,0.0007358351729212656,239.22,1 in 1359
league_es,SEV - GIR,CS 0-6,CS,2280.0,0.0014716703458425313,235.54,1 in 679
league_es,ATM - RAY,CS 0-5,CS,4540.0,0.0007352941176470588,233.82,1 in 1360
league_es,ATM - SEV,CS 0-5,CS,4520.0,0.0007358351729212656,232.6,1 in 1359
league_es,VAL - CEL,CS 6-0,CS,1500.0,0.002207505518763797,231.13,1 in 453
league_es,ATM - ESP,CS 0-5,CS,4490.0,0.0007358351729212656,230.39,1 in 1359
league_es,ATH - RAY,CS 0-4,CS,746.0,0.004415011037527594,229.36,1 in 226
league_es,SEV - BET,CS 5-0,CS,4430.0,0.0007358351729212656,225.97,1 in 1359
league_es,ROV - SEV,CS 6-0,CS,2190.0,0.0014716703458425313,222.3,1 in 679
league_es,ELC - ALV,CS 0-6,CS,2170.0,0.0014716703458425313,219.35,1 in 679
league_es,ATM - ATH,CS 6-0,CS,717.0,0.004415011037527594,216.56,1 in 226
league_es,RAY - VIL,CS 6-0,CS,4290.0,0.0007358351729212656,215.67,1 in 1359
league_es,VAL - GET,CS 0-6,CS,4290.0,0.0007352941176470588,215.44,1 in 1360
league_es,ALV - VIL,CS 6-0,CS,4280.0,0.0007352941176470588,214.71,1 in 1360
league_es,RMA - ESP,HT CS 0-3,HTCS,4260.0,0.0007358351729212656,213.47,1 in 1359
league_es,BAR - SEV,CS 0-5,CS,4240.0,0.0007358351729212656,211.99,1 in 1359
league_es,VAL - ROV,CS 1-5,CS,1060.0,0.0029411764705882353,211.76,1 in 340
league_es,GIR - CEL,CS 6-0,CS,1370.0,0.0022058823529411764,202.21,1 in 453
league_es,OSA - BET,CS 0-6,CS,817.0,0.003679175864606328,200.59,1 in 271
league_es,VIL - CEL,CS 0-6,CS,4080.0,0.0007358351729212656,200.22,1 in 1359
league_es,RMA - LEV,CS 0-5,CS,4080.0,0.0007358351729212656,200.22,1 in 1359
league_es,GIR - LEV,CS 0-6,CS,4030.0,0.0007352941176470588,196.32,1 in 1360
league_es,RAY - ALV,CS 6-0,CS,1340.0,0.002207505518763797,195.81,1 in 453
league_es,ELC - CEL,CS 0-6,CS,992.0,0.0029411764705882353,191.76,1 in 340
league_es,MAL - ATM,CS 5-0,CS,1980.0,0.0014716703458425313,191.39,1 in 679
league_es,CEL - BET,CS 0-6,CS,1980.0,0.0014716703458425313,191.39,1 in 679
league_es,ESP - BET,CS 6-0,CS,3960.0,0.0007352941176470588,191.18,1 in 1360
league_es,CEL - BET,CS 6-0,CS,1310.0,0.002207505518763797,189.18,1 in 453
league_es,CEL - BAR,CS 6-0,CS,3870.0,0.0007358351729212656,184.77,1 in 1359
league_es,BAR - ATM,CS 0-6,CS,3810.0,0.0007352941176470588,180.15,1 in 1360
league_es,ATH - VAL,CS 1-5,CS,1270.0,0.0022058823529411764,180.15,1 in 453
league_es,RAY - MAL,CS 0-6,CS,1900.0,0.0014716703458425313,179.62,1 in 679
league_es,OSA - CEL,CS 0-6,CS,1880.0,0.0014705882352941176,176.47,1 in 680
league_es,OSA - ATH,CS 6-0,CS,3740.0,0.0007358351729212656,175.2,1 in 1359
league_es,VAL - ELC,HT CS 0-3,HTCS,372.0,0.007358351729212656,173.73,1 in 135
league_es,RMA - VIL,CS 1-5,CS,1220.0,0.002207505518763797,169.32,1 in 453
league_es,ROV - ESP,CS 0-5,CS,523.0,0.005147058823529412,169.19,1 in 194
league_es,OSA - ELC,CS 0-6,CS,3640.0,0.0007358351729212656,167.84,1 in 1359
league_es,CEL - GET,CS 0-5,CS,1820.0,0.0014716703458425313,167.84,1 in 679
league_es,VIL - ALV,CS 1-5,CS,1800.0,0.0014716703458425313,164.9,1 in 679
league_es,ATH - VIL,CS 6-0,CS,719.0,0.003676470588235294,164.34,1 in 272
league_es,ALV - ATH,CS 0-6,CS,448.0,0.0058823529411764705,163.53,1 in 170
league_es,VIL - ATM,CS 6-0,CS,1790.0,0.0014695077149155032,163.04,1 in 680
league_es,ROV - RAY,CS 6-0,CS,1780.0,0.0014716703458425313,161.96,1 in 679
league_es,LEV - CEL,CS 0-6,CS,890.0,0.0029433406916850625,161.96,1 in 339
league_es,ALV - CEL,CS 6-0,CS,3550.0,0.0007352941176470588,161.03,1 in 1360
league_es,RSO - ROV,CS 0-5,CS,1770.0,0.0014705882352941176,160.29,1 in 680
league_es,RSO - RAY,CS 0-5,CS,1760.0,0.0014716703458425313,159.01,1 in 679
league_es,GET - BET,CS 6-0,CS,3510.0,0.0007358351729212656,158.28,1 in 1359
league_es,SEV - ESP,CS 0-6,CS,3500.0,0.0007358351729212656,157.54,1 in 1359
league_es,ATM - OSA,CS 1-5,CS,3500.0,0.0007352941176470588,157.35,1 in 1360
league_es,OSA - RAY,CS 5-0,CS,874.0,0.0029411764705882353,157.06,1 in 340
league_es,VIL - ATH,CS 6-0,CS,1160.0,0.002207505518763797,156.07,1 in 453
league_es,ATM - MAL,HT CS 0-3,HTCS,1740.0,0.0014705882352941176,155.88,1 in 680
league_es,RMA - ATM,CS 1-5,CS,869.0,0.0029433406916850625,155.78,1 in 339
league_es,ESP - RSO,CS 6-0,CS,3450.0,0.0007358351729212656,153.86,1 in 1359
league_es,CEL - GIR,CS 0-6,CS,3440.0,0.0007358351729212656,153.13,1 in 1359
league_es,BAR - ELC,CS 1-5,CS,3440.0,0.0007358351729212656,153.13,1 in 1359
league_es,ELC - VIL,CS 5-1,CS,852.0,0.0029433406916850625,150.77,1 in 339
league_es,LEV - GIR,CS 5-0,CS,680.0,0.003679175864606328,150.18,1 in 271
league_es,ROV - MAL,CS 0-6,CS,1690.0,0.0014716703458425313,148.71,1 in 679
league_es,VAL - ESP,CS 1-5,CS,1120.0,0.0022058823529411764,147.06,1 in 453
league_es,LEV - RSO,CS 6-0,CS,3340.0,0.0007358351729212656,145.77,1 in 1359
league_es,BET - VAL,CS 0-6,CS,3320.0,0.0007358351729212656,144.3,1 in 1359
league_es,MAL - GET,CS 0-5,CS,661.0,0.003679175864606328,143.19,1 in 271
league_es,LEV - ELC,CS 6-0,CS,1100.0,0.002207505518763797,142.83,1 in 453
league_es,ATM - GIR,CS 0-5,CS,3270.0,0.0007358351729212656,140.62,1 in 1359
league_es,ESP - BET,CS 5-0,CS,1090.0,0.0022058823529411764,140.44,1 in 453
league_es,VAL - ELC,CS 0-5,CS,1630.0,0.0014716703458425313,139.88,1 in 679
league_es,VIL - GET,CS 0-4,CS,652.0,0.003679175864606328,139.88,1 in 271
league_es,ATM - RSO,CS 0-5,CS,3260.0,0.0007352941176470588,139.71,1 in 1360
league_es,ATM - VAL,CS 0-5,CS,3250.0,0.0007358351729212656,139.15,1 in 1359
league_es,RMA - GIR,CS 0-4,CS,1080.0,0.002207505518763797,138.41,1 in 453
league_es,LEV - RAY,CS 6-0,CS,1620.0,0.0014705882352941176,138.24,1 in 680
league_es,CEL - RMA,CS 5-1,CS,3240.0,0.0007352941176470588,138.24,1 in 1360
league_es,GET - RMA,HT CS 3-0,HTCS,805.0,0.0029433406916850625,136.94,1 in 339
league_es,BAR - CEL,CS 1-5,CS,1610.0,0.0014705882352941176,136.76,1 in 680
league_es,VAL - LEV,CS 0-5,CS,1600.0,0.0014705882352941176,135.29,1 in 680
league_es,RSO - GIR,CS 6-0,CS,452.0,0.0051508462104488595,132.82,1 in 194
league_es,BAR - VAL,CS 0-5,CS,3150.0,0.0007352941176470588,131.62,1 in 1360
league_es,OSA - ELC,CS 6-0,CS,786.0,0.0029433406916850625,131.35,1 in 339
league_es,BAR - LEV,CS 1-5,CS,3140.0,0.0007358351729212656,131.05,1 in 1359
league_es,ELC - RSO,CS 0-6,CS,627.0,0.003679175864606328,130.68,1 in 271
league_es,ATH - ALV,CS 0-4,CS,783.0,0.0029433406916850625,130.46,1 in 339
league_es,GIR - VIL,CS 5-1,CS,447.0,0.0051508462104488595,130.24,1 in 194
league_es,RMA - SEV,CS 1-5,CS,3130.0,0.0007352941176470588,130.15,1 in 1360
league_es,BAR - ESP,CS 1-5,CS,3130.0,0.0007352941176470588,130.15,1 in 1360
league_es,BET - VIL,CS 1-5,CS,284.0,0.008094186902133923,129.87,1 in 123
league_es,MAL - VAL,CS 0-6,CS,1560.0,0.0014716703458425313,129.58,1 in 679
league_es,ATM - ESP,CS 1-5,CS,3110.0,0.0007358351729212656,128.84,1 in 1359
league_es,SEV - RSO,CS 5-0,CS,443.0,0.0051508462104488595,128.18,1 in 194
league_es,BET - ATH,CS 0-6,CS,1550.0,0.0014716703458425313,128.11,1 in 679
league_es,OSA - GIR,CS 0-5,CS,517.0,0.004411764705882353,128.09,1 in 226
league_es,RMA - ATH,CS 1-5,CS,1030.0,0.002207505518763797,127.37,1 in 453
league_es,BAR - RAY,CS 1-4,CS,617.0,0.003679175864606328,127.01,1 in 271
league_es,GET - ESP,CS 0-5,CS,771.0,0.0029433406916850625,126.93,1 in 339
league_es,OSA - SEV,CS 5-0,CS,514.0,0.004411764705882353,126.76,1 in 226
league_es,GIR - OSA,CS 0-6,CS,3080.0,0.0007358351729212656,126.64,1 in 1359
league_es,ATM - GIR,CS 0-4,CS,768.0,0.0029433406916850625,126.05,1 in 339
league_es,BET - ATH,CS 6-0,CS,1530.0,0.0014716703458425313,125.17,1 in 679
league_es,GIR - ALV,CS 1-4,CS,1010.0,0.002207505518763797,122.96,1 in 453
league_es,LEV - ALV,CS 6-0,CS,1510.0,0.0014705882352941176,122.06,1 in 680
league_es,OSA - ALV,CS 6-0,CS,997.0,0.002207505518763797,120.09,1 in 453
league_es,OSA - VIL,CS 6-0,CS,2990.0,0.0007358351729212656,120.01,1 in 1359
league_es,RAY - ROV,CS 0-6,CS,2980.0,0.0007358351729212656,119.28,1 in 1359
league_es,GET - ATM,CS 4-2,CS,494.0,0.004415011037527594,118.1,1 in 226
league_es,MAL - VIL,CS 6-0,CS,2960.0,0.0007358351729212656,117.81,1 in 1359
league_es,BAR - SEV,HT CS 0-3,HTCS,1480.0,0.0014716703458425313,117.81,1 in 679
league_es,ATM - GET,CS 1-5,CS,2960.0,0.0007358351729212656,117.81,1 in 1359
league_es,BET - ALV,CS 0-4,CS,493.0,0.004411764705882353,117.5,1 in 226
league_es,BET - MAL,CS 1-5,CS,983.0,0.0022058823529411764,116.84,1 in 453
league_es,LEV - RMA,CS 5-0,CS,2930.0,0.0007358351729212656,115.6,1 in 1359
league_es,ALV - BET,CS 5-0,CS,974.0,0.002207505518763797,115.01,1 in 453
league_es,OSA - RAY,HT CS 0-3,HTCS,1460.0,0.0014705882352941176,114.71,1 in 680
league_es,BET - MAL,CS 0-4,CS,365.0,0.0058823529411764705,114.71,1 in 170
league_es,ELC - RMA,CS 5-0,CS,2890.0,0.0007358351729212656,112.66,1 in 1359
league_es,GET - ATM,CS 0-6,CS,481.0,0.004415011037527594,112.36,1 in 226
league_es,RSO - MAL,CS 1-5,CS,961.0,0.002207505518763797,112.14,1 in 453
league_es,ELC - MAL,CS 0-6,CS,1440.0,0.0014716703458425313,111.92,1 in 679
league_es,GET - BAR,HT CS 3-0,HTCS,576.0,0.0036737692872887582,111.61,1 in 272
league_es,RSO - MAL,CS 6-0,CS,359.0,0.005886681383370125,111.33,1 in 169
league_es,RSO - CEL,CS 0-6,CS,2860.0,0.0007358351729212656,110.45,1 in 1359
league_es,BAR - RAY,CS 1-5,CS,2850.0,0.0007358351729212656,109.71,1 in 1359
league_es,GIR - SEV,CS 0-5,CS,945.0,0.002207505518763797,108.61,1 in 453
league_es,ELC - VAL,CS 0-6,CS,942.0,0.002207505518763797,107.95,1 in 453
league_es,RAY - VAL,CS 5-0,CS,706.0,0.0029433406916850625,107.8,1 in 339
league_es,ATM - BET,HT CS 0-3,HTCS,706.0,0.0029433406916850625,107.8,1 in 339
league_es,GET - GIR,CS 6-0,CS,1410.0,0.0014716703458425313,107.51,1 in 679
league_es,BET - CEL,CS 0-6,CS,2820.0,0.0007358351729212656,107.51,1 in 1359
league_es,VIL - GET,CS 0-5,CS,2820.0,0.0007358351729212656,107.51,1 in 1359
league_es,GIR - ALV,CS 4-2,CS,564.0,0.003679175864606328,107.51,1 in 271
league_es,ATH - SEV,CS 0-5,CS,2820.0,0.0007358351729212656,107.51,1 in 1359
league_es,RSO - SEV,CS 1-5,CS,1410.0,0.0014705882352941176,107.35,1 in 680
league_es,CEL - ATM,HT CS 3-0,HTCS,216.0,0.009565857247976454,106.62,1 in 104
league_es,CEL - ELC,CS 6-0,CS,401.0,0.0051508462104488595,106.55,1 in 194
league_es,RMA - ALV,CS 0-4,CS,1400.0,0.0014705882352941176,105.88,1 in 680
league_es,VIL - RMA,CS 6-0,CS,2800.0,0.0007352941176470588,105.88,1 in 1360
league_es,ROV - RSO,HT CS 3-0,HTCS,186.0,0.011037527593818985,105.3,1 in 90
league_es,BAR - LEV,CS 1-4,CS,697.0,0.0029433406916850625,105.15,1 in 339
league_es,GET - RMA,CS 4-0,CS,694.0,0.0029433406916850625,104.27,1 in 339
league_es,GIR - BET,CS 5-0,CS,553.0,0.003679175864606328,103.46,1 in 271
league_es,CEL - ROV,CS 2-4,CS,345.0,0.005886681383370125,103.09,1 in 169
league_es,VIL - OSA,CS 1-5,CS,1380.0,0.0014705882352941176,102.94,1 in 680
league_es,MAL - ESP,CS 6-0,CS,917.0,0.0022058823529411764,102.28,1 in 453
league_es,OSA - ROV,CS 1-5,CS,914.0,0.002207505518763797,101.77,1 in 453
league_es,ATH - VIL,CS 0-4,CS,196.0,0.010294117647058823,101.76,1 in 97
league_es,VIL - LEV,CS 0-5,CS,2740.0,0.0007358351729212656,101.62,1 in 1359
league_es,RAY - GIR,CS 1-5,CS,274.0,0.007358351729212656,101.62,1 in 135
league_es,RMA - CEL,HT CS 0-3,HTCS,1370.0,0.0014716703458425313,101.62,1 in 679
league_es,MAL - LEV,CS 0-6,CS,2740.0,0.0007358351729212656,101.62,1 in 1359
league_es,ROV - OSA,CS 5-1,CS,391.0,0.005147058823529412,101.25,1 in 194
league_es,VIL - GIR,CS 1-5,CS,907.0,0.002207505518763797,100.22,1 in 453
league_es,ATM - BET,CS 1-4,CS,340.0,0.005886681383370125,100.15,1 in 169
league_es,CEL - RAY,CS 1-5,CS,1360.0,0.0014705882352941176,100.0,1 in 680
league_es,SEV - MAL,CS 4-2,CS,679.0,0.0029433406916850625,99.85,1 in 339
league_es,BET - OSA,CS 0-4,CS,386.0,0.005147058823529412,98.68,1 in 194
league_es,OSA - RSO,CS 0-5,CS,383.0,0.0051508462104488595,97.28,1 in 194
league_es,ALV - BAR,CS 5-0,CS,2680.0,0.0007352941176470588,97.06,1 in 1360
league_es,GET - ATM,CS 5-0,CS,2670.0,0.0007358351729212656,96.47,1 in 1359
league_es,ESP - VIL,CS 5-1,CS,890.0,0.0022058823529411764,96.32,1 in 453
league_es,SEV - ATH,CS 5-0,CS,889.0,0.002207505518763797,96.25,1 in 453
league_es,OSA - MAL,CS 0-6,CS,2660.0,0.0007352941176470588,95.59,1 in 1360
league_es,ATM - SEV,CS 1-4,CS,663.0,0.0029433406916850625,95.14,1 in 339
league_es,ELC - OSA,CS 4-2,CS,156.0,0.0125,95.0,1 in 80
league_es,BAR - RSO,CS 1-4,CS,294.0,0.006617647058823529,94.56,1 in 151
league_es,LEV - ESP,CS 6-0,CS,1320.0,0.0014716703458425313,94.26,1 in 679
league_es,BAR - MAL,CS 0-4,CS,1320.0,0.0014716703458425313,94.26,1 in 679
league_es,BAR - RAY,CS 0-4,CS,1320.0,0.0014716703458425313,94.26,1 in 679
league_es,VIL - BET,CS 1-5,CS,376.0,0.0051508462104488595,93.67,1 in 194
league_es,RMA - MAL,CS 1-5,CS,2620.0,0.0007358351729212656,92.79,1 in 1359
league_es,MAL - ALV,CS 0-6,CS,2610.0,0.0007352941176470588,91.91,1 in 1360
league_es,ROV - BET,CS 5-1,CS,868.0,0.002207505518763797,91.61,1 in 453
league_es,MAL - GIR,CS 6-0,CS,1300.0,0.0014705882352941176,91.18,1 in 680
league_es,ROV - RAY,CS 5-0,CS,432.0,0.004415011037527594,90.73,1 in 226
league_es,RSO - OSA,CS 6-0,CS,432.0,0.004411764705882353,90.59,1 in 226
league_es,BAR - SEV,CS 1-5,CS,2590.0,0.0007358351729212656,90.58,1 in 1359
league_es,ATM - BET,CS 0-5,CS,2580.0,0.0007358351729212656,89.85,1 in 1359
league_es,ALV - LEV,CS 0-6,CS,2580.0,0.0007358351729212656,89.85,1 in 1359
league_es,OSA - ROV,CS 0-5,CS,1290.0,0.0014716703458425313,89.85,1 in 679
league_es,OSA - RMA,CS 5-0,CS,2580.0,0.0007352941176470588,89.71,1 in 1360
league_es,CEL - LEV,HT CS 0-3,HTCS,515.0,0.003679175864606328,89.48,1 in 271
league_es,ESP - ELC,CS 1-5,CS,513.0,0.003679175864606328,88.74,1 in 271
league_es,BET - MAL,CS 0-3,CS,91.6,0.020588235294117647,88.59,1 in 48
league_es,MAL - ROV,CS 6-0,CS,1280.0,0.0014716703458425313,88.37,1 in 679
league_es,LEV - ESP,CS 0-6,CS,2560.0,0.0007358351729212656,88.37,1 in 1359
league_es,MAL - ESP,CS 0-5,CS,639.0,0.0029411764705882353,87.94,1 in 340
league_es,VIL - RSO,CS 6-0,CS,511.0,0.003676470588235294,87.87,1 in 272
league_es,RMA - RSO,CS 0-4,CS,851.0,0.0022058823529411764,87.72,1 in 453
league_es,SEV - VIL,CS 5-0,CS,851.0,0.0022058823529411764,87.72,1 in 453
league_es,RSO - ATM,CS 5-1,CS,510.0,0.003679175864606328,87.64,1 in 271
league_es,VAL - ELC,CS 0-4,CS,364.0,0.0051508462104488595,87.49,1 in 194
league_es,OSA - RSO,CS 1-5,CS,318.0,0.005886681383370125,87.2,1 in 169
league_es,OSA - CEL,CS 2-4,CS,159.0,0.011764705882352941,87.06,1 in 85
league_es,GIR - ALV,HT CS 0-3,HTCS,2540.0,0.0007358351729212656,86.9,1 in 1359
league_es,OSA - SEV,HT CS 0-3,HTCS,2540.0,0.0007352941176470588,86.76,1 in 1360
league_es,VIL - GIR,CS 6-0,CS,281.0,0.006622516556291391,86.09,1 in 151
league_es,ESP - ALV,CS 0-6,CS,2530.0,0.0007352941176470588,86.03,1 in 1360
league_es,MAL - ESP,CS 0-6,CS,2530.0,0.0007352941176470588,86.03,1 in 1360
league_es,RMA - CEL,CS 1-4,CS,505.0,0.003679175864606328,85.8,1 in 271
league_es,ATM - RSO,CS 2-4,CS,505.0,0.003676470588235294,85.66,1 in 272
league_es,ESP - OSA,CS 1-5,CS,841.0,0.002207505518763797,85.65,1 in 453
league_es,ROV - ESP,CS 1-5,CS,419.0,0.004411764705882353,84.85,1 in 226
league_es,BAR - GET,CS 1-5,CS,2510.0,0.0007358351729212656,84.69,1 in 1359
league_es,GIR - ATH,CS 6-0,CS,2510.0,0.0007358351729212656,84.69,1 in 1359
league_es,ESP - BAR,CS 4-0,CS,627.0,0.0029433406916850625,84.55,1 in 339
league_es,ROV - ATH,HT CS 3-0,HTCS,626.0,0.0029433406916850625,84.25,1 in 339
league_es,ELC - VIL,CS 4-0,CS,312.0,0.005886681383370125,83.66,1 in 169
league_es,SEV - LEV,CS 1-4,CS,208.0,0.008830022075055188,83.66,1 in 113
league_es,ELC - MAL,CS 0-5,CS,356.0,0.0051508462104488595,83.37,1 in 194
league_es,RAY - ALV,CS 0-5,CS,623.0,0.0029433406916850625,83.37,1 in 339
league_es,RSO - LEV,CS 6-0,CS,311.0,0.0058823529411764705,82.94,1 in 170
league_es,GIR - VIL,CS 5-0,CS,621.0,0.0029433406916850625,82.78,1 in 339
league_es,ROV - ATM,CS 4-0,CS,621.0,0.0029411764705882353,82.65,1 in 340
league_es,SEV - MAL,HT CS 0-3,HTCS,1240.0,0.0014716703458425313,82.49,1 in 679
league_es,BAR - RSO,CS 0-5,CS,2480.0,0.0007352941176470588,82.35,1 in 1360
league_es,RMA - ALV,CS 1-4,CS,619.0,0.0029411764705882353,82.06,1 in 340
league_es,BAR - RSO,CS 2-4,CS,275.0,0.006617647058823529,81.99,1 in 151
league_es,GIR - VIL,CS 6-0,CS,2470.0,0.0007358351729212656,81.75,1 in 1359
league_es,GIR - ALV,CS 5-1,CS,823.0,0.002207505518763797,81.68,1 in 453
league_es,ATH - ESP,CS 1-5,CS,2470.0,0.0007347538574577516,81.48,1 in 1361
league_es,RAY - GET,CS 4-2,CS,145.0,0.012509197939661517,81.38,1 in 79
league_es,ATH - BET,CS 0-5,CS,820.0,0.002207505518763797,81.02,1 in 453
league_es,VIL - SEV,CS 0-5,CS,2460.0,0.0007352941176470588,80.88,1 in 1360
league_es,MAL - ROV,HT CS 0-3,HTCS,491.0,0.003679175864606328,80.65,1 in 271
league_es,VAL - RAY,CS 6-0,CS,818.0,0.002207505518763797,80.57,1 in 453
league_es,ESP - SEV,CS 0-5,CS,489.0,0.003676470588235294,79.78,1 in 272
league_es,ATH - ROV,CS 2-4,CS,489.0,0.003676470588235294,79.78,1 in 272
league_es,RAY - ATH,CS 4-0,CS,349.0,0.005143277002204262,79.5,1 in 194
league_es,ALV - VIL,CS 5-0,CS,1220.0,0.0014705882352941176,79.41,1 in 680
league_es,RAY - GIR,CS 6-0,CS,2430.0,0.0007358351729212656,78.81,1 in 1359
league_es,OSA - ATH,CS 4-2,CS,243.0,0.007358351729212656,78.81,1 in 135
league_es,ATH - LEV,CS 1-5,CS,2430.0,0.0007352941176470588,78.68,1 in 1360
league_es,ATH - MAL,CS 0-4,CS,607.0,0.0029433406916850625,78.66,1 in 339
league_es,ATM - ATH,CS 0-5,CS,1210.0,0.0014716703458425313,78.07,1 in 679
league_es,MAL - BAR,CS 5-0,CS,2420.0,0.0007352941176470588,77.94,1 in 1360
league_es,ROV - LEV,CS 6-0,CS,1210.0,0.0014705882352941176,77.94,1 in 680
league_es,VIL - ALV,HT CS 0-3,HTCS,804.0,0.002207505518763797,77.48,1 in 453
league_es,ROV - VIL,CS 4-1,CS,201.0,0.008830022075055188,77.48,1 in 113
league_es,ROV - GET,CS 5-1,CS,804.0,0.0022058823529411764,77.35,1 in 453
league_es,VAL - ATM,HT CS 3-0,HTCS,241.0,0.007352941176470588,77.21,1 in 136
league_es,ATH - ELC,CS 1-4,CS,482.0,0.0036737692872887582,77.08,1 in 272
league_es,RAY - GIR,CS 5-0,CS,600.0,0.0029433406916850625,76.6,1 in 339
league_es,ESP - GIR,CS 6-0,CS,2400.0,0.0007352941176470588,76.47,1 in 1360
league_es,ROV - GET,CS 0-5,CS,799.0,0.0022058823529411764,76.25,1 in 453
league_es,RSO - ALV,CS 6-0,CS,341.0,0.0051508462104488595,75.64,1 in 194
league_es,ATH - RMA,HT CS 2-1,HTCS,149.0,0.011764705882352941,75.29,1 in 85
league_es,ALV - GET,CS 5-1,CS,340.0,0.0051508462104488595,75.13,1 in 194
league_es,ATH - RMA,CS 1-5,CS,1190.0,0.0014705882352941176,75.0,1 in 680
league_es,RAY - BET,CS 5-1,CS,595.0,0.0029411764705882353,75.0,1 in 340
league_es,CEL - VAL,CS 0-5,CS,792.0,0.0022058823529411764,74.71,1 in 453
league_es,BET - LEV,CS 0-5,CS,2360.0,0.0007358351729212656,73.66,1 in 1359
league_es,CEL - VAL,CS 5-0,CS,236.0,0.007352941176470588,73.53,1 in 136
league_es,BAR - VIL,CS 1-5,CS,1180.0,0.0014705882352941176,73.53,1 in 680
league_es,ELC - LEV,CS 0-6,CS,2360.0,0.0007352941176470588,73.53,1 in 1360
league_es,BET - SEV,CS 6-0,CS,393.0,0.004415011037527594,73.51,1 in 226
league_es,ROV - OSA,CS 1-5,CS,337.0,0.005147058823529412,73.46,1 in 194
league_es,RAY - ATM,CS 4-2,CS,785.0,0.002207505518763797,73.29,1 in 453
league_es,ATM - ROV,CS 1-4,CS,784.0,0.002207505518763797,73.07,1 in 453
league_es,MAL - RSO,CS 0-6,CS,1170.0,0.0014705882352941176,72.06,1 in 680
league_es,BAR - ROV,HT CS 0-3,HTCS,2340.0,0.0007352941176470588,72.06,1 in 1360
league_es,GIR - ESP,CS 0-5,CS,1170.0,0.0014705882352941176,72.06,1 in 680
league_es,BAR - LEV,CS 2-4,CS,583.0,0.0029433406916850625,71.6,1 in 339
league_es,CEL - ATH,CS 5-0,CS,466.0,0.003679175864606328,71.45,1 in 271
league_es,OSA - ESP,CS 5-0,CS,464.0,0.003679175864606328,70.71,1 in 271
league_es,RMA - BET,CS 0-5,CS,2320.0,0.0007352941176470588,70.59,1 in 1360
league_es,ATH - GIR,CS 0-3,CS,116.0,0.014705882352941176,70.59,1 in 68
league_es,VAL - RAY,CS 4-2,CS,122.0,0.013980868285504048,70.57,1 in 71
league_es,VIL - RAY,HT CS 0-3,HTCS,771.0,0.002207505518763797,70.2,1 in 453
league_es,GET - BAR,CS 5-0,CS,2310.0,0.0007347538574577516,69.73,1 in 1361
league_es,ATH - MAL,CS 6-0,CS,255.0,0.006622516556291391,68.87,1 in 151
league_es,ATH - RMA,CS 3-3,CS,764.0,0.0022058823529411764,68.53,1 in 453
league_es,GET - ATH,CS 0-6,CS,764.0,0.0022058823529411764,68.53,1 in 453
league_es,ELC - ATM,CS 4-1,CS,382.0,0.004411764705882353,68.53,1 in 226
league_es,ATM - MAL,CS 6-0,CS,208.0,0.008088235294117648,68.24,1 in 123
league_es,OSA - ATM,CS 4-0,CS,457.0,0.003676470588235294,68.01,1 in 272
league_es,BET - BAR,CS 0-6,CS,457.0,0.003676470588235294,68.01,1 in 272
league_es,SEV - OSA,CS 3-3,CS,761.0,0.0022058823529411764,67.87,1 in 453
league_es,RMA - LEV,CS 1-5,CS,2280.0,0.0007358351729212656,67.77,1 in 1359
league_es,RMA - VIL,CS 0-5,CS,2280.0,0.0007358351729212656,67.77,1 in 1359
league_es,GET - LEV,CS 4-1,CS,228.0,0.007358351729212656,67.77,1 in 135
league_es,CEL - BET,CS 1-5,CS,380.0,0.004415011037527594,67.77,1 in 226
league_es,LEV - CEL,CS 5-0,CS,759.0,0.002207505518763797,67.55,1 in 453
league_es,OSA - SEV,CS 3-3,CS,759.0,0.0022058823529411764,67.43,1 in 453
league_es,MAL - ROV,CS 1-4,CS,284.0,0.005886681383370125,67.18,1 in 169
league_es,ALV - BET,CS 0-6,CS,568.0,0.0029433406916850625,67.18,1 in 339
league_es,ATH - BAR,CS 0-5,CS,227.0,0.007358351729212656,67.03,1 in 135
league_es,ROV - LEV,CS 0-6,CS,2270.0,0.0007352941176470588,66.91,1 in 1360
league_es,LEV - RAY,CS 0-5,CS,454.0,0.003676470588235294,66.91,1 in 272
league_es,ALV - BET,CS 4-2,CS,189.0,0.008830022075055188,66.89,1 in 113
league_es,ALV - VAL,CS 1-5,CS,252.0,0.006617647058823529,66.76,1 in 151
league_es,BET - ELC,CS 2-4,CS,324.0,0.005147058823529412,66.76,1 in 194
league_es,OSA - ATH,CS 5-1,CS,754.0,0.002207505518763797,66.45,1 in 453
league_es,GET - ROV,CS 5-1,CS,174.0,0.009565857247976454,66.45,1 in 104
league_es,BAR - GET,CS 0-4,CS,1130.0,0.0014716703458425313,66.3,1 in 679
league_es,ATM - RAY,CS 0-4,CS,1130.0,0.0014705882352941176,66.18,1 in 680
league_es,ATH - ROV,HT CS 0-3,HTCS,1130.0,0.0014705882352941176,66.18,1 in 680
league_es,OSA - GET,CS 6-0,CS,1130.0,0.0014705882352941176,66.18,1 in 680
league_es,RMA - GIR,CS 1-5,CS,2250.0,0.0007358351729212656,65.56,1 in 1359
league_es,BET - ESP,CS 0-5,CS,2250.0,0.0007358351729212656,65.56,1 in 1359
league_es,ATH - LEV,CS 0-3,CS,173.0,0.009558823529411765,65.37,1 in 104
league_es,ESP - BET,CS 4-2,CS,203.0,0.008088235294117648,64.19,1 in 123
league_es,ATM - RSO,CS 0-4,CS,742.0,0.0022058823529411764,63.68,1 in 453
league_es,RMA - ESP,CS 1-4,CS,1110.0,0.0014716703458425313,63.36,1 in 679
league_es,GIR - ALV,CS 0-4,CS,1110.0,0.0014716703458425313,63.36,1 in 679
league_es,CEL - OSA,CS 0-4,CS,317.0,0.0051508462104488595,63.28,1 in 194
league_es,OSA - SEV,CS 0-4,CS,1110.0,0.0014705882352941176,63.24,1 in 680
league_es,ALV - ATM,CS 3-2,CS,92.4,0.017660044150110375,63.18,1 in 56
league_es,ROV - BAR,CS 3-0,CS,554.0,0.0029433406916850625,63.06,1 in 339
league_es,RSO - BET,CS 5-0,CS,277.0,0.0058823529411764705,62.94,1 in 170
league_es,ROV - GET,CS 1-5,CS,738.0,0.0022058823529411764,62.79,1 in 453
league_es,RMA - ATM,CS 0-4,CS,316.0,0.0051508462104488595,62.77,1 in 194
league_es,BET - RSO,CS 6-0,CS,737.0,0.002207505518763797,62.69,1 in 453
league_es,VIL - VAL,CS 2-4,CS,201.0,0.008094186902133923,62.69,1 in 123
league_es,ATH - VAL,CS 2-4,CS,316.0,0.005147058823529412,62.65,1 in 194
league_es,BET - RSO,CS 3-3,CS,71.3,0.022810890360559236,62.64,1 in 43
league_es,ESP - ROV,CS 2-4,CS,184.0,0.008830022075055188,62.47,1 in 113
league_es,VIL - ESP,CS 1-4,CS,368.0,0.004415011037527594,62.47,1 in 226
league_es,CEL - VIL,CS 0-6,CS,2200.0,0.0007358351729212656,61.88,1 in 1359
league_es,ATH - MAL,HT CS 0-3,HTCS,732.0,0.002207505518763797,61.59,1 in 453
league_es,RMA - BET,HT CS 0-3,HTCS,548.0,0.0029411764705882353,61.18,1 in 340
league_es,BAR - MAL,HT CS 0-2,HTCS,146.0,0.011037527593818985,61.15,1 in 90
league_es,ESP - RSO,CS 4-1,CS,146.0,0.011037527593818985,61.15,1 in 90
league_es,LEV - BAR,HT CS 3-0,HTCS,729.0,0.0022058823529411764,60.81,1 in 453
league_es,ELC - BET,HT CS 3-0,HTCS,243.0,0.006617647058823529,60.81,1 in 151
league_es,LEV - ELC,CS 5-0,CS,273.0,0.005886681383370125,60.71,1 in 169
league_es,VAL - OSA,CS 1-5,CS,727.0,0.002207505518763797,60.49,1 in 453
league_es,VIL - CEL,CS 2-4,CS,218.0,0.007358351729212656,60.41,1 in 135
league_es,BAR - SEV,CS 1-4,CS,545.0,0.0029433406916850625,60.41,1 in 339
league_es,ESP - ELC,CS 6-0,CS,1090.0,0.0014716703458425313,60.41,1 in 679
league_es,ATH - CEL,CS 1-5,CS,1090.0,0.0014716703458425313,60.41,1 in 679
league_es,ALV - RAY,CS 0-6,CS,2180.0,0.0007358351729212656,60.41,1 in 1359
league_es,ESP - RAY,CS 0-6,CS,2180.0,0.0007358351729212656,60.41,1 in 1359
league_es,ESP - BET,CS 5-1,CS,727.0,0.0022058823529411764,60.37,1 in 453
league_es,ROV - MAL,CS 5-1,CS,363.0,0.004415011037527594,60.26,1 in 226
league_es,CEL - RMA,CS 0-6,CS,725.0,0.0022058823529411764,59.93,1 in 453
league_es,RAY - SEV,CS 1-5,CS,434.0,0.003676470588235294,59.56,1 in 272
league_es,ROV - ELC,CS 5-0,CS,271.0,0.005886681383370125,59.53,1 in 169
league_es,LEV - ALV,CS 1-5,CS,433.0,0.003676470588235294,59.19,1 in 272
league_es,GET - ESP,CS 6-0,CS,1080.0,0.0014716703458425313,58.94,1 in 679
league_es,LEV - ATH,CS 5-0,CS,2160.0,0.0007358351729212656,58.94,1 in 1359
league_es,ESP - RSO,CS 4-0,CS,216.0,0.007358351729212656,58.94,1 in 135
league_es,ROV - ELC,CS 6-0,CS,1080.0,0.0014716703458425313,58.94,1 in 679
league_es,MAL - ALV,HT CS 0-3,HTCS,135.0,0.011764705882352941,58.82,1 in 85
league_es,CEL - MAL,CS 1-5,CS,1080.0,0.0014695077149155032,58.71,1 in 680
league_es,RMA - RAY,CS 2-4,CS,539.0,0.0029433406916850625,58.65,1 in 339
league_es,BET - GET,CS 1-4,CS,269.0,0.005886681383370125,58.35,1 in 169
league_es,LEV - RMA,CS 4-1,CS,358.0,0.004415011037527594,58.06,1 in 226
league_es,RSO - ATH,CS 0-5,CS,429.0,0.003679175864606328,57.84,1 in 271
league_es,GET - ESP,CS 5-0,CS,268.0,0.005886681383370125,57.76,1 in 169
league_es,ROV - SEV,CS 5-0,CS,536.0,0.0029433406916850625,57.76,1 in 339
league_es,VAL - LEV,CS 2-4,CS,268.0,0.0058823529411764705,57.65,1 in 170
league_es,GET - GIR,CS 1-5,CS,357.0,0.004415011037527594,57.62,1 in 226
league_es,GIR - LEV,CS 5-1,CS,119.0,0.013235294117647059,57.5,1 in 75
league_es,ROV - VAL,CS 5-0,CS,713.0,0.002207505518763797,57.4,1 in 453
league_es,BET - ESP,CS 4-2,CS,62.9,0.025018395879323033,57.37,1 in 39
league_es,RAY - SEV,CS 6-0,CS,2140.0,0.0007352941176470588,57.35,1 in 1360
league_es,BET - ALV,HT CS 0-3,HTCS,535.0,0.0029411764705882353,57.35,1 in 340
league_es,VAL - ATM,CS 3-3,CS,107.0,0.014705882352941176,57.35,1 in 68
league_es,MAL - ATH,CS 5-0,CS,1070.0,0.0014705882352941176,57.35,1 in 680
league_es,RSO - ROV,CS 1-5,CS,1070.0,0.0014705882352941176,57.35,1 in 680
league_es,ATM - BAR,CS 3-3,CS,68.8,0.022810890360559236,56.94,1 in 43
league_es,VAL - OSA,HT CS 0-3,HTCS,213.0,0.007358351729212656,56.73,1 in 135
league_es,OSA - ESP,CS 1-5,CS,2130.0,0.0007358351729212656,56.73,1 in 1359
league_es,ATM - MAL,CS 0-3,CS,213.0,0.007352941176470588,56.62,1 in 136
league_es,SEV - MAL,CS 3-3,CS,709.0,0.002207505518763797,56.51,1 in 453
league_es,VIL - BAR,CS 4-2,CS,125.0,0.012509197939661517,56.36,1 in 79
league_es,RSO - ATH,CS 5-1,CS,354.0,0.004415011037527594,56.29,1 in 226
league_es,BET - LEV,CS 1-4,CS,303.0,0.0051508462104488595,56.07,1 in 194
league_es,ROV - ESP,CS 5-1,CS,303.0,0.005147058823529412,55.96,1 in 194
league_es,RMA - GET,HT CS 0-3,HTCS,2120.0,0.0007352941176470588,55.88,1 in 1360
league_es,ALV - VAL,CS 5-0,CS,706.0,0.0022058823529411764,55.74,1 in 453
league_es,ROV - ESP,CS 5-0,CS,353.0,0.004411764705882353,55.74,1 in 226
league_es,ELC - ATH,CS 5-0,CS,2110.0,0.0007358351729212656,55.26,1 in 1359
league_es,ALV - GET,CS 0-6,CS,2110.0,0.0007358351729212656,55.26,1 in 1359
league_es,ATH - BAR,CS 6-0,CS,2110.0,0.0007358351729212656,55.26,1 in 1359
league_es,ELC - ROV,CS 1-4,CS,111.0,0.013980868285504048,55.19,1 in 71
league_es,VIL - ATM,CS 2-4,CS,132.0,0.011756061719324026,55.18,1 in 85
league_es,OSA - ATM,CS 5-0,CS,2110.0,0.0007352941176470588,55.15,1 in 1360
league_es,ROV - ATM,CS 4-2,CS,422.0,0.003676470588235294,55.15,1 in 272
league_es,OSA - RAY,CS 4-2,CS,703.0,0.0022058823529411764,55.07,1 in 453
league_es,ALV - ATM,CS 0-6,CS,350.0,0.004415011037527594,54.53,1 in 226
league_es,VAL - LEV,CS 1-5,CS,1050.0,0.0014705882352941176,54.41,1 in 680
league_es,VIL - MAL,CS 0-5,CS,2100.0,0.0007352941176470588,54.41,1 in 1360
league_es,MAL - ALV,CS 6-0,CS,1050.0,0.0014705882352941176,54.41,1 in 680
league_es,CEL - SEV,CS 0-4,CS,350.0,0.00440852314474651,54.3,1 in 226
league_es,GET - ROV,CS 6-0,CS,698.0,0.002207505518763797,54.08,1 in 453
league_es,RMA - MAL,CS 0-3,CS,299.0,0.0051508462104488595,54.01,1 in 194
league_es,CEL - ROV,CS 0-5,CS,2090.0,0.0007358351729212656,53.79,1 in 1359
league_es,RAY - SEV,CS 0-6,CS,2090.0,0.0007352941176470588,53.68,1 in 1360
league_es,GET - ATH,CS 4-1,CS,190.0,0.008088235294117648,53.68,1 in 123
league_es,RAY - BET,CS 4-0,CS,209.0,0.007352941176470588,53.68,1 in 136
league_es,GIR - VIL,CS 0-5,CS,232.0,0.006622516556291391,53.64,1 in 151
league_es,BAR - ALV,CS 3-3,CS,99.3,0.01545253863134658,53.44,1 in 64
league_es,ESP - MAL,CS 4-2,CS,139.0,0.011029411764705883,53.31,1 in 90
league_es,VIL - ROV,CS 6-0,CS,160.0,0.009565857247976454,53.05,1 in 104
league_es,RAY - CEL,CS 0-6,CS,1040.0,0.0014716703458425313,53.05,1 in 679
league_es,LEV - CEL,CS 2-4,CS,104.0,0.014716703458425313,53.05,1 in 67
league_es,GET - ROV,CS 0-5,CS,1040.0,0.0014716703458425313,53.05,1 in 679
league_es,RSO - ESP,CS 1-4,CS,231.0,0.006622516556291391,52.98,1 in 151
league_es,SEV - ESP,CS 5-0,CS,231.0,0.006622516556291391,52.98,1 in 151
league_es,SEV - RAY,CS 0-4,CS,189.0,0.008094186902133923,52.98,1 in 123
league_es,BAR - ATM,CS 5-0,CS,160.0,0.009558823529411765,52.94,1 in 104
league_es,ESP - BET,CS 0-6,CS,520.0,0.0029411764705882353,52.94,1 in 340
league_es,LEV - BET,CS 4-0,CS,260.0,0.0058823529411764705,52.94,1 in 170
league_es,CEL - RMA,HT CS 3-0,HTCS,1040.0,0.0014705882352941176,52.94,1 in 680
league_es,VIL - MAL,CS 2-4,CS,297.0,0.005147058823529412,52.87,1 in 194
league_es,ATM - LEV,HT/FT 1/2,HTFT,56.1,0.027225901398086828,52.74,1 in 36
league_es,MAL - ATM,HT CS 3-0,HTCS,518.0,0.0029433406916850625,52.47,1 in 339
league_es,GET - GIR,HT CS 0-3,HTCS,94.1,0.016188373804267846,52.33,1 in 61
league_es,OSA - ELC,HT CS 0-3,HTCS,207.0,0.007358351729212656,52.32,1 in 135
league_es,SEV - RAY,CS 2-4,CS,207.0,0.007358351729212656,52.32,1 in 135
league_es,CEL - ALV,HT CS 0-3,HTCS,517.0,0.0029433406916850625,52.17,1 in 339
league_es,RSO - RAY,HT CS 0-3,HTCS,413.0,0.003679175864606328,51.95,1 in 271
league_es,RAY - MAL,CS 4-2,CS,129.0,0.01177336276674025,51.88,1 in 84
league_es,ROV - ATH,CS 3-3,CS,103.0,0.014716703458425313,51.58,1 in 67
league_es,GIR - SEV,CS 6-0,CS,1030.0,0.0014716703458425313,51.58,1 in 679
league_es,BAR - ATM,CS 0-5,CS,1030.0,0.0014705882352941176,51.47,1 in 680
league_es,BAR - BET,CS 0-4,CS,514.0,0.0029433406916850625,51.29,1 in 339
league_es,SEV - RAY,CS 3-2,CS,41.1,0.03679175864606328,51.21,1 in 27
league_es,BAR - VIL,CS 1-4,CS,257.0,0.0058823529411764705,51.18,1 in 170
league_es,ELC - BAR,CS 4-2,CS,342.0,0.004415011037527594,50.99,1 in 226
league_es,SEV - MAL,CS 4-1,CS,228.0,0.006622516556291391,50.99,1 in 151
league_es,VAL - ATM,CS 3-2,CS,62.2,0.02426470588235294,50.93,1 in 41
league_es,ROV - GET,HT CS 0-3,HTCS,171.0,0.008823529411764706,50.88,1 in 113
league_es,SEV - ATM,CS 1-5,CS,171.0,0.008823529411764706,50.88,1 in 113
league_es,OSA - RAY,CS 4-1,CS,228.0,0.006617647058823529,50.88,1 in 151
league_es,CEL - ATH,CS 5-1,CS,410.0,0.003679175864606328,50.85,1 in 271
league_es,LEV - RSO,CS 4-0,CS,205.0,0.007358351729212656,50.85,1 in 135
league_es,CEL - OSA,CS 2-4,CS,292.0,0.0051508462104488595,50.4,1 in 194
league_es,GET - LEV,CS 3-1,CS,51.1,0.029433406916850625,50.4,1 in 33
league_es,ATM - LEV,CS 2-4,CS,681.0,0.002207505518763797,50.33,1 in 453
league_es,RSO - VAL,CS 6-0,CS,681.0,0.0022058823529411764,50.22,1 in 453
league_es,RSO - RAY,HT/FT 2/1,HTFT,42.5,0.03532008830022075,50.11,1 in 28
league_es,LEV - VAL,CS 5-0,CS,680.0,0.0022058823529411764,50.0,1 in 453
league_es,ALV - CEL,CS 4-0,CS,204.0,0.007352941176470588,50.0,1 in 136
league_es,GET - LEV,CS 4-2,CS,679.0,0.002207505518763797,49.89,1 in 453
league_es,ESP - CEL,CS 3-3,CS,107.0,0.013980868285504048,49.6,1 in 71
league_es,BAR - ALV,HT CS 0-3,HTCS,2030.0,0.0007358351729212656,49.37,1 in 1359
league_es,CEL - LEV,CS 0-5,CS,2030.0,0.0007358351729212656,49.37,1 in 1359
league_es,OSA - ELC,CS 0-3,CS,58.0,0.025754231052244298,49.37,1 in 38
league_es,GET - CEL,CS 6-0,CS,2030.0,0.0007358351729212656,49.37,1 in 1359
league_es,BET - ATM,CS 1-5,CS,203.0,0.007352941176470588,49.26,1 in 136
league_es,RMA - BAR,CS 0-5,CS,507.0,0.0029433406916850625,49.23,1 in 339
league_es,ATM - GET,CS 3-3,CS,156.0,0.009565857247976454,49.23,1 in 104
league_es,LEV - VAL,CS 5-1,CS,507.0,0.0029411764705882353,49.12,1 in 340
league_es,SEV - BET,CS 3-3,CS,675.0,0.002207505518763797,49.01,1 in 453
league_es,LEV - RAY,CS 4-2,CS,135.0,0.011029411764705883,48.9,1 in 90
league_es,RSO - ROV,CS 2-4,CS,253.0,0.0058823529411764705,48.82,1 in 170
league_es,CEL - ELC,CS 0-5,CS,2020.0,0.0007358351729212656,48.64,1 in 1359
league_es,CEL - ESP,CS 0-5,CS,2020.0,0.0007352941176470588,48.53,1 in 1360
league_es,OSA - SEV,CS 1-4,CS,1010.0,0.0014705882352941176,48.53,1 in 680
league_es,ROV - RAY,CS 1-5,CS,336.0,0.004415011037527594,48.34,1 in 226
league_es,VIL - GIR,HT CS 0-3,HTCS,336.0,0.004415011037527594,48.34,1 in 226
league_es,ALV - BET,CS 1-5,CS,144.0,0.010301692420897719,48.34,1 in 97
league_es,CEL - ALV,CS 0-5,CS,2010.0,0.0007358351729212656,47.9,1 in 1359
league_es,ROV - SEV,HT CS 0-3,HTCS,80.4,0.01839587932303164,47.9,1 in 54
league_es,BET - ATM,CS 2-4,CS,91.1,0.016176470588235296,47.37,1 in 61
league_es,OSA - RAY,HT CS 1-2,HTCS,143.0,0.010294117647058823,47.21,1 in 97
league_es,VAL - RAY,CS 5-1,CS,200.0,0.007358351729212656,47.17,1 in 135
league_es,VAL - RMA,CS 5-1,CS,1000.0,0.0014716703458425313,47.17,1 in 679
league_es,ELC - MAL,CS 5-0,CS,400.0,0.003679175864606328,47.17,1 in 271
league_es,ATH - ELC,CS 6-0,CS,182.0,0.008082292432035268,47.1,1 in 123
league_es,GET - RSO,HT CS 3-0,HTCS,133.0,0.011037527593818985,46.8,1 in 90
league_es,ESP - ALV,CS 1-5,CS,499.0,0.0029411764705882353,46.76,1 in 340
league_es,GET - BET,CS 1-5,CS,181.0,0.008094186902133923,46.5,1 in 123
league_es,MAL - BET,HT CS 0-3,HTCS,199.0,0.007358351729212656,46.43,1 in 135
league_es,RMA - ATH,CS 3-3,CS,86.5,0.01692420897718911,46.39,1 in 59
league_es,OSA - VAL,CS 2-4,CS,153.0,0.009565857247976454,46.36,1 in 104
league_es,ATH - RAY,HT CS 0-3,HTCS,994.0,0.0014716703458425313,46.28,1 in 679
league_es,VAL - MAL,CS 1-4,CS,284.0,0.0051508462104488595,46.28,1 in 194
league_es,MAL - GET,HT CS 0-3,HTCS,142.0,0.010301692420897719,46.28,1 in 97
league_es,VIL - RSO,CS 5-0,CS,142.0,0.010294117647058823,46.18,1 in 97
league_es,ATH - RSO,CS 6-0,CS,662.0,0.002207505518763797,46.14,1 in 453
league_es,MAL - ATM,CS 0-6,CS,397.0,0.003679175864606328,46.06,1 in 271
league_es,CEL - GET,CS 2-3,CS,79.4,0.01839587932303164,46.06,1 in 54
league_es,VIL - ALV,CS 2-4,CS,396.0,0.003679175864606328,45.7,1 in 271
league_es,ELC - ALV,CS 2-4,CS,165.0,0.008830022075055188,45.7,1 in 113
league_es,GET - VIL,CS 5-0,CS,990.0,0.0014705882352941176,45.59,1 in 680
league_es,ATM - CEL,HT CS 0-2,HTCS,99.0,0.014705882352941176,45.59,1 in 68
league_es,RAY - ALV,CS 1-5,CS,494.0,0.0029433406916850625,45.4,1 in 339
league_es,OSA - ATH,CS 5-0,CS,988.0,0.0014716703458425313,45.4,1 in 679
league_es,VIL - RAY,CS 2-4,CS,395.0,0.003679175864606328,45.33,1 in 271
league_es,VAL - BET,CS 2-4,CS,282.0,0.005147058823529412,45.15,1 in 194
league_es,OSA - ELC,CS 0-4,CS,219.0,0.006622516556291391,45.03,1 in 151
league_es,MAL - RMA,HT CS 2-0,HTCS,73.0,0.019867549668874173,45.03,1 in 50
league_es,RMA - RSO,HT CS 0-3,HTCS,986.0,0.0014705882352941176,45.0,1 in 680
league_es,VAL - GIR,CS 5-1,CS,394.0,0.003679175864606328,44.96,1 in 271
league_es,GIR - ALV,Exact 6,ExactGoals,197.0,0.007358351729212656,44.96,1 in 135
league_es,ATH - VIL,CS 3-3,CS,85.7,0.016911764705882352,44.93,1 in 59
league_es,CEL - GIR,CS 4-2,CS,98.4,0.014716703458425313,44.81,1 in 67
league_es,CEL - GET,CS 0-4,CS,393.0,0.003679175864606328,44.59,1 in 271
league_es,ATM - ALV,HT CS 1-2,HTCS,93.6,0.015441176470588236,44.53,1 in 64
league_es,VAL - ELC,CS 4-2,CS,81.7,0.017660044150110375,44.28,1 in 56
league_es,GET - GIR,CS 2-4,CS,140.0,0.010301692420897719,44.22,1 in 97
league_es,VAL - MAL,CS 0-4,CS,392.0,0.003679175864606328,44.22,1 in 271
league_es,ELC - SEV,CS 6-0,CS,1960.0,0.0007358351729212656,44.22,1 in 1359
league_es,LEV - MAL,CS 0-4,CS,178.0,0.008088235294117648,43.97,1 in 123
league_es,GIR - SEV,CS 3-3,CS,115.0,0.012509197939661517,43.86,1 in 79
league_es,ESP - GET,CS 2-4,CS,163.0,0.008823529411764706,43.82,1 in 113
league_es,LEV - BET,CS 4-1,CS,163.0,0.008823529411764706,43.82,1 in 113
league_es,SEV - MAL,Exact 6,ExactGoals,217.0,0.006622516556291391,43.71,1 in 151
league_es,RAY - LEV,CS 5-1,CS,244.0,0.005886681383370125,43.64,1 in 169
league_es,VIL - ROV,CS 2-4,CS,325.0,0.004415011037527594,43.49,1 in 226
league_es,LEV - RMA,CS 0-6,CS,150.0,0.009565857247976454,43.49,1 in 104
league_es,CEL - RAY,CS 0-5,CS,1950.0,0.0007352941176470588,43.38,1 in 1360
league_es,GET - OSA,CS 2-3,CS,48.7,0.029411764705882353,43.24,1 in 34
league_es,LEV - ELC,CS 5-1,CS,243.0,0.005886681383370125,43.05,1 in 169
league_es,ESP - ELC,CS 5-1,CS,243.0,0.005886681383370125,43.05,1 in 169
league_es,GET - LEV,CS 1-4,CS,648.0,0.002207505518763797,43.05,1 in 453
league_es,SEV - MAL,CS 1-4,CS,648.0,0.002207505518763797,43.05,1 in 453
league_es,RMA - ROV,HT CS 0-2,HTCS,243.0,0.0058823529411764705,42.94,1 in 170
league_es,CEL - RAY,CS 6-0,CS,486.0,0.0029411764705882353,42.94,1 in 340
league_es,RMA - GET,CS 0-3,CS,324.0,0.004411764705882353,42.94,1 in 226
league_es,ATH - ATM,CS 1-5,CS,388.0,0.003679175864606328,42.75,1 in 271
league_es,GIR - ROV,CS 6-0,CS,388.0,0.003676470588235294,42.65,1 in 272
league_es,RMA - SEV,HT CS 0-3,HTCS,1940.0,0.0007352941176470588,42.65,1 in 1360
league_es,BAR - RSO,HT CS 1-2,HTCS,43.1,0.03308823529411765,42.61,1 in 30
league_es,ESP - CEL,CS 4-1,CS,149.0,0.009565857247976454,42.53,1 in 104
league_es,BAR - VAL,CS 6-0,CS,114.0,0.0125,42.5,1 in 80
league_es,ATM - RSO,CS 5-1,CS,102.0,0.013970588235294118,42.5,1 in 71
league_es,ALV - ATM,CS 1-5,CS,121.0,0.01177336276674025,42.46,1 in 84
league_es,ROV - GIR,CS 5-1,CS,484.0,0.0029433406916850625,42.46,1 in 339
league_es,VIL - CEL,CS 5-1,CS,138.0,0.010301692420897719,42.16,1 in 97
league_es,GET - ATM,HT/FT 2/1,HTFT,47.1,0.03016924208977189,42.1,1 in 33
league_es,OSA - VAL,CS 0-6,CS,1930.0,0.0007358351729212656,42.02,1 in 1359
league_es,ROV - GET,CS 2-3,CS,71.5,0.019852941176470587,41.95,1 in 50
league_es,ROV - ALV,CS 0-6,CS,1930.0,0.0007352941176470588,41.91,1 in 1360
league_es,RSO - OSA,HT/FT 2/X,HTFT,28.8,0.04926470588235294,41.88,1 in 20
league_es,ELC - ATH,CS 0-6,CS,321.0,0.004415011037527594,41.72,1 in 226
league_es,RSO - GIR,CS 1-5,CS,642.0,0.002207505518763797,41.72,1 in 453
league_es,ROV - RSO,CS 0-6,CS,642.0,0.002207505518763797,41.72,1 in 453
league_es,LEV - ESP,CS 5-0,CS,321.0,0.004415011037527594,41.72,1 in 226
league_es,ROV - GIR,CS 0-6,CS,963.0,0.0014716703458425313,41.72,1 in 679
league_es,OSA - ROV,CS 6-0,CS,641.0,0.002207505518763797,41.5,1 in 453
league_es,OSA - ELC,CS 0-5,CS,961.0,0.0014716703458425313,41.43,1 in 679
league_es,VIL - SEV,CS 5-0,CS,96.1,0.014705882352941176,41.32,1 in 68
league_es,RSO - GIR,CS 5-1,CS,120.0,0.01177336276674025,41.28,1 in 84
league_es,ATH - OSA,CS 1-5,CS,1920.0,0.0007358351729212656,41.28,1 in 1359
league_es,OSA - LEV,CS 0-5,CS,1920.0,0.0007358351729212656,41.28,1 in 1359
league_es,VIL - BAR,HT CS 3-0,HTCS,120.0,0.01177336276674025,41.28,1 in 84
league_es,ATH - RSO,CS 2-4,CS,240.0,0.005886681383370125,41.28,1 in 169
league_es,ALV - RSO,HT CS 3-0,HTCS,192.0,0.007358351729212656,41.28,1 in 135
league_es,GET - ROV,CS 0-4,CS,240.0,0.005886681383370125,41.28,1 in 169
league_es,RAY - GIR,CS 3-3,CS,101.0,0.013980868285504048,41.21,1 in 71
league_es,ROV - OSA,CS 4-0,CS,120.0,0.011764705882352941,41.18,1 in 85
league_es,ELC - GIR,CS 4-0,CS,160.0,0.008823529411764706,41.18,1 in 113
league_es,RSO - MAL,HT CS 0-2,HTCS,41.7,0.03384841795437822,41.15,1 in 29
league_es,RSO - ALV,CS 2-4,CS,274.0,0.0051508462104488595,41.13,1 in 194
league_es,ESP - SEV,HT CS 0-3,HTCS,101.0,0.013970588235294118,41.1,1 in 71
league_es,ELC - ROV,CS 5-1,CS,213.0,0.006622516556291391,41.06,1 in 151
league_es,GET - OSA,CS 0-4,CS,137.0,0.010294117647058823,41.03,1 in 97
league_es,OSA - VAL,CS 3-3,CS,95.8,0.014716703458425313,40.99,1 in 67
league_es,OSA - VAL,CS 1-5,CS,383.0,0.003679175864606328,40.91,1 in 271
league_es,ESP - SEV,HT CS 3-0,HTCS,95.8,0.014705882352941176,40.88,1 in 68
league_es,LEV - ROV,CS 2-4,CS,174.0,0.008094186902133923,40.84,1 in 123
league_es,RAY - ATH,HT CS 3-0,HTCS,383.0,0.0036737692872887582,40.71,1 in 272
league_es,ROV - VIL,CS 4-2,CS,239.0,0.005886681383370125,40.69,1 in 169
league_es,MAL - BET,CS 0-4,CS,147.0,0.009565857247976454,40.62,1 in 104
league_es,GET - RSO,CS 5-0,CS,637.0,0.002207505518763797,40.62,1 in 453
league_es,ATH - LEV,CS 1-4,CS,478.0,0.0029411764705882353,40.59,1 in 340
league_es,ATH - SEV,CS 1-4,CS,382.0,0.003679175864606328,40.54,1 in 271
league_es,RAY - GET,CS 2-4,CS,191.0,0.007358351729212656,40.54,1 in 135
league_es,RSO - OSA,CS 0-4,CS,382.0,0.003676470588235294,40.44,1 in 272
league_es,GET - ELC,CS 0-5,CS,953.0,0.0014705882352941176,40.15,1 in 680
league_es,RMA - VAL,CS 3-3,CS,82.8,0.01692420897718911,40.13,1 in 59
league_es,ATM - ATH,CS 0-4,CS,272.0,0.0051508462104488595,40.1,1 in 194
league_es,ATH - RMA,CS 3-2,CS,238.0,0.0058823529411764705,40.0,1 in 170
league_es,ROV - CEL,CS 4-1,CS,136.0,0.010294117647058823,40.0,1 in 97
league_es,GIR - BAR,CS 0-6,CS,317.0,0.004415011037527594,39.96,1 in 226
league_es,GET - ATM,CS 4-1,CS,380.0,0.003679175864606328,39.81,1 in 271
league_es,MAL - ELC,CS 6-0,CS,632.0,0.002207505518763797,39.51,1 in 453
league_es,ATM - LEV,CS 3-3,CS,158.0,0.008830022075055188,39.51,1 in 113
league_es,MAL - VIL,CS 2-4,CS,82.4,0.01692420897718911,39.46,1 in 59
league_es,BAR - ATM,CS 1-4,CS,158.0,0.008823529411764706,39.41,1 in 113
league_es,SEV - ESP,CS 2-3,CS,59.2,0.0235467255334805,39.4,1 in 42
league_es,ATM - ESP,CS 6-0,CS,172.0,0.008094186902133923,39.22,1 in 123
league_es,BET - CEL,CS 5-0,CS,189.0,0.007358351729212656,39.07,1 in 135
league_es,OSA - LEV,CS 3-3,CS,210.0,0.006622516556291391,39.07,1 in 151
league_es,VAL - ALV,CS 1-5,CS,945.0,0.0014716703458425313,39.07,1 in 679
league_es,BAR - RMA,CS 1-5,CS,210.0,0.006622516556291391,39.07,1 in 151
league_es,MAL - BAR,CS 2-4,CS,61.0,0.022794117647058822,39.04,1 in 43
league_es,ELC - ATM,CS 1-5,CS,105.0,0.013235294117647059,38.97,1 in 75
league_es,ELC - ATM,CS 5-1,CS,1890.0,0.0007352941176470588,38.97,1 in 1360
league_es,BET - ATM,CS 4-2,CS,126.0,0.011029411764705883,38.97,1 in 90
league_es,VAL - BAR,CS 1-5,CS,99.4,0.013980868285504048,38.97,1 in 71
league_es,GET - MAL,CS 1-4,CS,118.0,0.011764705882352941,38.82,1 in 85
league_es,SEV - RMA,CS 2-0,CS,38.5,0.036055923473142015,38.82,1 in 27
league_es,VIL - ATM,CS 4-2,CS,145.0,0.009551800146950772,38.5,1 in 104
league_es,VIL - MAL,CS 1-4,CS,269.0,0.005147058823529412,38.46,1 in 194
league_es,ROV - RSO,CS 0-5,CS,171.0,0.008094186902133923,38.41,1 in 123
league_es,OSA - RSO,CS 6-0,CS,1880.0,0.0007358351729212656,38.34,1 in 1359
league_es,OSA - LEV,CS 6-0,CS,1880.0,0.0007358351729212656,38.34,1 in 1359
league_es,VAL - GIR,CS 6-0,CS,1880.0,0.0007358351729212656,38.34,1 in 1359
league_es,RAY - GET,CS 0-5,CS,626.0,0.002207505518763797,38.19,1 in 453
league_es,RMA - ELC,HT/FT 2/X,HTFT,67.1,0.020588235294117647,38.15,1 in 48
league_es,LEV - ATH,CS 4-0,CS,469.0,0.0029433406916850625,38.04,1 in 339
league_es,ATH - OSA,CS 1-4,CS,375.0,0.003679175864606328,37.97,1 in 271
league_es,RSO - ALV,CS 1-4,CS,234.0,0.005886681383370125,37.75,1 in 169
league_es,BET - ESP,CS 2-4,CS,312.0,0.004415011037527594,37.75,1 in 226
league_es,OSA - GET,CS 0-3,CS,48.0,0.028676470588235293,37.65,1 in 34
league_es,ATM - LEV,HT CS 0-3,HTCS,1870.0,0.0007358351729212656,37.6,1 in 1359
league_es,GET - SEV,CS 2-4,CS,187.0,0.007358351729212656,37.6,1 in 135
league_es,RAY - ESP,CS 0-5,CS,623.0,0.002207505518763797,37.53,1 in 453
league_es,RSO - ESP,CS 2-4,CS,267.0,0.0051508462104488595,37.53,1 in 194
league_es,VAL - ROV,HT CS 0-3,HTCS,374.0,0.003676470588235294,37.5,1 in 272
league_es,RAY - RSO,CS 4-0,CS,187.0,0.007352941176470588,37.5,1 in 136
league_es,CEL - RMA,CS 0-5,CS,170.0,0.008088235294117648,37.5,1 in 123
league_es,ESP - RAY,HT CS 3-0,HTCS,74.7,0.01839587932303164,37.42,1 in 54
league_es,BAR - GIR,CS 0-4,CS,933.0,0.0014705882352941176,37.21,1 in 680
league_es,VAL - RSO,CS 5-0,CS,373.0,0.003676470588235294,37.13,1 in 272
league_es,SEV - ALV,CS 0-3,CS,77.7,0.01764705882352941,37.12,1 in 56
league_es,SEV - RAY,CS 1-5,CS,621.0,0.002207505518763797,37.09,1 in 453
league_es,ROV - ALV,CS 0-5,CS,466.0,0.0029411764705882353,37.06,1 in 340
league_es,OSA - VIL,CS 3-2,CS,50.3,0.027225901398086828,36.95,1 in 36
league_es,GIR - CEL,CS 5-1,CS,266.0,0.005147058823529412,36.91,1 in 194
league_es,RAY - OSA,CS 0-5,CS,465.0,0.0029433406916850625,36.87,1 in 339
league_es,GIR - ELC,HT CS 0-3,HTCS,310.0,0.004415011037527594,36.87,1 in 226
league_es,VIL - CEL,CS 5-0,CS,143.0,0.009565857247976454,36.79,1 in 104
league_es,ALV - VIL,CS 2-4,CS,77.5,0.01764705882352941,36.76,1 in 56
league_es,MAL - RMA,HT CS 2-1,HTCS,50.2,0.027225901398086828,36.67,1 in 36
league_es,ATH - MAL,HT/FT 2/1,HTFT,48.8,0.027961736571008096,36.45,1 in 35
league_es,ALV - ROV,CS 2-3,CS,51.5,0.026490066225165563,36.42,1 in 37
league_es,GET - ALV,CS 3-3,CS,109.0,0.0125,36.25,1 in 80
league_es,VAL - VIL,CS 4-0,CS,109.0,0.0125,36.25,1 in 80
league_es,VIL - GET,CS 1-5,CS,1850.0,0.0007358351729212656,36.13,1 in 1359
league_es,ATM - SEV,HT CS 0-3,HTCS,1850.0,0.0007358351729212656,36.13,1 in 1359
league_es,BET - ATM,CS 6-0,CS,1850.0,0.0007352941176470588,36.03,1 in 1360
league_es,RAY - ESP,CS 2-4,CS,168.0,0.008094186902133923,35.98,1 in 123
league_es,OSA - ELC,CS 1-4,CS,154.0,0.008830022075055188,35.98,1 in 113
league_es,GET - BET,CS 5-0,CS,924.0,0.0014716703458425313,35.98,1 in 679
league_es,OSA - BET,HT CS 2-1,HTCS,25.3,0.05371596762325239,35.9,1 in 18
league_es,ESP - ALV,CS 5-1,CS,308.0,0.004411764705882353,35.88,1 in 226
league_es,RMA - LEV,CS 6-0,CS,71.0,0.01913171449595291,35.84,1 in 52
league_es,ATM - LEV,CS 1-3,CS,123.0,0.011037527593818985,35.76,1 in 90
league_es,VAL - BAR,CS 0-6,CS,369.0,0.003679175864606328,35.76,1 in 271
league_es,ATM - OSA,CS 2-3,CS,142.0,0.009558823529411765,35.74,1 in 104
league_es,GET - GIR,CS 0-6,CS,1840.0,0.0007358351729212656,35.39,1 in 1359
league_es,BET - GET,CS 0-4,CS,460.0,0.0029433406916850625,35.39,1 in 339
league_es,BAR - MAL,HT CS 0-3,HTCS,1840.0,0.0007358351729212656,35.39,1 in 1359
league_es,ALV - OSA,CS 6-0,CS,1840.0,0.0007358351729212656,35.39,1 in 1359
league_es,ATM - VIL,CS 0-5,CS,1840.0,0.0007358351729212656,35.39,1 in 1359
league_es,VAL - ROV,CS 4-0,CS,35.4,0.03823529411764706,35.35,1 in 26
league_es,GET - ATH,CS 2-4,CS,115.0,0.011764705882352941,35.29,1 in 85
league_es,RMA - RSO,CS 1-5,CS,1840.0,0.0007352941176470588,35.29,1 in 1360
league_es,OSA - RSO,CS 5-0,CS,459.0,0.0029433406916850625,35.1,1 in 339
league_es,ELC - RSO,CS 1-5,CS,153.0,0.008830022075055188,35.1,1 in 113
league_es,ESP - RSO,CS 5-0,CS,918.0,0.0014716703458425313,35.1,1 in 679
league_es,ALV - VAL,CS 4-0,CS,167.0,0.008088235294117648,35.07,1 in 123
league_es,ROV - ALV,CS 3-2,CS,44.8,0.030147058823529412,35.06,1 in 33
league_es,BET - ELC,CS 6-0,CS,204.0,0.006617647058823529,35.0,1 in 151
league_es,ELC - RAY,CS 0-3,CS,34.0,0.039705882352941174,35.0,1 in 25
league_es,RSO - SEV,CS 5-1,CS,153.0,0.008823529411764706,35.0,1 in 113
league_es,ESP - ATM,CS 3-0,CS,131.0,0.010301692420897719,34.95,1 in 97
league_es,ALV - OSA,CS 4-1,CS,91.7,0.014716703458425313,34.95,1 in 67
league_es,ATH - ALV,CS 6-0,CS,229.0,0.005886681383370125,34.81,1 in 169
league_es,RAY - ROV,CS 5-0,CS,229.0,0.005886681383370125,34.81,1 in 169
league_es,CEL - GET,HT CS 0-3,HTCS,458.0,0.0029433406916850625,34.81,1 in 339
league_es,MAL - SEV,CS 0-5,CS,611.0,0.0022058823529411764,34.78,1 in 453
league_es,SEV - BET,HT CS 2-1,HTCS,122.0,0.011037527593818985,34.66,1 in 90
league_es,BET - SEV,CS 0-5,CS,1830.0,0.0007358351729212656,34.66,1 in 1359
league_es,MAL - GET,CS 1-4,CS,122.0,0.011037527593818985,34.66,1 in 90
league_es,MAL - RSO,CS 4-0,CS,122.0,0.011029411764705883,34.56,1 in 90
league_es,GIR - VAL,CS 5-0,CS,305.0,0.004411764705882353,34.56,1 in 226
league_es,ELC - OSA,HT/FT 1/2,HTFT,36.6,0.03676470588235294,34.56,1 in 27
league_es,OSA - CEL,CS 0-5,CS,457.0,0.0029411764705882353,34.41,1 in 340
league_es,ATM - VAL,CS 4-2,CS,83.0,0.016188373804267846,34.36,1 in 61
league_es,GET - VAL,CS 1-5,CS,365.0,0.003679175864606328,34.29,1 in 271
league_es,BET - SEV,CS 2-4,CS,304.0,0.004415011037527594,34.22,1 in 226
league_es,GIR - BAR,CS 4-1,CS,152.0,0.008830022075055188,34.22,1 in 113
league_es,ROV - LEV,HT CS 0-3,HTCS,114.0,0.011764705882352941,34.12,1 in 85
league_es,MAL - GIR,CS 4-2,CS,114.0,0.011764705882352941,34.12,1 in 85
league_es,ATH - ALV,HT/FT 2/X,HTFT,40.5,0.033112582781456956,34.11,1 in 30
league_es,OSA - MAL,CS 6-0,CS,911.0,0.0014705882352941176,33.97,1 in 680
league_es,ATM - VAL,HT/FT 1/2,HTFT,49.2,0.027225901398086828,33.95,1 in 36
league_es,SEV - RSO,CS 6-0,CS,1820.0,0.0007358351729212656,33.92,1 in 1359
league_es,BAR - RSO,HT CS 0-3,HTCS,607.0,0.0022058823529411764,33.9,1 in 453
league_es,BET - BAR,CS 5-0,CS,607.0,0.0022058823529411764,33.9,1 in 453
league_es,ALV - CEL,CS 0-5,CS,260.0,0.005147058823529412,33.82,1 in 194
league_es,OSA - ATM,CS 2-4,CS,107.0,0.0125,33.75,1 in 80
league_es,VAL - GIR,CS 0-3,CS,69.9,0.01913171449595291,33.73,1 in 52
league_es,RMA - ELC,CS 1-4,CS,606.0,0.0022058823529411764,33.68,1 in 453
league_es,MAL - BAR,HT CS 3-0,HTCS,605.0,0.0022058823529411764,33.46,1 in 453
league_es,ATM - ALV,CS 1-3,CS,121.0,0.011029411764705883,33.46,1 in 90
league_es,SEV - GET,HT CS 0-3,HTCS,181.0,0.007358351729212656,33.19,1 in 135
league_es,CEL - GIR,CS 0-5,CS,905.0,0.0014716703458425313,33.19,1 in 679
league_es,GET - LEV,CS 5-0,CS,905.0,0.0014716703458425313,33.19,1 in 679
league_es,GET - VAL,CS 0-6,CS,1810.0,0.0007358351729212656,33.19,1 in 1359
league_es,ESP - ROV,CS 2-3,CS,51.7,0.025754231052244298,33.15,1 in 38
league_es,GET - BAR,CS 0-5,CS,69.7,0.019103600293901544,33.15,1 in 52
league_es,VAL - ALV,CS 1-4,CS,201.0,0.006622516556291391,33.11,1 in 151
league_es,CEL - VIL,HT CS 0-3,HTCS,113.0,0.01177336276674025,33.04,1 in 84
league_es,ROV - CEL,CS 5-1,CS,603.0,0.0022058823529411764,33.01,1 in 453
league_es,LEV - VAL,CS 1-5,CS,226.0,0.0058823529411764705,32.94,1 in 170
league_es,RAY - ELC,CS 2-3,CS,51.6,0.025754231052244298,32.89,1 in 38
league_es,ROV - BET,CS 0-5,CS,129.0,0.010301692420897719,32.89,1 in 97
league_es,RSO - ESP,CS 4-1,CS,35.4,0.037527593818984545,32.85,1 in 26
league_es,ROV - SEV,CS 0-3,CS,30.6,0.04341427520235467,32.85,1 in 23
league_es,MAL - ROV,CS 4-0,CS,69.4,0.01913171449595291,32.77,1 in 52
league_es,SEV - RSO,HT/FT 2/1,HTFT,34.7,0.03826342899190582,32.77,1 in 26
league_es,ATH - RMA,HT/FT 2/1,HTFT,69.4,0.01911764705882353,32.68,1 in 52
league_es,RAY - SEV,CS 5-1,CS,451.0,0.0029411764705882353,32.65,1 in 340
league_es,ELC - RMA,HT CS 2-0,HTCS,75.1,0.017660044150110375,32.63,1 in 56
league_es,BET - OSA,CS 0-3,CS,94.9,0.013970588235294118,32.58,1 in 71
league_es,MAL - GIR,HT/FT 2/1,HTFT,34.0,0.03897058823529412,32.5,1 in 25
league_es,OSA - CEL,CS 2-3,CS,48.7,0.027205882352941177,32.49,1 in 36
league_es,ESP - ROV,CS 5-1,CS,225.0,0.005886681383370125,32.45,1 in 169
league_es,ALV - ATM,CS 4-1,CS,360.0,0.003679175864606328,32.45,1 in 271
league_es,ELC - SEV,CS 0-5,CS,450.0,0.0029433406916850625,32.45,1 in 339
league_es,VIL - ESP,CS 1-5,CS,1800.0,0.0007358351729212656,32.45,1 in 1359
league_es,VIL - RAY,CS 1-4,CS,360.0,0.003679175864606328,32.45,1 in 271
league_es,OSA - ATM,CS 1-5,CS,150.0,0.008823529411764706,32.35,1 in 113
league_es,RSO - OSA,CS 2-4,CS,300.0,0.004411764705882353,32.35,1 in 226
league_es,ATH - GIR,CS 1-4,CS,300.0,0.004411764705882353,32.35,1 in 226
league_es,ESP - GET,CS 6-0,CS,1800.0,0.0007352941176470588,32.35,1 in 1360
league_es,ELC - OSA,CS 2-4,CS,150.0,0.008823529411764706,32.35,1 in 113
league_es,CEL - SEV,HT/FT 2/1,HTFT,47.4,0.027920646583394562,32.34,1 in 35
league_es,MAL - BET,CS 2-2,CS,48.6,0.027225901398086828,32.32,1 in 36
league_es,CEL - ALV,CS 0-3,CS,99.8,0.013245033112582781,32.19,1 in 75
league_es,BET - ROV,CS 0-4,CS,599.0,0.0022058823529411764,32.13,1 in 453
league_es,RMA - GIR,HT/FT 2/X,HTFT,56.1,0.0235467255334805,32.1,1 in 42
league_es,ALV - GIR,CS 0-4,CS,81.6,0.016176470588235296,32.0,1 in 61
league_es,RAY - RMA,CS 4-1,CS,359.0,0.003676470588235294,31.99,1 in 272
league_es,LEV - SEV,CS 0-4,CS,112.0,0.01177336276674025,31.86,1 in 84
league_es,RAY - VAL,CS 2-4,CS,128.0,0.010301692420897719,31.86,1 in 97
league_es,LEV - ROV,CS 5-1,CS,224.0,0.005886681383370125,31.86,1 in 169
league_es,ELC - RSO,CS 2-4,CS,85.3,0.01545253863134658,31.81,1 in 64
league_es,ELC - RSO,CS 4-0,CS,199.0,0.006622516556291391,31.79,1 in 151
league_es,BAR - RAY,HT CS 0-3,HTCS,1790.0,0.0007358351729212656,31.71,1 in 1359
league_es,OSA - ESP,CS 0-3,CS,77.7,0.01692420897718911,31.5,1 in 59
league_es,RMA - ROV,HT/FT 2/1,HTFT,71.5,0.01838235294117647,31.43,1 in 54
league_es,RAY - GET,HT CS 1-2,HTCS,27.9,0.047093451066961,31.39,1 in 21
league_es,ATM - BAR,CS 2-4,CS,105.0,0.012509197939661517,31.35,1 in 79
league_es,ATH - VIL,Exact 6,ExactGoals,27.9,0.047058823529411764,31.29,1 in 21
league_es,GET - ROV,CS 2-4,CS,223.0,0.005886681383370125,31.27,1 in 169
league_es,LEV - VAL,CS 0-4,CS,71.4,0.01838235294117647,31.25,1 in 54
league_es,RAY - BAR,CS 2-4,CS,59.5,0.022058823529411766,31.25,1 in 45
league_es,ATM - OSA,HT CS 1-2,HTCS,105.0,0.0125,31.25,1 in 80
league_es,BET - VAL,CS 0-5,CS,891.0,0.0014716703458425313,31.13,1 in 679
league_es,ATH - LEV,CS 6-0,CS,198.0,0.006617647058823529,31.03,1 in 151
league_es,LEV - ATH,CS 3-3,CS,127.0,0.010301692420897719,30.83,1 in 97
league_es,RAY - OSA,CS 2-3,CS,48.0,0.027225901398086828,30.68,1 in 36
league_es,ATH - ATM,CS 0-5,CS,444.0,0.0029433406916850625,30.68,1 in 339
league_es,ATH - ATM,CS 3-3,CS,111.0,0.01177336276674025,30.68,1 in 84
league_es,VIL - BAR,CS 3-2,CS,38.6,0.03384841795437822,30.65,1 in 29
league_es,LEV - VAL,CS 3-3,CS,93.5,0.013970588235294118,30.63,1 in 71
league_es,OSA - ATH,CS 3-2,CS,63.4,0.020603384841795438,30.63,1 in 48
league_es,ESP - GIR,CS 5-0,CS,592.0,0.0022058823529411764,30.59,1 in 453
league_es,GIR - ROV,CS 5-0,CS,111.0,0.011764705882352941,30.59,1 in 85
league_es,MAL - ATM,CS 4-0,CS,443.0,0.0029433406916850625,30.39,1 in 339
league_es,VAL - ATM,CS 1-5,CS,197.0,0.006617647058823529,30.37,1 in 151
league_es,ROV - ATM,CS 0-5,CS,84.4,0.015441176470588236,30.32,1 in 64
league_es,ATH - ALV,CS 0-3,CS,161.0,0.008094186902133923,30.32,1 in 123
league_es,RAY - RMA,CS 1-5,CS,63.3,0.020588235294117647,30.32,1 in 48
league_es,RSO - ATH,CS 1-5,CS,354.0,0.003679175864606328,30.24,1 in 271
league_es,BAR - VAL,CS 1-5,CS,1770.0,0.0007352941176470588,30.15,1 in 1360
league_es,SEV - ATM,CS 0-6,CS,590.0,0.0022058823529411764,30.15,1 in 453
league_es,CEL - RAY,CS 2-4,CS,354.0,0.003676470588235294,30.15,1 in 272
league_es,VIL - GIR,CS 2-4,CS,221.0,0.005886681383370125,30.1,1 in 169
league_es,ESP - RAY,CS 4-2,CS,136.0,0.009565857247976454,30.1,1 in 104
league_es,SEV - MAL,HT CS 3-0,HTCS,221.0,0.005886681383370125,30.1,1 in 169
league_es,RSO - RAY,CS 4-2,CS,80.3,0.016188373804267846,29.99,1 in 61
league_es,LEV - RSO,HT CS 2-1,HTCS,27.6,0.047093451066961,29.98,1 in 21
league_es,BAR - ESP,CS 2-4,CS,589.0,0.0022058823529411764,29.93,1 in 453
league_es,ATH - ESP,CS 2-3,CS,104.0,0.012490815576781777,29.9,1 in 80
league_es,LEV - GET,CS 4-2,CS,136.0,0.009551800146950772,29.9,1 in 104
league_es,RAY - ELC,HT/FT 1/2,HTFT,35.3,0.03679175864606328,29.87,1 in 27
league_es,ELC - VIL,HT CS 3-0,HTCS,294.0,0.004415011037527594,29.8,1 in 226
league_es,RAY - ATM,CS 1-5,CS,196.0,0.006622516556291391,29.8,1 in 151
league_es,BAR - RAY,CS 0-3,CS,294.0,0.004415011037527594,29.8,1 in 226
league_es,BAR - ROV,CS 2-4,CS,353.0,0.003676470588235294,29.78,1 in 272
league_es,ALV - VAL,CS 4-1,CS,126.0,0.010294117647058823,29.71,1 in 97
league_es,SEV - ALV,CS 3-3,CS,294.0,0.004411764705882353,29.71,1 in 226
league_es,RAY - VIL,CS 3-2,CS,60.7,0.021339220014716703,29.53,1 in 46
league_es,VAL - ATH,HT CS 3-0,HTCS,176.0,0.007358351729212656,29.51,1 in 135
league_es,VIL - BAR,CS 4-0,CS,160.0,0.008094186902133923,29.51,1 in 123
league_es,SEV - ESP,CS 5-1,CS,220.0,0.005886681383370125,29.51,1 in 169
league_es,OSA - GET,CS 3-3,CS,110.0,0.011764705882352941,29.41,1 in 85
league_es,ESP - ROV,HT CS 3-0,HTCS,51.7,0.025018395879323033,29.35,1 in 39
league_es,CEL - ELC,CS 4-2,CS,92.5,0.013980868285504048,29.32,1 in 71
league_es,ATM - CEL,CS 0-4,CS,879.0,0.0014705882352941176,29.26,1 in 680
league_es,VAL - RSO,CS 5-1,CS,293.0,0.004411764705882353,29.26,1 in 226
league_es,LEV - RMA,HT CS 2-0,HTCS,76.3,0.01692420897718911,29.13,1 in 59
league_es,VIL - MAL,CS 5-1,CS,87.8,0.014705882352941176,29.12,1 in 68
league_es,VIL - RSO,CS 1-4,CS,135.0,0.009558823529411765,29.04,1 in 104
league_es,ROV - ATM,CS 3-3,CS,117.0,0.011029411764705883,29.04,1 in 90
league_es,RMA - ALV,CS 1-3,CS,135.0,0.009558823529411765,29.04,1 in 104
league_es,ELC - LEV,CS 0-5,CS,585.0,0.0022058823529411764,29.04,1 in 453
league_es,SEV - GIR,CS 4-0,CS,87.6,0.014716703458425313,28.92,1 in 67
league_es,ALV - SEV,HT/FT 1/2,HTFT,36.5,0.03532008830022075,28.92,1 in 28
league_es,VIL - MAL,CS 1-3,CS,62.6,0.020588235294117647,28.88,1 in 48
league_es,VAL - RAY,Exact 6,ExactGoals,41.7,0.03090507726269316,28.87,1 in 32
league_es,ELC - SEV,HT CS 3-0,HTCS,103.0,0.012509197939661517,28.84,1 in 79
league_es,ELC - ESP,CS 1-4,CS,103.0,0.012509197939661517,28.84,1 in 79
league_es,ATH - MAL,CS 1-4,CS,350.0,0.003679175864606328,28.77,1 in 271
league_es,ELC - MAL,CS 4-2,CS,125.0,0.010301692420897719,28.77,1 in 97
league_es,BET - RSO,CS 5-1,CS,159.0,0.008094186902133923,28.7,1 in 123
league_es,GIR - VAL,CS 5-1,CS,250.0,0.005147058823529412,28.68,1 in 194
league_es,ATM - ATH,CS 1-5,CS,874.0,0.0014716703458425313,28.62,1 in 679
league_es,BET - SEV,CS 4-2,CS,87.4,0.014716703458425313,28.62,1 in 67
league_es,VIL - BAR,CS 2-4,CS,69.9,0.01839587932303164,28.59,1 in 54
league_es,SEV - ESP,HT/FT 2/1,HTFT,39.7,0.03237674760853569,28.54,1 in 30
league_es,SEV - OSA,CS 5-0,CS,874.0,0.0014705882352941176,28.53,1 in 680
league_es,VAL - LEV,CS 0-3,CS,87.4,0.014705882352941176,28.53,1 in 68
league_es,ALV - ESP,CS 0-5,CS,582.0,0.002207505518763797,28.48,1 in 453
league_es,BET - ESP,CS 1-4,CS,291.0,0.004415011037527594,28.48,1 in 226
league_es,BAR - ATH,CS 4-2,CS,64.7,0.019852941176470587,28.45,1 in 50
league_es,ATH - RMA,CS 1-4,CS,218.0,0.0058823529411764705,28.24,1 in 170
league_es,OSA - RMA,HT/FT 1/X,HTFT,37.9,0.033823529411764704,28.19,1 in 29
league_es,ATH - BAR,CS 0-6,CS,871.0,0.0014716703458425313,28.18,1 in 679
league_es,OSA - ATH,HT/FT 2/1,HTFT,38.7,0.033112582781456956,28.15,1 in 30
league_es,ELC - ALV,HT CS 3-0,HTCS,75.7,0.01692420897718911,28.12,1 in 59
league_es,BET - ATM,Exact 6,ExactGoals,24.2,0.052941176470588235,28.12,1 in 18
league_es,CEL - VAL,CS 1-4,CS,134.0,0.009558823529411765,28.09,1 in 104
league_es,ATH - ALV,CS 5-1,CS,91.6,0.013980868285504048,28.06,1 in 71
league_es,ATH - MAL,CS 1-5,CS,1740.0,0.0007358351729212656,28.04,1 in 1359
league_es,ESP - ATH,HT CS 3-0,HTCS,580.0,0.002207505518763797,28.04,1 in 453
league_es,CEL - ATH,CS 4-2,CS,174.0,0.007358351729212656,28.04,1 in 135
league_es,ELC - RMA,HT/FT 1/2,HTFT,48.3,0.026490066225165563,27.95,1 in 37
league_es,ROV - ALV,CS 5-1,CS,348.0,0.003676470588235294,27.94,1 in 272
league_es,RSO - OSA,CS 0-5,CS,1740.0,0.0007352941176470588,27.94,1 in 1360
league_es,CEL - GET,CS 0-3,CS,91.5,0.013980868285504048,27.92,1 in 71
league_es,MAL - CEL,CS 4-1,CS,86.9,0.014716703458425313,27.89,1 in 67
league_es,ATM - ELC,CS 3-3,CS,158.0,0.008094186902133923,27.89,1 in 123
league_es,OSA - CEL,HT CS 3-0,HTCS,91.5,0.013970588235294118,27.83,1 in 71
league_es,GET - MAL,CS 0-3,CS,42.4,0.030147058823529412,27.82,1 in 33
league_es,VAL - ATH,CS 2-4,CS,124.0,0.010301692420897719,27.74,1 in 97
league_es,OSA - BAR,CS 3-0,CS,124.0,0.010301692420897719,27.74,1 in 97
league_es,VAL - ATM,CS 0-4,CS,57.9,0.022058823529411766,27.72,1 in 45
league_es,BET - ELC,CS 0-4,CS,579.0,0.0022058823529411764,27.72,1 in 453
league_es,SEV - RSO,CS 1-5,CS,347.0,0.003679175864606328,27.67,1 in 271
league_es,RMA - SEV,CS 3-3,CS,124.0,0.010294117647058823,27.65,1 in 97
league_es,GIR - RSO,CS 1-4,CS,78.9,0.016176470588235296,27.63,1 in 61
league_es,GET - ELC,HT CS 3-0,HTCS,42.3,0.030147058823529412,27.52,1 in 33
league_es,ROV - ESP,CS 1-4,CS,102.0,0.0125,27.5,1 in 80
league_es,ELC - GIR,CS 3-3,CS,96.2,0.013235294117647059,27.32,1 in 75
league_es,RMA - ELC,HT CS 1-2,HTCS,78.7,0.016176470588235296,27.31,1 in 61
league_es,RSO - ESP,CS 0-5,CS,1730.0,0.0007358351729212656,27.3,1 in 1359
league_es,LEV - RMA,CS 5-1,CS,1730.0,0.0007358351729212656,27.3,1 in 1359
league_es,ROV - MAL,CS 1-5,CS,346.0,0.003679175864606328,27.3,1 in 271
league_es,ELC - ALV,HT/FT 1/2,HTFT,35.3,0.036055923473142015,27.28,1 in 27
league_es,LEV - ESP,HT CS 0-3,HTCS,133.0,0.009565857247976454,27.23,1 in 104
league_es,GIR - ATH,HT CS 3-0,HTCS,133.0,0.009565857247976454,27.23,1 in 104
league_es,ESP - MAL,CS 5-1,CS,346.0,0.003676470588235294,27.21,1 in 272
league_es,OSA - VAL,CS 1-3,CS,29.3,0.04341427520235467,27.2,1 in 23
league_es,RAY - VAL,CS 4-2,CS,192.0,0.006622516556291391,27.15,1 in 151
league_es,RMA - MAL,CS 1-4,CS,576.0,0.002207505518763797,27.15,1 in 453
league_es,ATM - ROV,CS 2-3,CS,144.0,0.008830022075055188,27.15,1 in 113
league_es,MAL - BAR,CS 3-0,CS,133.0,0.009558823529411765,27.13,1 in 104
league_es,SEV - ROV,HT CS 0-2,HTCS,45.5,0.027941176470588237,27.13,1 in 35
league_es,RAY - OSA,CS 2-4,CS,157.0,0.008094186902133923,27.08,1 in 123
league_es,BAR - GIR,HT CS 1-2,HTCS,64.0,0.019852941176470587,27.06,1 in 50
league_es,GIR - OSA,CS 4-2,CS,95.9,0.013245033112582781,27.02,1 in 75
league_es,VAL - OSA,CS 2-3,CS,57.5,0.02207505518763797,26.93,1 in 45
league_es,GIR - RSO,HT CS 3-0,HTCS,82.2,0.015441176470588236,26.93,1 in 64
league_es,ALV - RAY,CS 1-5,CS,431.0,0.0029433406916850625,26.86,1 in 339
league_es,MAL - ALV,CS 1-4,CS,115.0,0.011029411764705883,26.84,1 in 90
league_es,ALV - VIL,CS 0-6,CS,431.0,0.0029411764705882353,26.76,1 in 340
league_es,RMA - VAL,HT/FT 2/1,HTFT,59.4,0.021339220014716703,26.75,1 in 46
league_es,ROV - MAL,CS 3-3,CS,95.7,0.013245033112582781,26.75,1 in 75
league_es,RMA - LEV,CS 3-3,CS,82.0,0.01545253863134658,26.71,1 in 64
league_es,ROV - CEL,HT CS 2-1,HTCS,29.2,0.04338235294117647,26.68,1 in 23
league_es,ESP - CEL,HT CS 2-1,HTCS,31.3,0.04047093451066961,26.67,1 in 24
league_es,ATM - BAR,Exact 6,ExactGoals,23.9,0.052980132450331126,26.62,1 in 18
league_es,ATH - RSO,CS 5-0,CS,172.0,0.007358351729212656,26.56,1 in 135
league_es,BET - VAL,CS 0-4,CS,215.0,0.005886681383370125,26.56,1 in 169
league_es,ESP - ALV,HT CS 3-0,HTCS,71.7,0.01764705882352941,26.53,1 in 56
league_es,GET - BET,CS 0-5,CS,191.0,0.006622516556291391,26.49,1 in 151
league_es,RAY - RMA,CS 5-1,CS,1720.0,0.0007352941176470588,26.47,1 in 1360
league_es,ELC - GIR,CS 4-2,CS,172.0,0.007352941176470588,26.47,1 in 136
league_es,ATM - ALV,HT/FT 2/1,HTFT,63.7,0.019852941176470587,26.46,1 in 50
league_es,ATM - ROV,HT/FT 2/1,HTFT,71.6,0.017660044150110375,26.45,1 in 56
league_es,RSO - VIL,HT CS 0-3,HTCS,81.8,0.01545253863134658,26.4,1 in 64
league_es,RMA - ALV,CS 6-0,CS,66.1,0.01911764705882353,26.37,1 in 52
league_es,SEV - MAL,CS 0-3,CS,101.0,0.012509197939661517,26.34,1 in 79
league_es,VIL - BAR,CS 0-6,CS,572.0,0.002207505518763797,26.27,1 in 453
league_es,SEV - LEV,CS 2-4,CS,286.0,0.004415011037527594,26.27,1 in 226
league_es,GIR - ALV,CS 3-2,CS,143.0,0.008830022075055188,26.27,1 in 113
league_es,OSA - MAL,HT CS 3-0,HTCS,47.7,0.026470588235294117,26.26,1 in 37
league_es,RAY - OSA,CS 3-1,CS,26.8,0.047093451066961,26.21,1 in 21
league_es,ELC - ROV,CS 5-0,CS,245.0,0.0051508462104488595,26.2,1 in 194
league_es,ALV - CEL,CS 4-1,CS,156.0,0.008088235294117648,26.18,1 in 123
league_es,BET - VIL,HT CS 0-3,HTCS,81.6,0.01545253863134658,26.09,1 in 64
league_es,ATH - ESP,CS 0-4,CS,857.0,0.0014695077149155032,25.94,1 in 680
league_es,GET - OSA,CS 1-4,CS,107.0,0.011764705882352941,25.88,1 in 85
league_es,ELC - RSO,CS 4-2,CS,171.0,0.007358351729212656,25.83,1 in 135
league_es,OSA - ALV,CS 4-2,CS,114.0,0.011037527593818985,25.83,1 in 90
league_es,CEL - BAR,CS 1-5,CS,114.0,0.011037527593818985,25.83,1 in 90
league_es,ALV - RMA,CS 5-1,CS,1710.0,0.0007358351729212656,25.83,1 in 1359
league_es,VAL - RMA,CS 5-0,CS,1710.0,0.0007358351729212656,25.83,1 in 1359
league_es,RSO - MAL,HT CS 0-3,HTCS,342.0,0.003679175864606328,25.83,1 in 271
league_es,BET - RAY,CS 4-0,CS,30.0,0.04191176470588235,25.74,1 in 23
league_es,GET - GIR,Exact 6,ExactGoals,30.5,0.041206769683590876,25.68,1 in 24
league_es,RSO - VIL,HT CS 3-0,HTCS,61.0,0.020603384841795438,25.68,1 in 48
league_es,RMA - BET,CS 3-3,CS,63.3,0.019852941176470587,25.67,1 in 50
league_es,CEL - RSO,HT CS 3-0,HTCS,74.3,0.016911764705882352,25.65,1 in 59
league_es,ELC - OSA,Exact 6,ExactGoals,35.6,0.03529411764705882,25.65,1 in 28
league_es,GIR - ELC,HT/FT 2/1,HTFT,39.7,0.03164091243561442,25.61,1 in 31
league_es,VAL - CEL,CS 0-5,CS,569.0,0.002207505518763797,25.61,1 in 453
league_es,MAL - BET,HT/FT 2/X,HTFT,20.8,0.06033848417954378,25.5,1 in 16
league_es,GET - BET,HT CS 2-1,HTCS,29.4,0.042678440029433405,25.47,1 in 23
league_es,GIR - BET,CS 0-4,CS,71.0,0.017660044150110375,25.39,1 in 56
league_es,VIL - ATM,Exact 6,ExactGoals,32.2,0.038941954445260836,25.39,1 in 25
league_es,MAL - LEV,HT CS 0-3,HTCS,142.0,0.008830022075055188,25.39,1 in 113
league_es,CEL - RSO,HT CS 0-3,HTCS,142.0,0.008823529411764706,25.29,1 in 113
league_es,ROV - RSO,CS 1-3,CS,18.5,0.06769683590875644,25.24,1 in 14
league_es,VAL - ALV,CS 4-0,CS,41.5,0.03016924208977189,25.2,1 in 33
league_es,OSA - ESP,CS 2-4,CS,567.0,0.002207505518763797,25.17,1 in 453
league_es,MAL - GET,CS 2-4,CS,189.0,0.006622516556291391,25.17,1 in 151
league_es,ELC - MAL,HT/FT 1/2,HTFT,32.7,0.03826342899190582,25.12,1 in 26
league_es,ALV - GET,CS 1-5,CS,425.0,0.0029433406916850625,25.09,1 in 339
league_es,SEV - BAR,CS 0-5,CS,170.0,0.007358351729212656,25.09,1 in 135
league_es,MAL - LEV,CS 0-4,CS,170.0,0.007358351729212656,25.09,1 in 135
league_es,ATH - VIL,CS 5-0,CS,189.0,0.006617647058823529,25.07,1 in 151
league_es,GIR - LEV,HT CS 0-3,HTCS,243.0,0.005147058823529412,25.07,1 in 194
league_es,LEV - BAR,CS 4-1,CS,340.0,0.003676470588235294,25.0,1 in 272
league_es,RSO - ATH,CS 1-4,CS,89.4,0.013980868285504048,24.99,1 in 71
league_es,GET - ATM,CS 4-0,CS,566.0,0.002207505518763797,24.94,1 in 453
league_es,BET - SEV,HT CS 3-0,HTCS,24.6,0.05077262693156733,24.9,1 in 19
league_es,RMA - ALV,Exact 0,ExactGoals,21.5,0.05808823529411765,24.89,1 in 17
league_es,RMA - ALV,CS 0-0,CS,21.5,0.05808823529411765,24.89,1 in 17
league_es,VIL - OSA,CS 1-4,CS,283.0,0.004411764705882353,24.85,1 in 226
league_es,SEV - ALV,CS 4-2,CS,283.0,0.004411764705882353,24.85,1 in 226
league_es,VIL - ELC,CS 5-1,CS,65.3,0.01911764705882353,24.84,1 in 52
league_es,LEV - OSA,CS 1-4,CS,99.8,0.012509197939661517,24.84,1 in 79
league_es,BET - SEV,HT/FT 2/1,HTFT,43.5,0.02869757174392936,24.83,1 in 34
league_es,GET - MAL,HT CS 3-0,HTCS,67.9,0.01838235294117647,24.82,1 in 54
league_es,ROV - VAL,CS 1-5,CS,212.0,0.005886681383370125,24.8,1 in 169
league_es,LEV - MAL,CS 5-0,CS,848.0,0.0014705882352941176,24.71,1 in 680
league_es,ELC - LEV,CS 1-4,CS,106.0,0.011764705882352941,24.71,1 in 85
league_es,LEV - GIR,CS 4-1,CS,121.0,0.010301692420897719,24.65,1 in 97
league_es,ROV - ESP,HT CS 1-2,HTCS,24.2,0.051470588235294115,24.56,1 in 19
league_es,ALV - CEL,CS 3-3,CS,121.0,0.010294117647058823,24.56,1 in 97
league_es,GET - GIR,HT/FT 2/X,HTFT,18.2,0.0684326710816777,24.55,1 in 14
league_es,BAR - BET,CS 6-0,CS,141.0,0.008830022075055188,24.5,1 in 113
league_es,VIL - GET,HT CS 0-3,HTCS,846.0,0.0014716703458425313,24.5,1 in 679
league_es,GIR - ALV,CS 1-3,CS,141.0,0.008830022075055188,24.5,1 in 113
league_es,GET - VAL,CS 4-2,CS,141.0,0.008830022075055188,24.5,1 in 113
league_es,GET - GIR,CS 3-3,CS,89.0,0.013980868285504048,24.43,1 in 71
league_es,ROV - GET,CS 2-4,CS,282.0,0.004411764705882353,24.41,1 in 226
league_es,ATH - VAL,CS 0-4,CS,423.0,0.0029411764705882353,24.41,1 in 340
league_es,VIL - ALV,CS 1-3,CS,80.5,0.01545253863134658,24.39,1 in 64
league_es,VIL - ESP,CS 1-3,CS,80.5,0.01545253863134658,24.39,1 in 64
league_es,ESP - BAR,CS 0-6,CS,169.0,0.007358351729212656,24.36,1 in 135
league_es,ALV - MAL,CS 6-0,CS,1690.0,0.0007358351729212656,24.36,1 in 1359
league_es,MAL - ELC,CS 5-0,CS,169.0,0.007358351729212656,24.36,1 in 135
league_es,ATH - BAR,CS 4-2,CS,130.0,0.009565857247976454,24.36,1 in 104
league_es,SEV - VAL,CS 0-4,CS,130.0,0.009558823529411765,24.26,1 in 104
league_es,RAY - RSO,HT CS 3-0,HTCS,169.0,0.007352941176470588,24.26,1 in 136
league_es,CEL - RAY,CS 5-0,CS,130.0,0.009558823529411765,24.26,1 in 104
league_es,ROV - VIL,HT/FT 2/1,HTFT,36.7,0.03384841795437822,24.22,1 in 29
league_es,OSA - BET,CS 0-5,CS,211.0,0.005886681383370125,24.21,1 in 169
league_es,VAL - RAY,HT CS 2-1,HTCS,19.4,0.0640176600441501,24.19,1 in 15
league_es,LEV - MAL,HT/FT 2/1,HTFT,43.3,0.028676470588235293,24.17,1 in 34
league_es,CEL - OSA,CS 4-0,CS,48.2,0.025754231052244298,24.14,1 in 38
league_es,VIL - RAY,CS 6-0,CS,241.0,0.0051508462104488595,24.14,1 in 194
league_es,CEL - RAY,CS 0-4,CS,422.0,0.0029411764705882353,24.12,1 in 340
league_es,RMA - SEV,HT/FT 2/1,HTFT,64.9,0.01911764705882353,24.07,1 in 52
league_es,VAL - ATM,CS 4-0,CS,241.0,0.005147058823529412,24.04,1 in 194
league_es,LEV - GET,HT CS 3-0,HTCS,84.4,0.014695077149155033,24.03,1 in 68
league_es,SEV - RMA,CS 4-2,CS,337.0,0.003679175864606328,23.99,1 in 271
league_es,ESP - ROV,HT/FT 1/2,HTFT,35.1,0.03532008830022075,23.97,1 in 28
league_es,GET - OSA,CS 0-5,CS,562.0,0.0022058823529411764,23.97,1 in 453
league_es,VAL - LEV,HT/FT 1/2,HTFT,38.3,0.03235294117647059,23.91,1 in 30
league_es,ATH - CEL,CS 6-0,CS,561.0,0.002207505518763797,23.84,1 in 453
league_es,RAY - BAR,CS 0-5,CS,62.3,0.019852941176470587,23.68,1 in 50
league_es,ESP - VAL,CS 2-4,CS,112.0,0.011037527593818985,23.62,1 in 90
league_es,ALV - MAL,CS 0-4,CS,112.0,0.011037527593818985,23.62,1 in 90
league_es,MAL - ATM,CS 3-0,CS,105.0,0.01177336276674025,23.62,1 in 84
league_es,ELC - GET,CS 5-0,CS,420.0,0.0029433406916850625,23.62,1 in 339
league_es,ATM - ESP,CS 1-3,CS,120.0,0.010301692420897719,23.62,1 in 97
league_es,ATM - SEV,HT/FT 1/2,HTFT,56.0,0.02207505518763797,23.62,1 in 45
league_es,RAY - GET,CS 1-4,CS,120.0,0.010301692420897719,23.62,1 in 97
league_es,VAL - GET,CS 2-4,CS,240.0,0.005147058823529412,23.53,1 in 194
league_es,ATH - ALV,HT CS 1-2,HTCS,67.1,0.01839587932303164,23.44,1 in 54
league_es,ATM - ROV,CS 5-0,CS,46.6,0.026490066225165563,23.44,1 in 37
league_es,BET - ESP,CS 0-3,CS,129.0,0.009565857247976454,23.4,1 in 104
league_es,SEV - RSO,CS 0-5,CS,419.0,0.0029433406916850625,23.33,1 in 339
league_es,BET - RSO,HT/FT 2/1,HTFT,29.4,0.04194260485651214,23.31,1 in 23
league_es,RAY - ESP,HT/FT 1/2,HTFT,34.9,0.03532008830022075,23.27,1 in 28
league_es,ROV - ATM,CS 2-4,CS,83.8,0.014705882352941176,23.24,1 in 68
league_es,OSA - ESP,HT CS 2-1,HTCS,36.4,0.03384841795437822,23.21,1 in 29
league_es,SEV - MAL,CS 2-2,CS,46.5,0.026490066225165563,23.18,1 in 37
league_es,ROV - CEL,CS 1-4,CS,67.0,0.01838235294117647,23.16,1 in 54
league_es,GET - ATH,CS 3-0,CS,67.0,0.01838235294117647,23.16,1 in 54
league_es,RAY - OSA,CS 5-0,CS,418.0,0.0029433406916850625,23.03,1 in 339
league_es,MAL - VAL,CS 1-4,CS,79.6,0.01545253863134658,23.0,1 in 64
league_es,GET - BAR,CS 2-0,CS,38.9,0.03159441587068332,22.9,1 in 31
league_es,ELC - RMA,CS 5-1,CS,1670.0,0.0007358351729212656,22.88,1 in 1359
league_es,OSA - RSO,Exact 6,ExactGoals,33.4,0.03679175864606328,22.88,1 in 27
league_es,ATM - BET,CS 1-5,CS,1670.0,0.0007358351729212656,22.88,1 in 1359
league_es,BAR - ELC,CS 0-4,CS,1670.0,0.0007358351729212656,22.88,1 in 1359
league_es,ELC - RMA,CS 2-3,CS,28.3,0.04341427520235467,22.86,1 in 23
league_es,ESP - BAR,HT/FT 1/2,HTFT,47.7,0.025754231052244298,22.85,1 in 38
league_es,ALV - ELC,CS 2-3,CS,52.2,0.023529411764705882,22.82,1 in 42
league_es,SEV - ALV,CS 2-2,CS,29.3,0.04191176470588235,22.8,1 in 23
league_es,VIL - SEV,CS 6-0,CS,334.0,0.003676470588235294,22.79,1 in 272
league_es,CEL - OSA,HT/FT 1/2,HTFT,38.8,0.03164091243561442,22.77,1 in 31
league_es,VIL - CEL,HT/FT 2/X,HTFT,24.9,0.049300956585724795,22.76,1 in 20
league_es,ATM - RMA,CS 4-0,CS,98.2,0.0125,22.75,1 in 80
league_es,LEV - ATH,HT CS 3-0,HTCS,556.0,0.002207505518763797,22.74,1 in 453
league_es,ELC - GIR,CS 1-4,CS,64.2,0.01911764705882353,22.74,1 in 52
league_es,CEL - MAL,CS 0-4,CS,334.0,0.0036737692872887582,22.7,1 in 272
league_es,BET - ATM,CS 3-2,CS,40.7,0.030147058823529412,22.7,1 in 33
league_es,SEV - BET,HT/FT 2/X,HTFT,21.1,0.058130978660779986,22.66,1 in 17
league_es,RAY - ATH,CS 3-3,CS,98.2,0.012490815576781777,22.66,1 in 80
league_es,BET - ELC,CS 0-3,CS,139.0,0.008823529411764706,22.65,1 in 113
league_es,BET - OSA,HT/FT 2/1,HTFT,41.7,0.029411764705882353,22.65,1 in 34
league_es,BAR - RSO,CS 3-3,CS,72.5,0.016911764705882352,22.61,1 in 59
league_es,RMA - LEV,HT CS 0-2,HTCS,119.0,0.010301692420897719,22.59,1 in 97
league_es,ATM - SEV,HT CS 0-2,HTCS,119.0,0.010301692420897719,22.59,1 in 97
league_es,VAL - ATH,CS 0-4,CS,72.4,0.01692420897718911,22.53,1 in 59
league_es,RAY - ROV,CS 1-5,CS,555.0,0.002207505518763797,22.52,1 in 453
league_es,ATM - LEV,CS 5-0,CS,53.7,0.022810890360559236,22.49,1 in 43
league_es,ALV - LEV,CS 2-0,CS,11.4,0.10743193524650478,22.47,1 in 9
league_es,ESP - BET,HT/FT 1/2,HTFT,37.0,0.03308823529411765,22.43,1 in 30
league_es,SEV - RMA,CS 2-4,CS,69.3,0.017660044150110375,22.38,1 in 56
league_es,GIR - RMA,CS 4-1,CS,208.0,0.0058823529411764705,22.35,1 in 170
league_es,OSA - GET,CS 4-2,CS,128.0,0.009558823529411765,22.35,1 in 104
league_es,SEV - RMA,CS 1-5,CS,83.1,0.014716703458425313,22.3,1 in 67
league_es,BET - ELC,CS 5-1,CS,72.3,0.016911764705882352,22.27,1 in 59
league_es,ATM - BET,HT/FT 1/2,HTFT,44.9,0.027225901398086828,22.24,1 in 36
league_es,SEV - ROV,CS 6-0,CS,554.0,0.0022058823529411764,22.21,1 in 453
league_es,RAY - CEL,HT/FT 2/1,HTFT,36.9,0.033112582781456956,22.19,1 in 30
league_es,ELC - BAR,CS 5-1,CS,1660.0,0.0007358351729212656,22.15,1 in 1359
league_es,ESP - MAL,CS 0-6,CS,1660.0,0.0007352941176470588,22.06,1 in 1360
league_es,GIR - RSO,CS 6-0,CS,1660.0,0.0007352941176470588,22.06,1 in 1360
league_es,RMA - RSO,HT/FT 2/X,HTFT,48.8,0.025,22.0,1 in 40
league_es,LEV - ALV,CS 3-0,CS,29.6,0.041176470588235294,21.88,1 in 24
league_es,ELC - ATH,HT CS 3-0,HTCS,552.0,0.002207505518763797,21.85,1 in 453
league_es,MAL - ROV,CS 2-4,CS,414.0,0.0029433406916850625,21.85,1 in 339
league_es,ATM - ATH,CS 5-0,CS,184.0,0.006622516556291391,21.85,1 in 151
league_es,RSO - RMA,HT/FT 1/X,HTFT,27.6,0.04415011037527594,21.85,1 in 22
league_es,LEV - CEL,CS 5-1,CS,552.0,0.002207505518763797,21.85,1 in 453
league_es,ROV - MAL,CS 0-5,CS,414.0,0.0029433406916850625,21.85,1 in 339
league_es,RAY - BET,HT CS 3-0,HTCS,184.0,0.006617647058823529,21.76,1 in 151
league_es,SEV - VAL,CS 4-2,CS,138.0,0.008823529411764706,21.76,1 in 113
league_es,VIL - SEV,CS 1-4,CS,331.0,0.003676470588235294,21.69,1 in 272
league_es,SEV - MAL,HT/FT 2/X,HTFT,30.6,0.039735099337748346,21.59,1 in 25
league_es,VIL - ATM,CS 3-3,CS,91.9,0.01322556943423953,21.54,1 in 75
league_es,MAL - ATM,CS 0-4,CS,36.7,0.033112582781456956,21.52,1 in 30
league_es,BAR - GET,HT/FT 2/2,HTFT,25.4,0.047829286239882265,21.49,1 in 20
league_es,ROV - RAY,CS 0-6,CS,1650.0,0.0007358351729212656,21.41,1 in 1359
league_es,SEV - GET,CS 0-5,CS,825.0,0.0014716703458425313,21.41,1 in 679
league_es,LEV - ELC,CS 4-0,CS,75.0,0.016188373804267846,21.41,1 in 61
league_es,OSA - ATH,CS 4-1,CS,165.0,0.007358351729212656,21.41,1 in 135
league_es,RAY - SEV,CS 3-3,CS,127.0,0.009558823529411765,21.4,1 in 104
league_es,RAY - SEV,HT CS 3-0,HTCS,110.0,0.011029411764705883,21.32,1 in 90
league_es,ELC - BET,CS 4-1,CS,165.0,0.007352941176470588,21.32,1 in 136
league_es,ATH - ELC,CS 4-2,CS,78.6,0.015429831006612785,21.28,1 in 64
league_es,RMA - VAL,CS 2-4,CS,412.0,0.0029433406916850625,21.27,1 in 339
league_es,ALV - ESP,CS 3-3,CS,103.0,0.01177336276674025,21.27,1 in 84
league_es,BAR - ELC,HT CS 1-2,HTCS,103.0,0.01177336276674025,21.27,1 in 84
league_es,VIL - ESP,CS 6-0,CS,206.0,0.005886681383370125,21.27,1 in 169
league_es,ALV - ELC,CS 0-3,CS,47.1,0.025735294117647058,21.21,1 in 38
league_es,ESP - OSA,HT CS 3-0,HTCS,183.0,0.006622516556291391,21.19,1 in 151
league_es,BAR - LEV,CS 6-0,CS,71.6,0.01692420897718911,21.18,1 in 59
league_es,BET - GIR,HT/FT 1/2,HTFT,34.3,0.03532008830022075,21.15,1 in 28
league_es,ALV - ATM,HT/FT 2/1,HTFT,45.7,0.026490066225165563,21.06,1 in 37
league_es,OSA - SEV,CS 5-1,CS,823.0,0.0014705882352941176,21.03,1 in 680
league_es,SEV - OSA,CS 2-2,CS,48.4,0.025,21.0,1 in 40
league_es,MAL - ALV,CS 3-3,CS,96.8,0.0125,21.0,1 in 80
league_es,GIR - LEV,CS 4-2,CS,74.8,0.016176470588235296,21.0,1 in 61
league_es,GET - OSA,CS 4-0,CS,86.6,0.013970588235294118,20.99,1 in 71
league_es,LEV - ALV,HT/FT 1/2,HTFT,35.0,0.03455882352941177,20.96,1 in 28
league_es,LEV - ATM,HT CS 0-3,HTCS,31.0,0.03899926416482708,20.9,1 in 25
league_es,BET - RSO,Exact 6,ExactGoals,22.2,0.054451802796173655,20.88,1 in 18
league_es,ESP - BET,CS 1-5,CS,137.0,0.008823529411764706,20.88,1 in 113
league_es,RSO - CEL,HT/FT 2/1,HTFT,38.2,0.03164091243561442,20.87,1 in 31
league_es,ESP - ROV,HT/FT 2/1,HTFT,36.5,0.033112582781456956,20.86,1 in 30
league_es,BAR - ALV,HT/FT 2/X,HTFT,65.7,0.01839587932303164,20.86,1 in 54
league_es,ESP - RMA,HT/FT 2/1,HTFT,43.2,0.027961736571008096,20.79,1 in 35
league_es,SEV - RAY,Over 4.5,OU,10.8,0.11184694628403238,20.79,1 in 8
league_es,ELC - RAY,CS 3-3,CS,91.2,0.013235294117647059,20.71,1 in 75
league_es,RMA - RAY,CS 0-1,CS,41.0,0.029433406916850625,20.68,1 in 33
league_es,BET - VIL,CS 0-6,CS,1640.0,0.0007358351729212656,20.68,1 in 1359
league_es,OSA - LEV,CS 4-2,CS,205.0,0.005886681383370125,20.68,1 in 169
league_es,ALV - RSO,CS 4-2,CS,205.0,0.005886681383370125,20.68,1 in 169
league_es,GIR - MAL,CS 4-1,CS,52.9,0.022810890360559236,20.67,1 in 43
league_es,BET - ATM,HT/FT 2/1,HTFT,32.8,0.03676470588235294,20.59,1 in 27
league_es,VAL - SEV,HT CS 0-3,HTCS,234.0,0.0051508462104488595,20.53,1 in 194
league_es,MAL - GET,HT/FT 1/2,HTFT,36.4,0.033112582781456956,20.53,1 in 30
league_es,ESP - RMA,CS 2-4,CS,54.6,0.02207505518763797,20.53,1 in 45
league_es,SEV - RAY,CS 0-5,CS,819.0,0.0014716703458425313,20.53,1 in 679
league_es,SEV - ROV,HT/FT 2/1,HTFT,46.8,0.025735294117647058,20.44,1 in 38
league_es,BET - VIL,CS 4-2,CS,74.4,0.016188373804267846,20.44,1 in 61
league_es,GET - OSA,HT CS 0-3,HTCS,117.0,0.010294117647058823,20.44,1 in 97
league_es,ATM - RSO,HT/FT 2/1,HTFT,54.6,0.022058823529411766,20.44,1 in 45
league_es,VIL - ESP,CS 5-1,CS,77.9,0.01545253863134658,20.38,1 in 64
league_es,LEV - RSO,CS 3-0,CS,56.4,0.021339220014716703,20.35,1 in 46
league_es,VIL - GET,CS 3-3,CS,109.0,0.011037527593818985,20.31,1 in 90
league_es,ALV - SEV,HT CS 0-3,HTCS,109.0,0.011037527593818985,20.31,1 in 90
league_es,GIR - ALV,HT CS 0-2,HTCS,109.0,0.011037527593818985,20.31,1 in 90
league_es,VIL - RAY,CS 3-3,CS,109.0,0.011037527593818985,20.31,1 in 90
league_es,VIL - BET,HT CS 0-3,HTCS,109.0,0.011037527593818985,20.31,1 in 90
league_es,RSO - BAR,CS 3-2,CS,43.0,0.027961736571008096,20.24,1 in 35
league_es,LEV - ALV,HT CS 2-1,HTCS,20.7,0.05808823529411765,20.24,1 in 17
league_es,SEV - CEL,CS 4-1,CS,96.1,0.012509197939661517,20.21,1 in 79
league_es,LEV - GET,CS 0-4,CS,109.0,0.011021307861866276,20.13,1 in 90
league_es,RAY - OSA,HT CS 3-0,HTCS,85.9,0.013980868285504048,20.1,1 in 71
league_es,BET - VAL,HT/FT 2/1,HTFT,34.0,0.03532008830022075,20.09,1 in 28
league_es,ESP - ATH,CS 1-3,CS,17.0,0.0706401766004415,20.09,1 in 14
league_es,ALV - RSO,CS 0-5,CS,204.0,0.005886681383370125,20.09,1 in 169
league_es,CEL - BET,HT CS 0-3,HTCS,102.0,0.01177336276674025,20.09,1 in 84
league_es,ALV - OSA,HT CS 1-2,HTCS,24.0,0.05003679175864607,20.09,1 in 19
league_es,ROV - BET,CS 2-3,CS,34.0,0.03532008830022075,20.09,1 in 28
league_es,ROV - GET,Exact 6,ExactGoals,71.0,0.016911764705882352,20.07,1 in 59
league_es,ATM - LEV,CS 0-3,CS,233.0,0.0051508462104488595,20.01,1 in 194
league_es,OSA - MAL,CS 5-1,CS,204.0,0.0058823529411764705,20.0,1 in 170
league_es,ELC - RAY,CS 2-4,CS,136.0,0.008823529411764706,20.0,1 in 113
league_es,ELC - OSA,CS 3-3,CS,102.0,0.011764705882352941,20.0,1 in 85
league_es,ELC - OSA,HT CS 2-1,HTCS,24.0,0.05,20.0,1 in 20
league_es,RMA - OSA,CS 3-3,CS,85.8,0.013980868285504048,19.96,1 in 71
league_es,RAY - CEL,CS 5-0,CS,815.0,0.0014716703458425313,19.94,1 in 679
league_es,ATH - RSO,CS 1-5,CS,815.0,0.0014716703458425313,19.94,1 in 679
league_es,ALV - RMA,CS 3-0,CS,163.0,0.007358351729212656,19.94,1 in 135
league_es,SEV - OSA,CS 2-3,CS,233.0,0.005147058823529412,19.93,1 in 194
league_es,OSA - RAY,CS 2-3,CS,233.0,0.005147058823529412,19.93,1 in 194
league_es,ROV - RSO,HT CS 2-1,HTCS,27.6,0.04341427520235467,19.82,1 in 23
league_es,LEV - OSA,CS 4-1,CS,85.7,0.013980868285504048,19.82,1 in 71
league_es,OSA - RSO,CS 4-2,CS,148.0,0.008094186902133923,19.79,1 in 123
league_es,RSO - RAY,HT/FT 2/X,HTFT,29.6,0.04047093451066961,19.79,1 in 24
league_es,ATH - BET,CS 6-0,CS,814.0,0.0014716703458425313,19.79,1 in 679
league_es,RAY - GET,CS 0-4,CS,148.0,0.008094186902133923,19.79,1 in 123
league_es,ALV - VAL,CS 5-1,CS,543.0,0.0022058823529411764,19.78,1 in 453
league_es,ATM - ESP,HT/FT 2/2,HTFT,21.7,0.05518763796909492,19.76,1 in 18
league_es,MAL - RSO,CS 3-3,CS,81.4,0.014705882352941176,19.71,1 in 68
league_es,MAL - GIR,HT CS 3-0,HTCS,65.1,0.01838235294117647,19.67,1 in 54
league_es,CEL - BET,HT/FT 2/1,HTFT,34.6,0.034584253127299486,19.66,1 in 28
league_es,ESP - CEL,CS 2-2,CS,17.3,0.06916850625459897,19.66,1 in 14
league_es,RSO - ATH,HT CS 0-2,HTCS,16.1,0.07431935246504782,19.65,1 in 13
league_es,RAY - GET,Exact 6,ExactGoals,38.7,0.03090507726269316,19.6,1 in 32
league_es,ESP - VIL,CS 2-4,CS,85.6,0.013970588235294118,19.59,1 in 71
league_es,ESP - BAR,CS 4-2,CS,325.0,0.003679175864606328,19.57,1 in 271
league_es,MAL - RSO,CS 4-1,CS,90.3,0.013235294117647059,19.51,1 in 75
league_es,ESP - BET,HT CS 2-1,HTCS,30.1,0.039705882352941174,19.51,1 in 25
league_es,SEV - RAY,Exact 5,ExactGoals,14.9,0.08020603384841796,19.51,1 in 12
league_es,ELC - ALV,CS 2-3,CS,49.2,0.024282560706401765,19.47,1 in 41
league_es,OSA - SEV,Exact 5,ExactGoals,52.4,0.022794117647058822,19.44,1 in 43
league_es,OSA - GIR,CS 1-5,CS,406.0,0.0029411764705882353,19.41,1 in 340
league_es,LEV - VIL,CS 1-5,CS,116.0,0.010294117647058823,19.41,1 in 97
league_es,BAR - OSA,CS 6-0,CS,95.4,0.012509197939661517,19.34,1 in 79
league_es,BET - VIL,CS 1-4,CS,77.2,0.01545253863134658,19.29,1 in 64
league_es,ATM - ESP,CS 0-1,CS,19.3,0.06181015452538632,19.29,1 in 16
league_es,ELC - RMA,CS 3-0,CS,162.0,0.007358351729212656,19.21,1 in 135
league_es,GET - MAL,CS 2-3,CS,52.3,0.022794117647058822,19.21,1 in 43
league_es,RSO - ATM,CS 4-0,CS,162.0,0.007358351729212656,19.21,1 in 135
league_es,MAL - VIL,HT CS 3-0,HTCS,162.0,0.007358351729212656,19.21,1 in 135
league_es,RMA - OSA,HT/FT 2/X,HTFT,60.0,0.019867549668874173,19.21,1 in 50
league_es,RAY - GIR,HT/FT 1/2,HTFT,36.0,0.033112582781456956,19.21,1 in 30
league_es,ATM - GET,HT CS 0-3,HTCS,1620.0,0.0007358351729212656,19.21,1 in 1359
league_es,BAR - MAL,HT/FT 2/1,HTFT,67.5,0.017660044150110375,19.21,1 in 56
league_es,LEV - ATH,CS 0-6,CS,405.0,0.0029433406916850625,19.21,1 in 339
league_es,ROV - VIL,CS 0-5,CS,108.0,0.011037527593818985,19.21,1 in 90
league_es,RAY - ROV,HT/FT X/2,HTFT,9.2,0.12950699043414277,19.15,1 in 7
league_es,ALV - ATH,CS 5-1,CS,1620.0,0.0007352941176470588,19.12,1 in 1360
league_es,GIR - CEL,CS 0-6,CS,1620.0,0.0007352941176470588,19.12,1 in 1360
league_es,BAR - ROV,CS 1-3,CS,180.0,0.006617647058823529,19.12,1 in 151
league_es,RMA - RSO,CS 1-4,CS,405.0,0.0029411764705882353,19.12,1 in 340
league_es,RMA - RAY,HT CS 0-1,HTCS,27.9,0.042678440029433405,19.07,1 in 23
league_es,LEV - VIL,CS 3-3,CS,85.2,0.013970588235294118,19.03,1 in 71
league_es,ATM - ELC,HT CS 1-2,HTCS,101.0,0.01177336276674025,18.91,1 in 84
league_es,ATH - ATM,CS 4-1,CS,101.0,0.01177336276674025,18.91,1 in 84
league_es,BAR - RSO,HT/FT 2/1,HTFT,46.2,0.025735294117647058,18.9,1 in 38
league_es,RSO - ROV,HT/FT 1/2,HTFT,38.5,0.030882352941176472,18.9,1 in 32
league_es,ATH - OSA,CS 3-2,CS,39.4,0.03016924208977189,18.87,1 in 33
league_es,GET - VIL,HT CS 0-3,HTCS,40.4,0.029411764705882353,18.82,1 in 34
league_es,ATM - OSA,CS 4-2,CS,101.0,0.011764705882352941,18.82,1 in 85
league_es,LEV - RAY,HT CS 0-3,HTCS,95.0,0.0125,18.75,1 in 80
league_es,ROV - OSA,HT/FT 1/2,HTFT,36.7,0.03235294117647059,18.74,1 in 30
league_es,VIL - OSA,HT CS 0-3,HTCS,538.0,0.0022058823529411764,18.68,1 in 453
league_es,ESP - BET,Exact 6,ExactGoals,26.9,0.04411764705882353,18.68,1 in 22
league_es,LEV - OSA,CS 5-0,CS,403.0,0.0029433406916850625,18.62,1 in 339
league_es,ATM - VIL,CS 5-1,CS,124.0,0.009565857247976454,18.62,1 in 104
league_es,ATM - MAL,HT/FT 1/2,HTFT,55.6,0.021323529411764706,18.56,1 in 46
league_es,BET - VAL,HT CS 0-3,HTCS,179.0,0.006622516556291391,18.54,1 in 151
league_es,VIL - ELC,CS 0-1,CS,19.9,0.05955882352941176,18.52,1 in 16
league_es,ALV - ROV,HT CS 2-1,HTCS,17.7,0.06696100073583518,18.52,1 in 14
league_es,GIR - ATM,CS 3-0,CS,73.2,0.016188373804267846,18.5,1 in 61
league_es,SEV - BET,HT CS 0-3,HTCS,230.0,0.0051508462104488595,18.47,1 in 194
league_es,ROV - SEV,CS 0-6,CS,1610.0,0.0007358351729212656,18.47,1 in 1359
league_es,BAR - RMA,CS 0-5,CS,322.0,0.003679175864606328,18.47,1 in 271
league_es,ATH - MAL,HT CS 0-2,HTCS,67.0,0.017660044150110375,18.32,1 in 56
league_es,CEL - SEV,CS 0-5,CS,1610.0,0.0007347538574577516,18.3,1 in 1361
league_es,RAY - GIR,HT CS 0-3,HTCS,64.3,0.01839587932303164,18.29,1 in 54
league_es,GET - VAL,CS 3-0,CS,32.8,0.036055923473142015,18.26,1 in 27
league_es,SEV - VAL,CS 4-0,CS,94.6,0.0125,18.25,1 in 80
league_es,BET - RAY,CS 6-0,CS,268.0,0.004411764705882353,18.24,1 in 226
league_es,VAL - BET,CS 5-1,CS,804.0,0.0014705882352941176,18.24,1 in 680
league_es,RSO - ELC,CS 0-4,CS,402.0,0.0029411764705882353,18.24,1 in 340
league_es,RSO - RAY,HT CS 0-2,HTCS,45.9,0.025754231052244298,18.21,1 in 38
league_es,OSA - GIR,CS 4-0,CS,89.3,0.013235294117647059,18.19,1 in 75
league_es,ROV - ATH,CS 2-4,CS,80.3,0.014716703458425313,18.18,1 in 67
league_es,CEL - VIL,CS 4-1,CS,80.3,0.014716703458425313,18.18,1 in 67
league_es,LEV - ELC,HT CS 1-2,HTCS,25.9,0.04562178072111847,18.16,1 in 21
league_es,ATM - VIL,HT CS 1-2,HTCS,44.6,0.026490066225165563,18.15,1 in 37
league_es,VIL - ALV,CS 3-3,CS,107.0,0.011037527593818985,18.1,1 in 90
league_es,LEV - GET,HT CS 0-3,HTCS,89.3,0.01322556943423953,18.1,1 in 75
league_es,ATH - BAR,CS 5-0,CS,535.0,0.002207505518763797,18.1,1 in 453
league_es,BET - LEV,CS 2-4,CS,321.0,0.003679175864606328,18.1,1 in 271
league_es,GIR - GET,CS 3-3,CS,107.0,0.011037527593818985,18.1,1 in 90
league_es,LEV - BET,CS 0-4,CS,43.4,0.027205882352941177,18.07,1 in 36
league_es,GIR - ELC,HT CS 0-2,HTCS,38.2,0.03090507726269316,18.06,1 in 32
league_es,ELC - RSO,Exact 6,ExactGoals,26.3,0.044885945548197206,18.05,1 in 22
league_es,RSO - ESP,HT CS 0-3,HTCS,401.0,0.0029433406916850625,18.03,1 in 339
league_es,LEV - ALV,CS 0-5,CS,535.0,0.0022058823529411764,18.01,1 in 453
league_es,ATH - ELC,HT CS 0-2,HTCS,89.2,0.01322556943423953,17.97,1 in 75
league_es,ESP - GET,CS 1-5,CS,401.0,0.0029411764705882353,17.94,1 in 340
league_es,ATM - RMA,HT CS 0-3,HTCS,55.3,0.021323529411764706,17.92,1 in 46
league_es,VAL - RMA,CS 0-5,CS,76.3,0.01545253863134658,17.9,1 in 64
league_es,RAY - VIL,CS 0-4,CS,44.5,0.026490066225165563,17.88,1 in 37
league_es,VIL - GET,CS 6-0,CS,267.0,0.004415011037527594,17.88,1 in 226
league_es,GIR - ATH,HT CS 2-0,HTCS,20.8,0.05665930831493746,17.85,1 in 17
league_es,ATM - ALV,CS 6-0,CS,178.0,0.006617647058823529,17.79,1 in 151
league_es,RSO - VIL,CS 0-6,CS,1600.0,0.0007358351729212656,17.73,1 in 1359
league_es,ROV - ELC,CS 2-4,CS,160.0,0.007358351729212656,17.73,1 in 135
league_es,GIR - SEV,CS 1-4,CS,160.0,0.007358351729212656,17.73,1 in 135
league_es,ROV - CEL,CS 3-2,CS,55.2,0.021323529411764706,17.71,1 in 46
league_es,RSO - BET,HT/FT 1/2,HTFT,30.2,0.03897058823529412,17.69,1 in 25
league_es,ALV - VIL,CS 3-3,CS,88.9,0.013235294117647059,17.66,1 in 75
league_es,VAL - RAY,HT/FT 2/1,HTFT,41.0,0.02869757174392936,17.66,1 in 34
league_es,GET - ALV,CS 2-4,CS,200.0,0.0058823529411764705,17.65,1 in 170
league_es,LEV - BET,CS 4-2,CS,200.0,0.0058823529411764705,17.65,1 in 170
league_es,RSO - ELC,CS 0-3,CS,100.0,0.011764705882352941,17.65,1 in 85
league_es,OSA - VAL,Exact 6,ExactGoals,33.3,0.03532008830022075,17.62,1 in 28
league_es,ATH - GIR,HT/FT 2/X,HTFT,33.3,0.03529411764705882,17.53,1 in 28
league_es,ATM - VAL,CS 1-2,CS,24.2,0.04856512141280353,17.53,1 in 20
league_es,ELC - RMA,HT CS 2-1,HTCS,49.9,0.0235467255334805,17.5,1 in 42
league_es,GIR - BET,CS 4-1,CS,99.8,0.01177336276674025,17.5,1 in 84
league_es,BAR - MAL,CS 4-2,CS,51.5,0.022810890360559236,17.48,1 in 43
league_es,RSO - ATM,CS 0-5,CS,266.0,0.004415011037527594,17.44,1 in 226
league_es,RSO - ATM,CS 2-4,CS,114.0,0.010301692420897719,17.44,1 in 97
league_es,ALV - LEV,HT CS 0-3,HTCS,133.0,0.008830022075055188,17.44,1 in 113
league_es,VIL - BAR,CS 5-1,CS,399.0,0.0029433406916850625,17.44,1 in 339
league_es,RMA - MAL,CS 0-2,CS,84.0,0.013980868285504048,17.44,1 in 71
league_es,RAY - ALV,CS 4-1,CS,76.0,0.01545253863134658,17.44,1 in 64
league_es,RAY - ALV,CS 4-2,CS,133.0,0.008830022075055188,17.44,1 in 113
league_es,GIR - BAR,CS 3-1,CS,42.0,0.027961736571008096,17.44,1 in 35
league_es,BET - CEL,CS 3-3,CS,72.5,0.016188373804267846,17.37,1 in 61
league_es,ALV - RAY,CS 5-1,CS,319.0,0.003679175864606328,17.37,1 in 271
league_es,RSO - ATH,CS 2-4,CS,145.0,0.008094186902133923,17.37,1 in 123
league_es,RSO - OSA,CS 3-3,CS,114.0,0.010294117647058823,17.35,1 in 97
league_es,RSO - GET,CS 3-1,CS,16.1,0.0728476821192053,17.28,1 in 13
league_es,ATH - LEV,CS 3-3,CS,145.0,0.008088235294117648,17.28,1 in 123
league_es,ESP - VAL,HT/FT 1/X,HTFT,20.7,0.05665930831493746,17.28,1 in 17
league_es,GIR - SEV,CS 2-2,CS,17.9,0.06548933038999265,17.23,1 in 15
league_es,ATH - SEV,CS 0-2,CS,36.2,0.03237674760853569,17.2,1 in 30
league_es,BET - RSO,CS 5-0,CS,199.0,0.005886681383370125,17.14,1 in 169
league_es,MAL - ROV,CS 4-1,CS,75.8,0.01545253863134658,17.13,1 in 64
league_es,VAL - MAL,CS 4-1,CS,75.8,0.01545253863134658,17.13,1 in 64
league_es,LEV - BET,HT/FT 2/1,HTFT,35.4,0.03308823529411765,17.13,1 in 30
league_es,OSA - VIL,HT/FT 2/1,HTFT,34.6,0.03384841795437822,17.12,1 in 29
league_es,ATH - RMA,HT CS 0-3,HTCS,199.0,0.0058823529411764705,17.06,1 in 170
league_es,ESP - ALV,CS 4-1,CS,79.6,0.014705882352941176,17.06,1 in 68
league_es,CEL - BET,CS 3-2,CS,38.8,0.03016924208977189,17.06,1 in 33
league_es,MAL - GET,HT CS 1-2,HTCS,27.9,0.04194260485651214,17.02,1 in 23
league_es,BET - GIR,CS 2-3,CS,51.3,0.022810890360559236,17.02,1 in 43
league_es,SEV - ELC,CS 4-1,CS,51.3,0.022794117647058822,16.93,1 in 43
league_es,MAL - CEL,CS 1-4,CS,83.6,0.013980868285504048,16.88,1 in 71
league_es,BAR - OSA,CS 5-0,CS,36.1,0.03237674760853569,16.88,1 in 30
league_es,ALV - RMA,HT CS 3-0,HTCS,794.0,0.0014716703458425313,16.85,1 in 679
league_es,ATH - ESP,CS 2-4,CS,530.0,0.002204261572373255,16.83,1 in 453
league_es,ESP - ROV,Exact 6,ExactGoals,32.4,0.036055923473142015,16.82,1 in 27
league_es,RMA - LEV,CS 2-3,CS,88.2,0.013245033112582781,16.82,1 in 75
league_es,ELC - MAL,HT/FT 2/1,HTFT,32.4,0.036055923473142015,16.82,1 in 27
league_es,RSO - MAL,CS 3-3,CS,88.2,0.013245033112582781,16.82,1 in 75
league_es,MAL - RAY,CS 4-1,CS,63.5,0.01839587932303164,16.81,1 in 54
league_es,ALV - GET,CS 3-0,CS,31.1,0.037527593818984545,16.71,1 in 26
league_es,ESP - ATM,HT CS 3-0,HTCS,793.0,0.0014716703458425313,16.7,1 in 679
league_es,ESP - ROV,Over 4.5,OU,10.1,0.11552612214863871,16.68,1 in 8
league_es,LEV - GIR,CS 0-4,CS,75.5,0.01545253863134658,16.67,1 in 64
league_es,SEV - GIR,CS 1-3,CS,31.7,0.03679175864606328,16.63,1 in 27
league_es,GIR - RMA,Exact 0,ExactGoals,15.7,0.07426470588235294,16.6,1 in 13
league_es,GIR - RMA,CS 0-0,CS,15.7,0.07426470588235294,16.6,1 in 13
league_es,ATM - LEV,CS 4-2,CS,83.4,0.013980868285504048,16.6,1 in 71
league_es,ATM - ROV,Exact 5,ExactGoals,11.4,0.10228108903605593,16.6,1 in 9
league_es,LEV - RMA,CS 3-3,CS,93.2,0.012509197939661517,16.59,1 in 79
league_es,RMA - VIL,CS 0-3,CS,144.0,0.008094186902133923,16.56,1 in 123
league_es,LEV - ESP,CS 4-2,CS,132.0,0.008830022075055188,16.56,1 in 113
league_es,VIL - ATH,CS 1-5,CS,396.0,0.0029433406916850625,16.56,1 in 339
league_es,ESP - RSO,HT/FT 2/1,HTFT,36.0,0.03237674760853569,16.56,1 in 30
league_es,ATH - GIR,HT CS 0-2,HTCS,58.7,0.019852941176470587,16.54,1 in 50
league_es,MAL - RSO,CS 4-2,CS,132.0,0.008823529411764706,16.47,1 in 113
league_es,OSA - RMA,CS 3-0,CS,144.0,0.008088235294117648,16.47,1 in 123
league_es,BAR - SEV,CS 1-3,CS,113.0,0.010301692420897719,16.41,1 in 97
league_es,VIL - ROV,CS 4-2,CS,56.5,0.020603384841795438,16.41,1 in 48
league_es,LEV - CEL,CS 0-5,CS,226.0,0.0051508462104488595,16.41,1 in 194
league_es,ATM - SEV,CS 6-0,CS,226.0,0.0051508462104488595,16.41,1 in 194
league_es,ALV - BET,CS 4-0,CS,226.0,0.0051508462104488595,16.41,1 in 194
league_es,CEL - BET,CS 4-1,CS,71.9,0.016188373804267846,16.39,1 in 61
league_es,ATM - BAR,CS 1-4,CS,71.9,0.016188373804267846,16.39,1 in 61
league_es,VAL - RSO,HT/FT 1/2,HTFT,32.3,0.03602941176470588,16.37,1 in 27
league_es,ATM - OSA,CS 5-0,CS,63.3,0.01838235294117647,16.36,1 in 54
league_es,LEV - BAR,CS 2-4,CS,58.6,0.019852941176470587,16.34,1 in 50
league_es,ATH - GIR,CS 2-3,CS,79.1,0.014705882352941176,16.32,1 in 68
league_es,OSA - RAY,HT CS 0-2,HTCS,75.3,0.015441176470588236,16.27,1 in 64
league_es,BET - CEL,HT CS 0-3,HTCS,158.0,0.007358351729212656,16.26,1 in 135
league_es,VAL - ALV,CS 0-4,CS,316.0,0.003679175864606328,16.26,1 in 271
league_es,OSA - VAL,CS 6-0,CS,1580.0,0.0007358351729212656,16.26,1 in 1359
league_es,GIR - ALV,Over 4.5,OU,42.7,0.027225901398086828,16.25,1 in 36
league_es,LEV - GET,CS 2-3,CS,45.2,0.025716385011021307,16.24,1 in 38
league_es,RSO - BAR,CS 3-1,CS,35.9,0.03237674760853569,16.23,1 in 30
league_es,VAL - CEL,HT/FT 1/2,HTFT,35.9,0.03237674760853569,16.23,1 in 30
league_es,MAL - SEV,CS 4-1,CS,79.0,0.014705882352941176,16.18,1 in 68
league_es,BAR - GIR,CS 2-4,CS,395.0,0.0029411764705882353,16.18,1 in 340
league_es,BET - MAL,CS 4-2,CS,68.7,0.016911764705882352,16.18,1 in 59
league_es,OSA - SEV,Over 4.5,OU,42.7,0.027205882352941177,16.17,1 in 36
league_es,BET - VAL,CS 0-3,CS,60.7,0.01913171449595291,16.13,1 in 52
league_es,GIR - RSO,CS 3-0,CS,33.6,0.03455882352941177,16.12,1 in 28
league_es,RSO - CEL,CS 5-1,CS,263.0,0.004415011037527594,16.11,1 in 226
league_es,VIL - ATM,CS 0-5,CS,395.0,0.0029390154298310064,16.09,1 in 340
league_es,RMA - RSO,HT CS 1-2,HTCS,60.7,0.01911764705882353,16.04,1 in 52
league_es,SEV - LEV,HT CS 1-2,HTCS,41.5,0.027961736571008096,16.04,1 in 35
league_es,MAL - GIR,CS 5-1,CS,263.0,0.004411764705882353,16.03,1 in 226
league_es,MAL - ALV,CS 5-0,CS,263.0,0.004411764705882353,16.03,1 in 226
league_es,OSA - ROV,CS 3-3,CS,98.5,0.01177336276674025,15.97,1 in 84
league_es,ATM - SEV,HT CS 1-2,HTCS,98.5,0.01177336276674025,15.97,1 in 84
league_es,MAL - LEV,HT CS 2-1,HTCS,15.3,0.07579102281089035,15.96,1 in 13
league_es,OSA - CEL,CS 1-3,CS,29.2,0.039705882352941174,15.94,1 in 25
league_es,RMA - RSO,HT/FT 2/1,HTFT,58.4,0.019852941176470587,15.94,1 in 50
league_es,ALV - ROV,CS 4-0,CS,68.5,0.01692420897718911,15.93,1 in 59
league_es,ELC - ALV,CS 5-1,CS,315.0,0.003679175864606328,15.89,1 in 271
league_es,ESP - RMA,CS 3-2,CS,75.0,0.01545253863134658,15.89,1 in 64
league_es,LEV - ATH,CS 3-0,CS,105.0,0.011037527593818985,15.89,1 in 90
league_es,VAL - CEL,CS 2-4,CS,175.0,0.006622516556291391,15.89,1 in 151
league_es,BET - OSA,HT CS 0-3,HTCS,394.0,0.0029411764705882353,15.88,1 in 340
league_es,ESP - ROV,CS 3-3,CS,98.4,0.01177336276674025,15.85,1 in 84
league_es,ATM - LEV,Over 4.5,OU,8.51,0.13612950699043413,15.85,1 in 7
league_es,ATM - RAY,CS 4-0,CS,22.5,0.051470588235294115,15.81,1 in 19
league_es,ATM - CEL,CS 1-3,CS,105.0,0.011029411764705883,15.81,1 in 90
league_es,RAY - RMA,HT/FT 2/1,HTFT,45.0,0.025735294117647058,15.81,1 in 38
league_es,ELC - ATM,CS 0-5,CS,87.5,0.013235294117647059,15.81,1 in 75
league_es,OSA - GET,HT/FT 2/1,HTFT,37.5,0.030882352941176472,15.81,1 in 32
league_es,ATH - RAY,CS 3-3,CS,143.0,0.008094186902133923,15.75,1 in 123
league_es,GIR - ELC,CS 5-0,CS,121.0,0.009565857247976454,15.75,1 in 104
league_es,MAL - BET,HT/FT 1/2,HTFT,71.5,0.016188373804267846,15.75,1 in 61
league_es,RMA - MAL,HT CS 0-2,HTCS,143.0,0.008094186902133923,15.75,1 in 123
league_es,SEV - RAY,CS 4-2,CS,121.0,0.009565857247976454,15.75,1 in 104
league_es,MAL - OSA,CS 0-4,CS,143.0,0.008094186902133923,15.75,1 in 123
league_es,LEV - GET,CS 4-0,CS,105.0,0.011021307861866276,15.72,1 in 90
league_es,RMA - ELC,CS 1-2,CS,36.6,0.03161764705882353,15.72,1 in 31
league_es,OSA - SEV,CS 3-2,CS,143.0,0.008088235294117648,15.66,1 in 123
league_es,LEV - VIL,CS 0-5,CS,121.0,0.009558823529411765,15.66,1 in 104
league_es,ALV - GET,CS 3-2,CS,44.9,0.025754231052244298,15.64,1 in 38
league_es,ATM - RAY,CS 2-3,CS,131.0,0.008823529411764706,15.59,1 in 113
league_es,OSA - SEV,CS 2-3,CS,262.0,0.004411764705882353,15.59,1 in 226
league_es,MAL - VIL,HT/FT 1/2,HTFT,35.7,0.03237674760853569,15.58,1 in 30
league_es,GIR - ALV,HT/FT 1/2,HTFT,71.4,0.016188373804267846,15.58,1 in 61
league_es,ELC - RSO,HT CS 0-3,HTCS,34.9,0.033112582781456956,15.56,1 in 30
league_es,ATH - ESP,HT/FT 2/X,HTFT,42.5,0.02718589272593681,15.54,1 in 36
league_es,RMA - ALV,HT CS 1-2,HTCS,82.7,0.013970588235294118,15.54,1 in 71
league_es,OSA - RSO,CS 0-6,CS,1570.0,0.0007358351729212656,15.53,1 in 1359
league_es,MAL - BET,CS 4-2,CS,1570.0,0.0007358351729212656,15.53,1 in 1359
league_es,MAL - GET,CS 5-0,CS,314.0,0.003679175864606328,15.53,1 in 271
league_es,CEL - GET,CS 5-1,CS,157.0,0.007358351729212656,15.53,1 in 135
league_es,VIL - ATM,HT/FT 1/2,HTFT,35.7,0.03232916972814107,15.42,1 in 30
league_es,LEV - RSO,CS 1-4,CS,50.6,0.022810890360559236,15.42,1 in 43
league_es,LEV - SEV,CS 1-5,CS,392.0,0.0029433406916850625,15.38,1 in 339
league_es,RMA - VAL,Exact 6,ExactGoals,14.0,0.08241353936718175,15.38,1 in 12
league_es,VAL - OSA,CS 0-4,CS,224.0,0.0051508462104488595,15.38,1 in 194
league_es,RSO - ESP,CS 0-4,CS,392.0,0.0029433406916850625,15.38,1 in 339
league_es,RSO - CEL,CS 2-4,CS,196.0,0.005886681383370125,15.38,1 in 169
league_es,ESP - OSA,CS 3-3,CS,224.0,0.0051508462104488595,15.38,1 in 194
league_es,GET - RAY,CS 1-5,CS,523.0,0.0022058823529411764,15.37,1 in 453
league_es,ATH - VAL,Exact 0,ExactGoals,10.6,0.10882352941176471,15.35,1 in 9
league_es,ATH - VAL,CS 0-0,CS,10.6,0.10882352941176471,15.35,1 in 9
league_es,VIL - SEV,CS 2-4,CS,392.0,0.0029411764705882353,15.29,1 in 340
league_es,CEL - VAL,CS 4-2,CS,112.0,0.010294117647058823,15.29,1 in 97
league_es,VIL - RSO,HT CS 0-2,HTCS,27.5,0.04191176470588235,15.26,1 in 23
league_es,OSA - ESP,CS 3-2,CS,78.3,0.014716703458425313,15.23,1 in 67
league_es,ALV - ROV,CS 0-4,CS,174.0,0.006622516556291391,15.23,1 in 151
league_es,ALV - BET,Exact 6,ExactGoals,27.0,0.042678440029433405,15.23,1 in 23
league_es,CEL - MAL,CS 1-4,CS,224.0,0.005143277002204262,15.21,1 in 194
league_es,GIR - RAY,CS 2-4,CS,224.0,0.005143277002204262,15.21,1 in 194
league_es,BAR - VIL,HT/FT 2/X,HTFT,35.6,0.03235294117647059,15.18,1 in 30
league_es,RSO - ALV,CS 4-1,CS,36.4,0.03164091243561442,15.17,1 in 31
league_es,RAY - ALV,CS 1-3,CS,33.3,0.034584253127299486,15.17,1 in 28
league_es,ALV - RMA,HT/FT 2/1,HTFT,44.7,0.025754231052244298,15.12,1 in 38
league_es,RMA - BET,CS 0-2,CS,50.5,0.022794117647058822,15.11,1 in 43
league_es,SEV - RMA,HT/FT 1/2,HTFT,47.4,0.024282560706401765,15.1,1 in 41
league_es,ATH - MAL,CS 2-4,CS,391.0,0.0029433406916850625,15.08,1 in 339
league_es,RSO - ESP,Exact 5,ExactGoals,11.5,0.10007358351729213,15.08,1 in 9
league_es,RAY - GIR,Exact 6,ExactGoals,34.0,0.03384841795437822,15.08,1 in 29
league_es,ESP - BET,CS 2-3,CS,33.3,0.03455882352941177,15.08,1 in 28
league_es,BET - SEV,CS 4-1,CS,40.1,0.02869757174392936,15.08,1 in 34
league_es,ELC - VAL,HT/FT 2/1,HTFT,34.0,0.03384841795437822,15.08,1 in 29
league_es,VAL - ESP,HT/FT 1/X,HTFT,14.1,0.08161764705882353,15.08,1 in 12
league_es,CEL - GET,HT/FT 2/1,HTFT,46.0,0.025018395879323033,15.08,1 in 39
league_es,ATM - LEV,CS 4-1,CS,29.5,0.03899926416482708,15.05,1 in 25
league_es,BAR - RSO,HT/FT 2/X,HTFT,39.1,0.029411764705882353,15.0,1 in 34
league_es,RAY - VIL,HT/FT X/1,HTFT,10.7,0.10743193524650478,14.95,1 in 9
league_es,MAL - LEV,CS 6-0,CS,781.0,0.0014716703458425313,14.94,1 in 679
league_es,GIR - ESP,CS 6-0,CS,521.0,0.0022058823529411764,14.93,1 in 453
league_es,ALV - LEV,HT CS 1-2,HTCS,25.6,0.044885945548197206,14.91,1 in 22
league_es,VIL - ATH,CS 2-0,CS,12.2,0.094186902133922,14.91,1 in 10
league_es,SEV - VIL,CS 1-4,CS,60.1,0.01911764705882353,14.9,1 in 52
league_es,SEV - OSA,HT CS 2-1,HTCS,74.4,0.015441176470588236,14.88,1 in 64
league_es,VAL - RSO,CS 3-3,CS,86.8,0.013235294117647059,14.88,1 in 75
league_es,VAL - RAY,Over 4.5,OU,12.1,0.09492273730684327,14.86,1 in 10
league_es,ALV - OSA,HT/FT 2/1,HTFT,36.3,0.03164091243561442,14.86,1 in 31
league_es,ROV - MAL,HT/FT 2/1,HTFT,36.3,0.03164091243561442,14.86,1 in 31
league_es,ESP - GET,HT/FT 1/2,HTFT,35.5,0.03235294117647059,14.85,1 in 30
league_es,ELC - LEV,CS 0-3,CS,42.2,0.027205882352941177,14.81,1 in 36
league_es,GIR - RAY,CS 3-2,CS,37.2,0.03085966201322557,14.8,1 in 32
league_es,GIR - BET,HT/FT 2/1,HTFT,32.5,0.03532008830022075,14.79,1 in 28
league_es,OSA - ELC,CS 3-3,CS,104.0,0.011037527593818985,14.79,1 in 90
league_es,SEV - ESP,CS 3-3,CS,104.0,0.011037527593818985,14.79,1 in 90
league_es,LEV - ATH,CS 1-5,CS,130.0,0.008830022075055188,14.79,1 in 113
league_es,LEV - OSA,HT CS 0-3,HTCS,104.0,0.011037527593818985,14.79,1 in 90
league_es,ATM - LEV,Exact 5,ExactGoals,12.0,0.09565857247976453,14.79,1 in 10
league_es,RSO - RMA,CS 4-2,CS,195.0,0.005886681383370125,14.79,1 in 169
league_es,VIL - ESP,CS 2-4,CS,390.0,0.0029433406916850625,14.79,1 in 339
league_es,MAL - VAL,CS 2-4,CS,120.0,0.009565857247976454,14.79,1 in 104
league_es,CEL - MAL,CS 2-3,CS,71.0,0.016164584864070537,14.77,1 in 61
league_es,ESP - ELC,HT CS 3-0,HTCS,55.7,0.020603384841795438,14.76,1 in 48
league_es,RSO - LEV,HT CS 0-2,HTCS,45.9,0.025,14.75,1 in 40
league_es,RSO - RAY,CS 3-2,CS,33.9,0.03384841795437822,14.75,1 in 29
league_es,BAR - ATM,HT/FT X/2,HTFT,10.2,0.1125,14.75,1 in 8
league_es,BET - BAR,HT/FT 2/1,HTFT,28.9,0.039705882352941174,14.75,1 in 25
league_es,OSA - ATM,CS 0-5,CS,130.0,0.008823529411764706,14.71,1 in 113
league_es,RAY - SEV,HT CS 0-3,HTCS,104.0,0.011029411764705883,14.71,1 in 90
league_es,VAL - ROV,CS 5-0,CS,104.0,0.011029411764705883,14.71,1 in 90
league_es,MAL - ATH,CS 2-4,CS,104.0,0.011029411764705883,14.71,1 in 90
league_es,ALV - VIL,HT CS 3-0,HTCS,260.0,0.004411764705882353,14.71,1 in 226
league_es,ESP - RAY,CS 2-3,CS,48.7,0.0235467255334805,14.67,1 in 42
league_es,GIR - RMA,HT CS 2-1,HTCS,33.9,0.033823529411764704,14.66,1 in 29
league_es,MAL - GET,CS 2-3,CS,53.7,0.021339220014716703,14.59,1 in 46
league_es,MAL - GIR,Exact 6,ExactGoals,29.4,0.03897058823529412,14.57,1 in 25
league_es,RAY - LEV,CS 1-5,CS,519.0,0.002207505518763797,14.57,1 in 453
league_es,VAL - ESP,HT CS 1-2,HTCS,41.0,0.027941176470588237,14.56,1 in 35
league_es,GET - MAL,HT/FT 1/2,HTFT,35.4,0.03235294117647059,14.53,1 in 30
league_es,BET - ALV,CS 4-2,CS,64.9,0.01764705882352941,14.53,1 in 56
league_es,OSA - VAL,CS 4-1,CS,81.9,0.013980868285504048,14.5,1 in 71
league_es,ATH - VIL,HT CS 0-3,HTCS,173.0,0.006617647058823529,14.49,1 in 151
league_es,RSO - BAR,HT/FT 2/1,HTFT,30.5,0.037527593818984545,14.46,1 in 26
league_es,SEV - RMA,CS 4-1,CS,311.0,0.003679175864606328,14.42,1 in 271
league_es,ROV - ATM,CS 2-0,CS,38.9,0.029411764705882353,14.41,1 in 34
league_es,BAR - RMA,HT/FT X/2,HTFT,9.31,0.12288447387785136,14.41,1 in 8
league_es,OSA - CEL,CS 4-1,CS,91.5,0.0125,14.38,1 in 80
league_es,RMA - ATM,CS 0-3,CS,81.8,0.013980868285504048,14.36,1 in 71
league_es,BET - VIL,CS 6-0,CS,777.0,0.0014716703458425313,14.35,1 in 679
league_es,CEL - ELC,CS 5-0,CS,111.0,0.010301692420897719,14.35,1 in 97
league_es,OSA - ELC,HT/FT 2/1,HTFT,37.9,0.03016924208977189,14.34,1 in 33
league_es,ATM - CEL,CS 6-0,CS,311.0,0.003676470588235294,14.34,1 in 272
league_es,ELC - BET,HT CS 2-1,HTCS,29.9,0.03823529411764706,14.32,1 in 26
league_es,GIR - ROV,HT/FT 1/2,HTFT,37.0,0.030882352941176472,14.26,1 in 32
league_es,VAL - LEV,CS 4-0,CS,37.9,0.030147058823529412,14.26,1 in 33
league_es,OSA - RAY,CS 1-3,CS,111.0,0.010294117647058823,14.26,1 in 97
league_es,BAR - VIL,CS 0-4,CS,518.0,0.0022058823529411764,14.26,1 in 453
league_es,ALV - LEV,HT/FT 2/X,HTFT,19.9,0.05739514348785872,14.22,1 in 17
league_es,ELC - MAL,CS 4-1,CS,81.7,0.013980868285504048,14.22,1 in 71
league_es,VAL - GIR,CS 2-3,CS,86.2,0.013245033112582781,14.17,1 in 75
league_es,BET - SEV,HT CS 1-2,HTCS,43.1,0.026490066225165563,14.17,1 in 37
league_es,ATM - BET,HT CS 1-2,HTCS,55.4,0.020603384841795438,14.14,1 in 48
league_es,RAY - CEL,CS 4-1,CS,141.0,0.008094186902133923,14.13,1 in 123
league_es,VAL - BAR,CS 4-1,CS,141.0,0.008094186902133923,14.13,1 in 123
league_es,ATM - RAY,CS 6-0,CS,194.0,0.0058823529411764705,14.12,1 in 170
league_es,BET - VIL,Exact 6,ExactGoals,20.4,0.05592347314201619,14.08,1 in 17
league_es,RAY - GIR,CS 0-3,CS,27.2,0.04194260485651214,14.08,1 in 23
league_es,BAR - ELC,CS 0-2,CS,96.9,0.01177336276674025,14.08,1 in 84
league_es,VIL - RMA,Exact 0,ExactGoals,14.5,0.07867647058823529,14.08,1 in 12
league_es,VIL - RMA,CS 0-0,CS,14.5,0.07867647058823529,14.08,1 in 12
league_es,GET - GIR,HT/FT 1/2,HTFT,33.7,0.03384841795437822,14.07,1 in 29
league_es,VAL - SEV,HT CS 3-0,HTCS,50.0,0.022810890360559236,14.05,1 in 43
league_es,GET - SEV,CS 6-0,CS,1550.0,0.0007358351729212656,14.05,1 in 1359
league_es,OSA - CEL,Over 4.5,OU,11.0,0.1036764705882353,14.04,1 in 9
league_es,BET - LEV,Exact 5,ExactGoals,10.4,0.10963944076526858,14.03,1 in 9
league_es,ALV - CEL,HT/FT 2/X,HTFT,15.5,0.07352941176470588,13.97,1 in 13
league_es,ATM - BAR,CS 0-4,CS,96.8,0.01177336276674025,13.97,1 in 84
league_es,SEV - RMA,CS 3-0,CS,129.0,0.008830022075055188,13.91,1 in 113
league_es,VAL - SEV,CS 2-3,CS,64.5,0.017660044150110375,13.91,1 in 56
league_es,RAY - ELC,CS 0-4,CS,172.0,0.006622516556291391,13.91,1 in 151
league_es,ROV - BAR,CS 4-1,CS,774.0,0.0014716703458425313,13.91,1 in 679
league_es,RMA - CEL,CS 0-2,CS,73.7,0.01545253863134658,13.89,1 in 64
league_es,RAY - ATH,CS 5-0,CS,1550.0,0.0007347538574577516,13.89,1 in 1361
league_es,OSA - RMA,CS 2-2,CS,17.4,0.06544117647058824,13.87,1 in 15
league_es,BAR - RAY,HT/FT 2/X,HTFT,61.9,0.01839587932303164,13.87,1 in 54
league_es,VAL - BET,HT/FT 2/X,HTFT,19.6,0.05808823529411765,13.85,1 in 17
league_es,RAY - GIR,CS 1-3,CS,23.8,0.047829286239882265,13.83,1 in 20
league_es,LEV - ELC,CS 2-3,CS,49.9,0.022810890360559236,13.83,1 in 43
league_es,OSA - VAL,CS 0-4,CS,119.0,0.009565857247976454,13.83,1 in 104
league_es,ATM - OSA,CS 1-3,CS,129.0,0.008823529411764706,13.82,1 in 113
league_es,ATM - RMA,CS 0-3,CS,29.2,0.03897058823529412,13.79,1 in 25
league_es,ALV - ATM,Exact 6,ExactGoals,32.9,0.034584253127299486,13.78,1 in 28
league_es,CEL - ESP,CS 5-0,CS,119.0,0.009558823529411765,13.75,1 in 104
league_es,BAR - SEV,HT/FT 1/X,HTFT,13.8,0.08241353936718175,13.73,1 in 12
league_es,ATH - ATM,CS 1-4,CS,96.6,0.01177336276674025,13.73,1 in 84
league_es,SEV - CEL,CS 2-3,CS,55.2,0.020603384841795438,13.73,1 in 48
league_es,VIL - BAR,CS 3-1,CS,30.9,0.03679175864606328,13.69,1 in 27
league_es,ROV - ATH,Exact 6,ExactGoals,27.1,0.04194260485651214,13.66,1 in 23
league_es,SEV - ELC,HT/FT 2/X,HTFT,26.2,0.04338235294117647,13.66,1 in 23
league_es,GET - OSA,HT CS 3-0,HTCS,67.2,0.016911764705882352,13.65,1 in 59
league_es,GET - VIL,HT/FT 1/2,HTFT,37.7,0.030147058823529412,13.65,1 in 33
league_es,VAL - ATH,CS 3-2,CS,57.2,0.019867549668874173,13.64,1 in 50
league_es,GIR - BET,CS 3-2,CS,42.9,0.026490066225165563,13.64,1 in 37
league_es,BET - RSO,CS 3-2,CS,29.7,0.03826342899190582,13.64,1 in 26
league_es,RMA - MAL,CS 3-3,CS,85.8,0.013245033112582781,13.64,1 in 75
league_es,GET - LEV,Over 3.5,OU,13.2,0.08609271523178808,13.64,1 in 11
league_es,RAY - ALV,CS 4-0,CS,85.8,0.013245033112582781,13.64,1 in 75
league_es,GIR - GET,CS 5-1,CS,193.0,0.005886681383370125,13.61,1 in 169
league_es,VAL - RAY,CS 5-0,CS,193.0,0.005886681383370125,13.61,1 in 169
league_es,GET - ATM,HT CS 3-0,HTCS,772.0,0.0014716703458425313,13.61,1 in 679
league_es,ALV - MAL,HT CS 0-2,HTCS,16.6,0.0684326710816777,13.6,1 in 14
league_es,LEV - GIR,HT/FT 1/2,HTFT,35.9,0.03164091243561442,13.59,1 in 31
league_es,ELC - MAL,CS 1-2,CS,10.5,0.10816777041942605,13.58,1 in 9
league_es,RSO - MAL,Exact 6,ExactGoals,24.5,0.046357615894039736,13.58,1 in 21
league_es,VIL - ESP,HT/FT 1/2,HTFT,45.4,0.025018395879323033,13.58,1 in 39
league_es,VAL - ATH,CS 1-4,CS,67.1,0.01692420897718911,13.56,1 in 59
league_es,ESP - MAL,CS 1-4,CS,85.8,0.013235294117647059,13.56,1 in 75
league_es,GET - VIL,CS 3-0,CS,59.4,0.01911764705882353,13.56,1 in 52
league_es,GET - ATM,Exact 6,ExactGoals,41.7,0.027225901398086828,13.53,1 in 36
league_es,OSA - VIL,CS 0-4,CS,61.7,0.01839587932303164,13.5,1 in 54
league_es,ATM - BET,CS 4-0,CS,29.1,0.03899926416482708,13.49,1 in 25
league_es,VIL - CEL,HT CS 0-3,HTCS,257.0,0.004415011037527594,13.47,1 in 226
league_es,GIR - ALV,CS 5-0,CS,514.0,0.002207505518763797,13.47,1 in 453
league_es,LEV - ROV,CS 1-5,CS,514.0,0.002207505518763797,13.47,1 in 453
league_es,CEL - ATH,CS 0-5,CS,514.0,0.002207505518763797,13.47,1 in 453
league_es,ATM - GIR,CS 1-3,CS,90.7,0.012509197939661517,13.46,1 in 79
league_es,LEV - ATH,Exact 6,ExactGoals,32.8,0.034584253127299486,13.44,1 in 28
league_es,VIL - RAY,HT/FT 2/X,HTFT,37.6,0.03016924208977189,13.44,1 in 33
league_es,BET - SEV,CS 4-0,CS,36.7,0.03090507726269316,13.42,1 in 32
league_es,VIL - SEV,HT/FT 2/1,HTFT,48.2,0.023529411764705882,13.41,1 in 42
league_es,VIL - GIR,CS 5-1,CS,85.6,0.013245033112582781,13.38,1 in 75
league_es,VAL - RSO,CS 1-3,CS,25.7,0.04411764705882353,13.38,1 in 22
league_es,MAL - LEV,CS 3-1,CS,19.5,0.058130978660779986,13.36,1 in 17
league_es,ROV - ESP,HT/FT 2/X,HTFT,18.8,0.060294117647058824,13.35,1 in 16
league_es,ALV - CEL,HT/FT 2/1,HTFT,37.6,0.030147058823529412,13.35,1 in 33
league_es,GIR - LEV,HT/FT 2/1,HTFT,37.6,0.030147058823529412,13.35,1 in 33
league_es,RAY - OSA,CS 1-5,CS,385.0,0.0029433406916850625,13.32,1 in 339
league_es,SEV - ATH,CS 4-1,CS,154.0,0.007358351729212656,13.32,1 in 135
league_es,GIR - GET,CS 1-5,CS,770.0,0.0014716703458425313,13.32,1 in 679
league_es,ELC - GET,CS 0-6,CS,1540.0,0.0007358351729212656,13.32,1 in 1359
league_es,BAR - SEV,HT/FT 1/2,HTFT,53.1,0.021339220014716703,13.31,1 in 46
league_es,MAL - SEV,HT/FT 2/X,HTFT,19.5,0.05808823529411765,13.27,1 in 17
league_es,VIL - MAL,Exact 6,ExactGoals,23.7,0.04779411764705882,13.27,1 in 20
league_es,VIL - ATH,HT/FT 2/X,HTFT,19.0,0.059602649006622516,13.25,1 in 16
league_es,VIL - RAY,HT CS 1-2,HTCS,57.0,0.019867549668874173,13.25,1 in 50
league_es,GIR - RAY,HT CS 3-0,HTCS,36.7,0.03085966201322557,13.25,1 in 32
league_es,RAY - ATM,CS 1-4,CS,57.0,0.019867549668874173,13.25,1 in 50
league_es,CEL - RSO,CS 0-4,CS,154.0,0.007352941176470588,13.24,1 in 136
league_es,GET - ELC,CS 0-4,CS,220.0,0.005147058823529412,13.24,1 in 194
league_es,MAL - ATH,CS 5-1,CS,770.0,0.0014705882352941176,13.24,1 in 680
league_es,RAY - BET,CS 1-5,CS,154.0,0.007352941176470588,13.24,1 in 136
league_es,RSO - BET,CS 3-3,CS,70.0,0.016176470588235296,13.24,1 in 61
league_es,ESP - GET,CS 3-3,CS,110.0,0.010294117647058823,13.24,1 in 97
league_es,VAL - VIL,CS 0-6,CS,1540.0,0.0007352941176470588,13.24,1 in 1360
league_es,ATH - VIL,HT CS 0-2,HTCS,26.1,0.04338235294117647,13.23,1 in 23
league_es,ROV - RSO,CS 3-3,CS,90.5,0.012509197939661517,13.21,1 in 79
league_es,RAY - SEV,CS 5-0,CS,513.0,0.0022058823529411764,13.16,1 in 453
league_es,ATH - VIL,CS 5-1,CS,171.0,0.006617647058823529,13.16,1 in 151
league_es,LEV - VIL,CS 4-1,CS,171.0,0.006617647058823529,13.16,1 in 151
league_es,GET - ROV,HT/FT 1/2,HTFT,37.5,0.03016924208977189,13.13,1 in 33
league_es,ROV - SEV,HT/FT 2/1,HTFT,36.6,0.03090507726269316,13.11,1 in 32
league_es,VIL - RAY,Exact 6,ExactGoals,25.2,0.044885945548197206,13.11,1 in 22
league_es,GIR - CEL,HT CS 1-2,HTCS,20.5,0.05514705882352941,13.05,1 in 18
league_es,ROV - BAR,CS 1-5,CS,16.7,0.06769683590875644,13.05,1 in 14
league_es,ATM - BET,CS 2-4,CS,384.0,0.0029433406916850625,13.02,1 in 339
league_es,CEL - ELC,HT CS 1-2,HTCS,48.0,0.0235467255334805,13.02,1 in 42
league_es,CEL - RAY,CS 2-3,CS,80.9,0.013970588235294118,13.02,1 in 71
league_es,BET - GIR,CS 2-4,CS,192.0,0.005886681383370125,13.02,1 in 169
league_es,ELC - SEV,CS 1-0,CS,8.58,0.13171449595290655,13.01,1 in 7
league_es,CEL - BAR,CS 3-0,CS,69.8,0.016188373804267846,12.99,1 in 61
league_es,ATH - LEV,CS 2-4,CS,512.0,0.0022058823529411764,12.94,1 in 453
league_es,BAR - VAL,CS 1-4,CS,384.0,0.0029411764705882353,12.94,1 in 340
league_es,CEL - ALV,CS 3-0,CS,15.5,0.0728476821192053,12.91,1 in 13
league_es,LEV - RSO,HT/FT 1/1,HTFT,6.82,0.16556291390728478,12.91,1 in 6
league_es,ATM - BET,HT CS 0-2,HTCS,66.7,0.01692420897718911,12.88,1 in 59
league_es,BAR - ATM,HT/FT 1/2,HTFT,35.7,0.03161764705882353,12.88,1 in 31
league_es,GET - RSO,CS 1-4,CS,66.7,0.01692420897718911,12.88,1 in 59
league_es,VIL - ATH,CS 4-1,CS,66.7,0.01692420897718911,12.88,1 in 59
league_es,ATM - BAR,HT/FT 1/2,HTFT,31.3,0.036055923473142015,12.86,1 in 27
league_es,CEL - GET,HT CS 3-0,HTCS,31.3,0.036055923473142015,12.86,1 in 27
league_es,ATM - GET,HT/FT 1/X,HTFT,14.2,0.07947019867549669,12.85,1 in 12
league_es,BET - ESP,CS 1-3,CS,69.7,0.016188373804267846,12.83,1 in 61
league_es,MAL - VIL,Exact 0,ExactGoals,11.7,0.0963944076526858,12.78,1 in 10
league_es,MAL - VIL,CS 0-0,CS,11.7,0.0963944076526858,12.78,1 in 10
league_es,BET - LEV,HT/FT 2/2,HTFT,15.8,0.07137601177336277,12.77,1 in 14
league_es,RAY - BET,CS 2-0,CS,21.6,0.05220588235294118,12.76,1 in 19
league_es,MAL - BET,HT/FT 1/X,HTFT,32.6,0.034584253127299486,12.74,1 in 28
league_es,ESP - RSO,HT CS 0-3,HTCS,38.3,0.029433406916850625,12.73,1 in 33
league_es,BAR - GIR,HT/FT 2/X,HTFT,51.1,0.022058823529411766,12.72,1 in 45
league_es,ROV - VAL,HT/FT 1/X,HTFT,20.7,0.054451802796173655,12.72,1 in 18
league_es,LEV - RSO,CS 0-4,CS,54.7,0.020603384841795438,12.7,1 in 48
league_es,VIL - BAR,CS 3-0,CS,49.4,0.022810890360559236,12.69,1 in 43
league_es,BET - GET,HT CS 1-2,HTCS,46.4,0.024282560706401765,12.67,1 in 41
league_es,ROV - ATM,CS 1-0,CS,16.3,0.06911764705882353,12.66,1 in 14
league_es,ATM - VIL,HT CS 3-0,HTCS,25.1,0.044885945548197206,12.66,1 in 22
league_es,LEV - RMA,CS 2-4,CS,56.7,0.019867549668874173,12.65,1 in 50
league_es,BET - VAL,CS 4-2,CS,72.9,0.01545253863134658,12.65,1 in 64
league_es,BAR - ESP,CS 1-2,CS,38.3,0.029411764705882353,12.65,1 in 34
league_es,BAR - VAL,HT/FT 2/1,HTFT,54.7,0.020588235294117647,12.62,1 in 48
league_es,OSA - RAY,Exact 5,ExactGoals,58.9,0.01911764705882353,12.6,1 in 52
league_es,OSA - LEV,CS 1-4,CS,255.0,0.004415011037527594,12.58,1 in 226
league_es,MAL - RMA,HT/FT 1/1,HTFT,17.0,0.06622516556291391,12.58,1 in 15
league_es,VIL - RAY,HT/FT 2/1,HTFT,51.0,0.02207505518763797,12.58,1 in 45
league_es,RMA - SEV,HT/FT X/1,HTFT,7.81,0.14411764705882352,12.56,1 in 6
league_es,LEV - SEV,CS 1-4,CS,95.6,0.01177336276674025,12.55,1 in 84
league_es,LEV - BAR,CS 2-0,CS,45.0,0.025,12.5,1 in 40
league_es,BAR - ROV,Exact 0,ExactGoals,102.0,0.011029411764705883,12.5,1 in 90
league_es,BAR - ROV,CS 0-0,CS,102.0,0.011029411764705883,12.5,1 in 90
league_es,OSA - RMA,CS 5-1,CS,1530.0,0.0007352941176470588,12.5,1 in 1360
league_es,ATH - ALV,HT/FT 2/1,HTFT,52.7,0.021339220014716703,12.46,1 in 46
league_es,GET - LEV,Exact 5,ExactGoals,56.6,0.019867549668874173,12.45,1 in 50
league_es,RMA - ESP,CS 1-3,CS,191.0,0.005886681383370125,12.44,1 in 169
league_es,ESP - OSA,CS 3-0,CS,41.3,0.027225901398086828,12.44,1 in 36
league_es,CEL - LEV,HT/FT 2/1,HTFT,46.3,0.024282560706401765,12.43,1 in 41
league_es,GET - LEV,Over 4.5,OU,46.3,0.024282560706401765,12.43,1 in 41
league_es,GIR - ESP,CS 5-1,CS,139.0,0.008088235294117648,12.43,1 in 123
league_es,ROV - BAR,CS 3-3,CS,80.4,0.013980868285504048,12.41,1 in 71
league_es,BAR - VAL,CS 4-2,CS,46.3,0.02426470588235294,12.35,1 in 41
league_es,MAL - BET,HT/FT 2/1,HTFT,69.4,0.016188373804267846,12.35,1 in 61
league_es,GET - VIL,CS 0-5,CS,191.0,0.0058823529411764705,12.35,1 in 170
league_es,RAY - OSA,HT CS 2-1,HTCS,21.5,0.05224429727740986,12.33,1 in 19
league_es,ATM - SEV,CS 4-1,CS,35.5,0.03164091243561442,12.33,1 in 31
league_es,LEV - CEL,HT/FT 1/X,HTFT,21.2,0.052980132450331126,12.32,1 in 18
league_es,SEV - ATH,HT/FT 1/X,HTFT,21.8,0.051508462104488596,12.29,1 in 19
league_es,ALV - ESP,CS 1-4,CS,109.0,0.010301692420897719,12.29,1 in 97
league_es,SEV - CEL,CS 4-0,CS,109.0,0.010301692420897719,12.29,1 in 97
league_es,OSA - BET,HT/FT 1/X,HTFT,20.9,0.05371596762325239,12.27,1 in 18
league_es,SEV - RAY,CS 2-3,CS,56.5,0.019867549668874173,12.25,1 in 50
league_es,BET - ATH,CS 1-5,CS,305.0,0.003679175864606328,12.21,1 in 271
league_es,RAY - SEV,CS 3-2,CS,54.5,0.020588235294117647,12.21,1 in 48
league_es,BET - LEV,HT CS 0-2,HTCS,66.3,0.01692420897718911,12.21,1 in 59
league_es,OSA - BAR,CS 4-2,CS,305.0,0.003679175864606328,12.21,1 in 271
league_es,GET - ATM,CS 0-4,CS,39.1,0.02869757174392936,12.21,1 in 34
league_es,ATH - VAL,CS 3-3,CS,109.0,0.010294117647058823,12.21,1 in 97
league_es,LEV - ESP,CS 4-0,CS,84.7,0.013245033112582781,12.19,1 in 75
league_es,ATH - ELC,CS 5-0,CS,58.7,0.019103600293901544,12.14,1 in 52
league_es,RSO - CEL,CS 4-2,CS,127.0,0.008830022075055188,12.14,1 in 113
league_es,ATH - GET,CS 2-4,CS,508.0,0.002207505518763797,12.14,1 in 453
league_es,OSA - ESP,CS 2-2,CS,29.3,0.03826342899190582,12.11,1 in 26
league_es,BAR - RSO,HT/FT 1/2,HTFT,41.2,0.027205882352941177,12.09,1 in 36
league_es,BAR - RMA,HT/FT 1/2,HTFT,27.2,0.041206769683590876,12.08,1 in 24
league_es,GET - MAL,CS 1-5,CS,508.0,0.0022058823529411764,12.06,1 in 453
league_es,ALV - VIL,Exact 6,ExactGoals,25.4,0.04411764705882353,12.06,1 in 22
league_es,ROV - SEV,CS 1-4,CS,84.6,0.013245033112582781,12.05,1 in 75
league_es,RSO - VIL,CS 4-1,CS,66.2,0.01692420897718911,12.04,1 in 59
league_es,ROV - RSO,CS 0-4,CS,52.5,0.021339220014716703,12.03,1 in 46
league_es,BAR - ATH,Exact 0,ExactGoals,13.6,0.08235294117647059,12.0,1 in 12
league_es,BAR - ATH,CS 0-0,CS,13.6,0.08235294117647059,12.0,1 in 12
league_es,MAL - GIR,HT/FT X/1,HTFT,7.77,0.14411764705882352,11.98,1 in 6
league_es,ELC - MAL,CS 0-4,CS,95.1,0.01177336276674025,11.96,1 in 84
league_es,BAR - CEL,CS 5-0,CS,52.5,0.021323529411764706,11.95,1 in 46
league_es,MAL - LEV,CS 2-3,CS,46.1,0.024282560706401765,11.94,1 in 41
league_es,BET - LEV,CS 4-1,CS,28.7,0.03899926416482708,11.93,1 in 25
league_es,LEV - ELC,CS 4-2,CS,117.0,0.009565857247976454,11.92,1 in 104
league_es,GIR - ATH,CS 4-1,CS,117.0,0.009565857247976454,11.92,1 in 104
league_es,LEV - MAL,CS 2-3,CS,76.1,0.014705882352941176,11.91,1 in 68
league_es,RAY - MAL,CS 3-2,CS,41.1,0.027225901398086828,11.9,1 in 36
league_es,RSO - ATH,CS 0-2,CS,13.7,0.08167770419426049,11.9,1 in 12
league_es,MAL - BET,Exact 4,ExactGoals,18.1,0.06181015452538632,11.88,1 in 16
league_es,RAY - ESP,CS 0-4,CS,152.0,0.007358351729212656,11.85,1 in 135
league_es,BET - LEV,CS 2-3,CS,76.0,0.014716703458425313,11.85,1 in 67
league_es,RAY - MAL,CS 5-1,CS,304.0,0.003679175864606328,11.85,1 in 271
league_es,BET - ROV,CS 3-2,CS,28.7,0.03897058823529412,11.85,1 in 25
league_es,VAL - RMA,HT/FT 2/1,HTFT,38.0,0.029433406916850625,11.85,1 in 33
league_es,ALV - OSA,CS 4-2,CS,152.0,0.007358351729212656,11.85,1 in 135
league_es,RMA - ATM,CS 1-4,CS,190.0,0.005886681383370125,11.85,1 in 169
league_es,ESP - SEV,HT/FT X/2,HTFT,7.72,0.1448529411764706,11.83,1 in 6
league_es,SEV - ESP,Exact 5,ExactGoals,14.9,0.07505518763796909,11.83,1 in 13
league_es,MAL - CEL,CS 3-2,CS,42.2,0.026490066225165563,11.79,1 in 37
league_es,ATM - GIR,HT/FT 1/2,HTFT,49.0,0.022810890360559236,11.77,1 in 43
league_es,BAR - RSO,CS 0-3,CS,152.0,0.007352941176470588,11.76,1 in 136
league_es,OSA - CEL,Exact 5,ExactGoals,15.2,0.07352941176470588,11.76,1 in 13
league_es,GET - ELC,CS 5-1,CS,190.0,0.0058823529411764705,11.76,1 in 170
league_es,GIR - RAY,CS 5-1,CS,169.0,0.006612784717119765,11.76,1 in 151
league_es,BET - SEV,Exact 6,ExactGoals,29.2,0.03826342899190582,11.73,1 in 26
league_es,GET - ATM,HT CS 0-3,HTCS,29.2,0.03826342899190582,11.73,1 in 26
league_es,RMA - RSO,CS 5-0,CS,42.2,0.026470588235294117,11.71,1 in 37
league_es,RMA - MAL,HT/FT 2/2,HTFT,32.3,0.034584253127299486,11.71,1 in 28
league_es,ELC - GET,HT/FT X/2,HTFT,7.99,0.13980868285504047,11.71,1 in 7
league_es,SEV - GIR,CS 0-4,CS,138.0,0.008094186902133923,11.7,1 in 123
league_es,GIR - ALV,CS 3-3,CS,759.0,0.0014716703458425313,11.7,1 in 679
league_es,ESP - CEL,HT/FT 1/X,HTFT,22.0,0.05077262693156733,11.7,1 in 19
league_es,BET - RMA,CS 4-0,CS,217.0,0.005147058823529412,11.69,1 in 194
league_es,GIR - RSO,HT CS 2-0,HTCS,15.5,0.07205882352941176,11.69,1 in 13
league_es,VIL - ELC,HT/FT 2/1,HTFT,49.0,0.022794117647058822,11.69,1 in 43
league_es,VIL - RAY,CS 4-0,CS,27.1,0.041206769683590876,11.67,1 in 24
league_es,RSO - MAL,HT/FT 2/X,HTFT,28.1,0.039735099337748346,11.66,1 in 25
league_es,MAL - LEV,CS 4-0,CS,60.7,0.01839587932303164,11.66,1 in 54
league_es,LEV - RAY,HT/FT 1/2,HTFT,34.5,0.03235294117647059,11.62,1 in 30
league_es,OSA - GET,CS 3-1,CS,23.0,0.04852941176470588,11.62,1 in 20
league_es,OSA - RMA,HT CS 2-0,HTCS,69.0,0.016176470588235296,11.62,1 in 61
league_es,CEL - RMA,HT/FT X/1,HTFT,11.0,0.10147058823529412,11.62,1 in 9
league_es,GET - GIR,Over 4.5,OU,9.6,0.11626195732155997,11.61,1 in 8
league_es,SEV - GIR,HT/FT 2/X,HTFT,19.2,0.058130978660779986,11.61,1 in 17
league_es,ATH - RAY,HT/FT 2/1,HTFT,52.3,0.021339220014716703,11.6,1 in 46
league_es,BAR - OSA,HT CS 1-2,HTCS,75.8,0.014716703458425313,11.55,1 in 67
league_es,RMA - ATH,CS 5-0,CS,75.8,0.014716703458425313,11.55,1 in 67
league_es,VIL - ESP,CS 5-0,CS,65.9,0.01692420897718911,11.53,1 in 59
league_es,RMA - ALV,Under 1.5,OU,5.97,0.18676470588235294,11.5,1 in 5
league_es,RMA - BAR,CS 1-5,CS,303.0,0.003679175864606328,11.48,1 in 271
league_es,RSO - VIL,CS 4-2,CS,101.0,0.011037527593818985,11.48,1 in 90
league_es,ESP - CEL,HT/FT 2/X,HTFT,15.0,0.07431935246504782,11.48,1 in 13
league_es,LEV - CEL,Exact 6,ExactGoals,30.3,0.03679175864606328,11.48,1 in 27
league_es,CEL - ATH,HT CS 3-0,HTCS,101.0,0.011037527593818985,11.48,1 in 90
league_es,ATH - RMA,Exact 5,ExactGoals,58.3,0.01911764705882353,11.46,1 in 52
league_es,GET - CEL,CS 1-4,CS,89.1,0.012509197939661517,11.46,1 in 79
league_es,ROV - OSA,HT CS 3-0,HTCS,101.0,0.011029411764705883,11.4,1 in 90
league_es,RSO - LEV,HT/FT 2/2,HTFT,10.9,0.10220588235294117,11.4,1 in 9
league_es,RSO - BET,CS 4-1,CS,60.6,0.01838235294117647,11.4,1 in 54
league_es,SEV - RSO,HT/FT 1/2,HTFT,35.2,0.03164091243561442,11.38,1 in 31
league_es,SEV - RAY,Exact 6,ExactGoals,35.2,0.03164091243561442,11.38,1 in 31
league_es,GIR - VIL,HT/FT 2/1,HTFT,32.9,0.03384841795437822,11.36,1 in 29
league_es,RSO - GIR,CS 2-2,CS,16.1,0.06916850625459897,11.36,1 in 14
league_es,LEV - RMA,HT/FT 1/X,HTFT,40.9,0.027225901398086828,11.35,1 in 36
league_es,ELC - BET,CS 2-4,CS,75.7,0.014705882352941176,11.32,1 in 68
league_es,GIR - ATM,CS 0-2,CS,9.28,0.1199411331861663,11.31,1 in 8
league_es,GIR - BAR,CS 2-0,CS,27.5,0.04047093451066961,11.3,1 in 24
league_es,OSA - MAL,CS 2-3,CS,47.3,0.023529411764705882,11.29,1 in 42
league_es,ROV - ATM,CS 1-4,CS,35.2,0.03161764705882353,11.29,1 in 31
league_es,ESP - OSA,HT/FT 1/X,HTFT,19.9,0.05592347314201619,11.29,1 in 17
league_es,VAL - GET,HT CS 0-2,HTCS,32.9,0.033823529411764704,11.28,1 in 29
league_es,ESP - ROV,Exact 5,ExactGoals,14.0,0.07947019867549669,11.26,1 in 12
league_es,GIR - VIL,HT CS 3-0,HTCS,126.0,0.008830022075055188,11.26,1 in 113
league_es,OSA - BET,CS 4-2,CS,168.0,0.006622516556291391,11.26,1 in 151
league_es,CEL - OSA,CS 0-3,CS,75.6,0.014716703458425313,11.26,1 in 67
league_es,ROV - BAR,HT/FT X/1,HTFT,42.0,0.026490066225165563,11.26,1 in 37
league_es,SEV - MAL,CS 2-3,CS,216.0,0.0051508462104488595,11.26,1 in 194
league_es,OSA - VIL,CS 1-5,CS,189.0,0.005886681383370125,11.26,1 in 169
league_es,MAL - ALV,CS 2-3,CS,48.8,0.022794117647058822,11.24,1 in 43
league_es,VAL - ROV,HT CS 1-2,HTCS,37.8,0.029411764705882353,11.18,1 in 34
league_es,RAY - BAR,CS 0-6,CS,189.0,0.0058823529411764705,11.18,1 in 170
league_es,ESP - ATM,HT/FT 1/2,HTFT,52.1,0.021339220014716703,11.18,1 in 46
league_es,CEL - VAL,HT CS 0-3,HTCS,168.0,0.006617647058823529,11.18,1 in 151
league_es,GET - OSA,Exact 5,ExactGoals,14.4,0.07720588235294118,11.18,1 in 12
league_es,BAR - GIR,HT CS 0-2,HTCS,108.0,0.010294117647058823,11.18,1 in 97
league_es,SEV - RMA,CS 5-1,CS,1510.0,0.0007358351729212656,11.11,1 in 1359
league_es,RMA - OSA,HT CS 0-3,HTCS,1510.0,0.0007358351729212656,11.11,1 in 1359
league_es,RAY - VIL,CS 3-0,CS,75.5,0.014716703458425313,11.11,1 in 67
league_es,RAY - MAL,CS 6-0,CS,1510.0,0.0007358351729212656,11.11,1 in 1359
league_es,VIL - GIR,CS 0-5,CS,1510.0,0.0007358351729212656,11.11,1 in 1359
league_es,RSO - MAL,CS 0-5,CS,1510.0,0.0007358351729212656,11.11,1 in 1359
league_es,RMA - VAL,CS 4-2,CS,44.4,0.025018395879323033,11.08,1 in 39
league_es,BET - RAY,HT CS 3-0,HTCS,18.2,0.06102941176470588,11.07,1 in 16
league_es,MAL - GET,CS 1-2,CS,12.9,0.08609271523178808,11.06,1 in 11
league_es,GET - GIR,HT/FT 2/1,HTFT,34.3,0.03237674760853569,11.05,1 in 30
league_es,GET - LEV,HT/FT 2/1,HTFT,68.6,0.016188373804267846,11.05,1 in 61
league_es,GET - BAR,HT CS 2-1,HTCS,45.8,0.024246877296105803,11.05,1 in 41
league_es,ALV - VAL,HT CS 3-0,HTCS,151.0,0.007352941176470588,11.03,1 in 136
league_es,MAL - BAR,CS 4-1,CS,302.0,0.003676470588235294,11.03,1 in 272
league_es,BAR - ESP,CS 0-4,CS,1510.0,0.0007352941176470588,11.03,1 in 1360
league_es,VAL - RSO,CS 6-0,CS,1510.0,0.0007352941176470588,11.03,1 in 1360
league_es,SEV - ESP,Over 4.5,OU,10.7,0.10375275938189846,11.02,1 in 9
league_es,ATH - GIR,Exact 0,ExactGoals,11.1,0.1,11.0,1 in 10
league_es,ATH - GIR,CS 0-0,CS,11.1,0.1,11.0,1 in 10
league_es,GIR - SEV,CS 1-3,CS,41.9,0.026490066225165563,10.99,1 in 37
league_es,BAR - ALV,CS 2-3,CS,116.0,0.009565857247976454,10.96,1 in 104
league_es,RMA - VAL,HT CS 0-2,HTCS,116.0,0.009565857247976454,10.96,1 in 104
league_es,ESP - ATM,CS 1-5,CS,116.0,0.009565857247976454,10.96,1 in 104
league_es,ATH - CEL,HT CS 0-3,HTCS,377.0,0.0029433406916850625,10.96,1 in 339
league_es,MAL - VIL,HT CS 0-3,HTCS,35.9,0.03090507726269316,10.95,1 in 32
league_es,ATH - RAY,CS 0-1,CS,15.7,0.0706401766004415,10.91,1 in 14
league_es,ATH - BAR,HT CS 0-2,HTCS,11.0,0.1008094186902134,10.89,1 in 9
league_es,ATM - ROV,CS 4-1,CS,27.4,0.04047093451066961,10.89,1 in 24
league_es,GET - ATH,HT CS 2-1,HTCS,37.7,0.029411764705882353,10.88,1 in 34
league_es,OSA - GET,CS 0-5,CS,754.0,0.0014705882352941176,10.88,1 in 680
league_es,ATH - MAL,CS 4-0,CS,27.9,0.039735099337748346,10.86,1 in 25
league_es,OSA - LEV,Exact 6,ExactGoals,65.5,0.01692420897718911,10.85,1 in 59
league_es,GET - CEL,Exact 0,ExactGoals,9.24,0.1199411331861663,10.83,1 in 8
league_es,GET - CEL,CS 0-0,CS,9.24,0.1199411331861663,10.83,1 in 8
league_es,ESP - MAL,HT CS 2-0,HTCS,15.7,0.07058823529411765,10.82,1 in 14
league_es,RSO - ROV,CS 2-3,CS,62.8,0.01764705882352941,10.82,1 in 56
league_es,ATM - VIL,CS 4-1,CS,40.7,0.027225901398086828,10.81,1 in 36
league_es,ATH - RMA,CS 2-2,CS,48.6,0.022794117647058822,10.78,1 in 43
league_es,ESP - BET,HT/FT 1/X,HTFT,24.3,0.045588235294117645,10.78,1 in 21
league_es,RSO - ESP,HT/FT 1/2,HTFT,38.6,0.02869757174392936,10.77,1 in 34
league_es,CEL - ATM,CS 4-0,CS,215.0,0.0051508462104488595,10.74,1 in 194
league_es,SEV - OSA,HT CS 0-2,HTCS,75.3,0.014705882352941176,10.74,1 in 68
league_es,ATM - BET,CS 1-2,CS,21.5,0.051508462104488596,10.74,1 in 19
league_es,BET - ALV,CS 6-0,CS,251.0,0.004411764705882353,10.74,1 in 226
league_es,BAR - GET,CS 4-1,CS,19.8,0.05592347314201619,10.73,1 in 17
league_es,LEV - ATH,CS 2-2,CS,19.8,0.05592347314201619,10.73,1 in 17
league_es,BAR - ELC,CS 0-1,CS,36.7,0.03016924208977189,10.72,1 in 33
league_es,RAY - GET,HT/FT 1/2,HTFT,36.7,0.03016924208977189,10.72,1 in 33
league_es,CEL - LEV,HT/FT 2/X,HTFT,30.7,0.036055923473142015,10.69,1 in 27
league_es,MAL - CEL,Exact 5,ExactGoals,13.8,0.08020603384841796,10.68,1 in 12
league_es,CEL - LEV,HT/FT 1/X,HTFT,13.8,0.08020603384841796,10.68,1 in 12
league_es,RAY - CEL,HT CS 1-2,HTCS,18.8,0.05886681383370125,10.67,1 in 16
league_es,ATM - GET,CS 2-2,CS,23.5,0.047093451066961,10.67,1 in 21
league_es,ROV - ELC,CS 2-3,CS,47.0,0.0235467255334805,10.67,1 in 42
league_es,SEV - VIL,HT CS 1-2,HTCS,17.5,0.06323529411764706,10.66,1 in 15
league_es,ALV - VAL,CS 1-3,CS,22.8,0.04852941176470588,10.65,1 in 20
league_es,GIR - CEL,HT/FT 2/1,HTFT,34.2,0.03235294117647059,10.65,1 in 30
league_es,ELC - BAR,HT CS 1-1,HTCS,7.3,0.1515820456217807,10.65,1 in 6
league_es,RMA - ELC,CS 3-3,CS,83.6,0.013235294117647059,10.65,1 in 75
league_es,CEL - RAY,CS 1-3,CS,62.7,0.01764705882352941,10.65,1 in 56
league_es,GIR - CEL,CS 3-2,CS,36.7,0.030147058823529412,10.64,1 in 33
league_es,RMA - RAY,HT/FT 2/X,HTFT,71.6,0.01545253863134658,10.64,1 in 64
league_es,ATH - ROV,CS 3-2,CS,36.7,0.030147058823529412,10.64,1 in 33
league_es,ATH - LEV,HT/FT X/1,HTFT,7.13,0.15514705882352942,10.62,1 in 6
league_es,RSO - LEV,CS 1-3,CS,55.7,0.019852941176470587,10.58,1 in 50
league_es,BET - BAR,HT/FT 1/X,HTFT,20.6,0.05367647058823529,10.57,1 in 18
league_es,BAR - RSO,CS 0-2,CS,48.5,0.022794117647058822,10.55,1 in 43
league_es,LEV - BAR,HT/FT 1/2,HTFT,48.5,0.022794117647058822,10.55,1 in 43
league_es,ROV - ATH,CS 3-1,CS,71.5,0.01545253863134658,10.49,1 in 64
league_es,RMA - RAY,CS 3-3,CS,83.4,0.013245033112582781,10.46,1 in 75
league_es,ATM - CEL,CS 4-1,CS,40.6,0.027205882352941177,10.46,1 in 36
league_es,BET - GET,HT/FT 2/1,HTFT,46.9,0.0235467255334805,10.43,1 in 42
league_es,BET - VIL,HT/FT 2/X,HTFT,18.3,0.06033848417954378,10.42,1 in 16
league_es,CEL - ELC,CS 4-0,CS,36.6,0.03016924208977189,10.42,1 in 33
league_es,CEL - BET,HT CS 2-1,HTCS,18.3,0.06033848417954378,10.42,1 in 16
league_es,ATM - BAR,Over 4.5,OU,7.94,0.1390728476821192,10.42,1 in 7
league_es,RAY - SEV,Exact 6,ExactGoals,42.9,0.025735294117647058,10.4,1 in 38
league_es,ESP - GIR,HT/FT 1/X,HTFT,19.5,0.05661764705882353,10.4,1 in 17
league_es,ESP - BAR,CS 2-4,CS,57.7,0.01913171449595291,10.39,1 in 52
league_es,OSA - RSO,CS 3-3,CS,100.0,0.011037527593818985,10.38,1 in 90
league_es,RAY - VAL,HT CS 3-0,HTCS,150.0,0.007358351729212656,10.38,1 in 135
league_es,ESP - ATM,CS 4-1,CS,375.0,0.0029433406916850625,10.38,1 in 339
league_es,ATH - BAR,CS 5-1,CS,375.0,0.0029433406916850625,10.38,1 in 339
league_es,ATH - CEL,CS 2-4,CS,300.0,0.003679175864606328,10.38,1 in 271
league_es,CEL - VIL,CS 6-0,CS,1500.0,0.0007358351729212656,10.38,1 in 1359
league_es,ESP - RAY,CS 6-0,CS,1500.0,0.0007358351729212656,10.38,1 in 1359
league_es,ESP - ATH,CS 5-1,CS,1500.0,0.0007358351729212656,10.38,1 in 1359
league_es,MAL - RMA,CS 1-5,CS,62.5,0.017660044150110375,10.38,1 in 56
league_es,BET - GIR,HT CS 0-3,HTCS,250.0,0.004415011037527594,10.38,1 in 226
league_es,VIL - ESP,CS 0-3,CS,150.0,0.007358351729212656,10.38,1 in 135
league_es,RAY - GET,CS 6-0,CS,1500.0,0.0007358351729212656,10.38,1 in 1359
league_es,BET - CEL,CS 1-0,CS,8.15,0.13539367181751288,10.35,1 in 7
league_es,ROV - CEL,HT/FT 1/1,HTFT,6.1,0.18088235294117647,10.34,1 in 5
league_es,VAL - CEL,CS 3-2,CS,44.1,0.025018395879323033,10.33,1 in 39
league_es,CEL - SEV,CS 0-3,CS,83.4,0.01322556943423953,10.3,1 in 75
league_es,ROV - LEV,Under 1.5,OU,3.24,0.34044117647058825,10.3,1 in 2
league_es,ATM - RMA,CS 5-1,CS,250.0,0.004411764705882353,10.29,1 in 226
league_es,ELC - BET,HT/FT 1/X,HTFT,25.0,0.04411764705882353,10.29,1 in 22
league_es,BET - ROV,CS 1-5,CS,1500.0,0.0007352941176470588,10.29,1 in 1360
league_es,RMA - ALV,CS 2-4,CS,500.0,0.0022058823529411764,10.29,1 in 453
league_es,VAL - VIL,CS 1-4,CS,78.9,0.013970588235294118,10.23,1 in 71
league_es,SEV - RMA,Exact 6,ExactGoals,23.4,0.047093451066961,10.2,1 in 21
league_es,BET - BAR,CS 2-1,CS,12.7,0.08676470588235294,10.19,1 in 11
league_es,LEV - RAY,Exact 6,ExactGoals,33.3,0.03308823529411765,10.18,1 in 30
league_es,BET - ATM,Over 4.5,OU,8.1,0.13602941176470587,10.18,1 in 7
league_es,ROV - RMA,HT/FT 1/2,HTFT,68.1,0.016176470588235296,10.16,1 in 61
league_es,VAL - GET,CS 3-3,CS,107.0,0.010294117647058823,10.15,1 in 97
league_es,LEV - ESP,CS 1-5,CS,499.0,0.002207505518763797,10.15,1 in 453
league_es,RSO - BET,CS 2-4,CS,107.0,0.010294117647058823,10.15,1 in 97
league_es,ALV - GIR,HT CS 0-3,HTCS,62.4,0.01764705882352941,10.12,1 in 56
league_es,GET - ATM,CS 2-1,CS,20.5,0.05371596762325239,10.12,1 in 18
league_es,ESP - VAL,CS 3-2,CS,51.6,0.021339220014716703,10.11,1 in 46
league_es,ELC - BET,CS 2-2,CS,16.1,0.06838235294117648,10.1,1 in 14
league_es,ELC - OSA,CS 3-2,CS,48.3,0.022794117647058822,10.1,1 in 43
league_es,LEV - OSA,CS 3-2,CS,44.0,0.025018395879323033,10.08,1 in 39
league_es,CEL - RAY,HT CS 0-2,HTCS,49.9,0.022058823529411766,10.07,1 in 45
league_es,BET - MAL,HT CS 1-2,HTCS,34.8,0.03161764705882353,10.03,1 in 31
league_es,MAL - ALV,Over 4.5,OU,9.91,0.11102941176470588,10.03,1 in 9
league_es,GIR - ESP,CS 3-1,CS,17.4,0.06323529411764706,10.03,1 in 15
league_es,BET - ATH,HT/FT 1/X,HTFT,16.8,0.06548933038999265,10.02,1 in 15
league_es,GET - LEV,Exact 4,ExactGoals,17.8,0.06181015452538632,10.02,1 in 16
league_es,RAY - GET,CS 2-2,CS,17.8,0.06181015452538632,10.02,1 in 16
league_es,OSA - RSO,CS 4-0,CS,115.0,0.009565857247976454,10.01,1 in 104
league_es,LEV - ATM,HT/FT 1/2,HTFT,59.8,0.01839587932303164,10.01,1 in 54
league_es,SEV - BAR,CS 1-4,CS,59.8,0.01839587932303164,10.01,1 in 54
league_es,ESP - SEV,CS 3-0,CS,34.0,0.03235294117647059,10.0,1 in 30
league_es,BET - GET,CS 4-0,CS,31.8,0.034584253127299486,9.98,1 in 28
league_es,VAL - SEV,Exact 5,ExactGoals,15.9,0.06916850625459897,9.98,1 in 14
league_es,OSA - ELC,HT CS 0-2,HTCS,28.2,0.03899926416482708,9.98,1 in 25
league_es,ESP - BAR,HT/FT 2/1,HTFT,42.7,0.025754231052244298,9.97,1 in 38
league_es,RMA - ATH,HT/FT 2/X,HTFT,30.5,0.036055923473142015,9.97,1 in 27
league_es,RMA - BAR,HT/FT 2/1,HTFT,29.3,0.037527593818984545,9.96,1 in 26
league_es,ALV - RMA,CS 2-0,CS,48.2,0.022810890360559236,9.95,1 in 43
league_es,ESP - ROV,CS 5-0,CS,249.0,0.004415011037527594,9.93,1 in 226
league_es,OSA - MAL,CS 1-4,CS,115.0,0.009558823529411765,9.93,1 in 104
league_es,OSA - ALV,CS 5-0,CS,249.0,0.004415011037527594,9.93,1 in 226
league_es,BET - RSO,CS 0-5,CS,498.0,0.002207505518763797,9.93,1 in 453
league_es,RMA - SEV,CS 2-3,CS,115.0,0.009558823529411765,9.93,1 in 104
league_es,ELC - ATM,CS 0-6,CS,299.0,0.003676470588235294,9.93,1 in 272
league_es,GET - VAL,HT/FT 2/X,HTFT,18.0,0.061074319352465045,9.93,1 in 16
league_es,CEL - GET,HT/FT X/1,HTFT,6.61,0.16629874908020603,9.92,1 in 6
league_es,CEL - BET,CS 0-3,CS,38.3,0.02869757174392936,9.91,1 in 34
league_es,OSA - GIR,HT/FT 1/X,HTFT,15.9,0.06911764705882353,9.9,1 in 14
league_es,RAY - ROV,CS 0-1,CS,10.3,0.10669610007358352,9.9,1 in 9
league_es,OSA - VIL,Exact 5,ExactGoals,13.1,0.08388520971302428,9.89,1 in 11
league_es,VAL - RAY,CS 3-2,CS,43.9,0.025018395879323033,9.83,1 in 39
league_es,ROV - VIL,CS 3-2,CS,59.7,0.01839587932303164,9.82,1 in 54
league_es,GET - LEV,HT CS 2-0,HTCS,22.6,0.04856512141280353,9.76,1 in 20
league_es,ATM - BAR,CS 4-1,CS,67.8,0.016188373804267846,9.76,1 in 61
league_es,ATM - BET,HT/FT 2/1,HTFT,49.7,0.02207505518763797,9.71,1 in 45
league_es,GET - BET,CS 4-0,CS,213.0,0.0051508462104488595,9.71,1 in 194
league_es,CEL - RAY,Exact 6,ExactGoals,34.7,0.03161764705882353,9.71,1 in 31
league_es,ATM - SEV,CS 5-1,CS,99.4,0.011037527593818985,9.71,1 in 90
league_es,GIR - SEV,CS 0-4,CS,213.0,0.0051508462104488595,9.71,1 in 194
league_es,GET - ATH,HT CS 2-0,HTCS,33.9,0.03235294117647059,9.68,1 in 30
league_es,VIL - OSA,HT/FT 2/1,HTFT,45.2,0.02426470588235294,9.68,1 in 41
league_es,GIR - ESP,CS 4-0,CS,45.2,0.02426470588235294,9.68,1 in 41
league_es,ALV - GET,HT CS 0-2,HTCS,18.4,0.059602649006622516,9.67,1 in 16
league_es,BET - VAL,HT/FT 1/2,HTFT,32.4,0.03384841795437822,9.67,1 in 29
league_es,ROV - VIL,HT/FT 1/X,HTFT,27.6,0.039735099337748346,9.67,1 in 25
league_es,CEL - SEV,CS 3-1,CS,19.9,0.055106539309331376,9.66,1 in 18
league_es,OSA - LEV,CS 1-5,CS,1490.0,0.0007358351729212656,9.64,1 in 1359
league_es,OSA - BET,HT CS 3-0,HTCS,149.0,0.007358351729212656,9.64,1 in 135
league_es,ROV - VAL,HT CS 3-0,HTCS,149.0,0.007358351729212656,9.64,1 in 135
league_es,SEV - CEL,HT CS 0-2,HTCS,19.1,0.05739514348785872,9.62,1 in 17
league_es,VIL - LEV,HT CS 1-2,HTCS,53.2,0.020603384841795438,9.61,1 in 48
league_es,ATH - RAY,HT/FT 2/2,HTFT,15.2,0.07211184694628403,9.61,1 in 13
league_es,RMA - ELC,HT/FT 1/X,HTFT,13.8,0.07941176470588235,9.59,1 in 12
league_es,RSO - VIL,CS 3-0,CS,29.2,0.037527593818984545,9.58,1 in 26
league_es,OSA - ATM,CS 5-1,CS,1490.0,0.0007352941176470588,9.56,1 in 1360
league_es,LEV - RAY,CS 2-4,CS,149.0,0.007352941176470588,9.56,1 in 136
league_es,BET - MAL,HT/FT 2/2,HTFT,10.0,0.10955882352941176,9.56,1 in 9
league_es,RAY - ROV,Away Win,1X2,3.47,0.31567328918322296,9.54,1 in 3
league_es,ALV - CEL,HT CS 2-1,HTCS,33.1,0.03308823529411765,9.52,1 in 30
league_es,BAR - SEV,Draw,1X2,4.68,0.23399558498896247,9.51,1 in 4
league_es,RMA - RSO,CS 1-2,CS,29.2,0.0375,9.5,1 in 26
league_es,GIR - VAL,CS 2-3,CS,43.8,0.025,9.5,1 in 40
league_es,BAR - BET,CS 1-4,CS,248.0,0.004415011037527594,9.49,1 in 226
league_es,OSA - RSO,CS 5-1,CS,372.0,0.0029433406916850625,9.49,1 in 339
league_es,BET - RSO,HT/FT 1/X,HTFT,15.5,0.0706401766004415,9.49,1 in 14
league_es,OSA - LEV,CS 2-2,CS,24.8,0.04415011037527594,9.49,1 in 22
league_es,MAL - GET,CS 4-1,CS,74.4,0.014716703458425313,9.49,1 in 67
league_es,ROV - ELC,HT CS 0-3,HTCS,124.0,0.008830022075055188,9.49,1 in 113
league_es,VIL - BET,CS 5-0,CS,186.0,0.005886681383370125,9.49,1 in 169
league_es,RSO - ATM,CS 3-1,CS,34.6,0.03164091243561442,9.48,1 in 31
league_es,RAY - MAL,HT/FT 1/2,HTFT,34.6,0.03164091243561442,9.48,1 in 31
league_es,VAL - RAY,CS 1-3,CS,55.1,0.019867549668874173,9.47,1 in 50
league_es,ESP - ATH,CS 1-4,CS,42.5,0.025754231052244298,9.46,1 in 38
league_es,RAY - ELC,Exact 5,ExactGoals,13.9,0.07873436350257543,9.44,1 in 12
league_es,GET - ATH,Exact 6,ExactGoals,36.3,0.030147058823529412,9.43,1 in 33
league_es,ATM - BAR,CS 3-2,CS,33.8,0.03237674760853569,9.43,1 in 30
league_es,OSA - GIR,HT CS 1-2,HTCS,24.0,0.045588235294117645,9.41,1 in 21
league_es,BAR - ESP,CS 6-0,CS,74.4,0.014705882352941176,9.41,1 in 68
league_es,ESP - SEV,HT/FT 2/X,HTFT,17.3,0.06323529411764706,9.4,1 in 15
league_es,BAR - LEV,CS 3-3,CS,99.1,0.011037527593818985,9.38,1 in 90
league_es,OSA - RMA,CS 2-1,CS,22.2,0.04926470588235294,9.37,1 in 20
league_es,GIR - MAL,CS 6-0,CS,743.0,0.0014716703458425313,9.35,1 in 679
league_es,ESP - ELC,CS 4-0,CS,74.3,0.014716703458425313,9.35,1 in 67
league_es,ROV - ELC,CS 3-2,CS,38.1,0.02869757174392936,9.34,1 in 34
league_es,VAL - SEV,HT/FT 1/2,HTFT,39.1,0.027961736571008096,9.33,1 in 35
league_es,BAR - SEV,HT/FT X/X,HTFT,7.82,0.13980868285504047,9.33,1 in 7
league_es,SEV - RSO,CS 1-4,CS,87.4,0.012509197939661517,9.33,1 in 79
league_es,GET - VAL,CS 4-1,CS,87.4,0.012509197939661517,9.33,1 in 79
league_es,ALV - BET,HT CS 0-3,HTCS,32.3,0.03384841795437822,9.33,1 in 29
league_es,ALV - VAL,CS 0-3,CS,25.2,0.04338235294117647,9.32,1 in 23
league_es,GIR - CEL,HT/FT 2/X,HTFT,17.7,0.061764705882352944,9.32,1 in 16
league_es,BET - VIL,CS 3-3,CS,61.9,0.017660044150110375,9.32,1 in 56
league_es,BET - BAR,CS 3-2,CS,35.4,0.030882352941176472,9.32,1 in 32
league_es,ATM - SEV,CS 2-3,CS,135.0,0.008094186902133923,9.27,1 in 123
league_es,GET - ROV,CS 1-4,CS,165.0,0.006622516556291391,9.27,1 in 151
league_es,MAL - CEL,CS 3-3,CS,92.8,0.01177336276674025,9.26,1 in 84
league_es,BAR - ATM,Exact 5,ExactGoals,12.7,0.08602941176470588,9.26,1 in 11
league_es,LEV - RSO,Exact 4,ExactGoals,6.4,0.17071376011773362,9.26,1 in 5
league_es,BET - ATH,HT CS 2-0,HTCS,14.7,0.07431935246504782,9.25,1 in 13
league_es,ATM - ESP,Away Win,1X2,8.34,0.1309786607799853,9.24,1 in 7
league_es,MAL - CEL,HT/FT X/1,HTFT,7.98,0.1368653421633554,9.22,1 in 7
league_es,OSA - LEV,HT/FT X/2,HTFT,8.63,0.12656364974245768,9.22,1 in 7
league_es,RSO - GET,CS 5-0,CS,106.0,0.010301692420897719,9.2,1 in 97
league_es,BET - GET,HT/FT 1/2,HTFT,42.4,0.025754231052244298,9.2,1 in 38
league_es,ATM - ATH,HT/FT 1/X,HTFT,14.0,0.07799852832965416,9.2,1 in 12
league_es,RAY - ROV,CS 4-2,CS,106.0,0.010301692420897719,9.2,1 in 97
league_es,MAL - ATM,CS 3-3,CS,106.0,0.010301692420897719,9.2,1 in 97
league_es,RAY - SEV,CS 0-5,CS,495.0,0.0022058823529411764,9.19,1 in 453
league_es,VIL - BAR,Exact 6,ExactGoals,20.9,0.05224429727740986,9.19,1 in 19
league_es,BET - BAR,CS 0-5,CS,135.0,0.008088235294117648,9.19,1 in 123
league_es,CEL - RAY,HT CS 0-3,HTCS,495.0,0.0022058823529411764,9.19,1 in 453
league_es,VAL - VIL,CS 4-2,CS,135.0,0.008088235294117648,9.19,1 in 123
league_es,BAR - GIR,HT/FT 1/2,HTFT,51.2,0.021323529411764706,9.18,1 in 46
league_es,RAY - LEV,CS 1-3,CS,34.5,0.03164091243561442,9.16,1 in 31
league_es,LEV - SEV,HT CS 0-2,HTCS,16.3,0.06696100073583518,9.15,1 in 14
league_es,RMA - RAY,CS 4-2,CS,41.2,0.026490066225165563,9.14,1 in 37
league_es,ATM - OSA,CS 1-2,CS,29.1,0.0375,9.13,1 in 26
league_es,BAR - ROV,CS 1-4,CS,742.0,0.0014705882352941176,9.12,1 in 680
league_es,GET - RAY,CS 3-3,CS,106.0,0.010294117647058823,9.12,1 in 97
league_es,RMA - ROV,CS 1-4,CS,742.0,0.0014705882352941176,9.12,1 in 680
league_es,LEV - ALV,CS 3-3,CS,106.0,0.010294117647058823,9.12,1 in 97
league_es,ESP - GIR,HT/FT 2/1,HTFT,34.5,0.03161764705882353,9.08,1 in 31
league_es,ELC - BAR,CS 0-5,CS,54.9,0.019867549668874173,9.07,1 in 50
league_es,VAL - BAR,HT/FT 1/X,HTFT,24.3,0.044885945548197206,9.07,1 in 22
league_es,RAY - ESP,CS 4-2,CS,114.0,0.009565857247976454,9.05,1 in 104
league_es,RSO - BAR,CS 1-5,CS,114.0,0.009565857247976454,9.05,1 in 104
league_es,ALV - ROV,CS 0-5,CS,741.0,0.0014716703458425313,9.05,1 in 679
league_es,LEV - SEV,CS 3-2,CS,51.1,0.021339220014716703,9.04,1 in 46
league_es,ROV - BET,CS 0-2,CS,8.98,0.12141280353200883,9.03,1 in 8
league_es,GIR - RAY,Exact 0,ExactGoals,10.3,0.10580455547391623,8.98,1 in 9
league_es,GIR - RAY,CS 0-0,CS,10.3,0.10580455547391623,8.98,1 in 9
league_es,LEV - RAY,CS 0-4,CS,114.0,0.009558823529411765,8.97,1 in 104
league_es,BAR - ESP,HT/FT 2/1,HTFT,74.1,0.014705882352941176,8.97,1 in 68
league_es,GIR - VAL,HT/FT 1/X,HTFT,15.6,0.06985294117647059,8.97,1 in 14
league_es,ATH - RMA,Over 4.5,OU,47.8,0.022794117647058822,8.96,1 in 43
league_es,VIL - GET,HT/FT X/2,HTFT,14.1,0.0772626931567329,8.94,1 in 12
league_es,ELC - VAL,HT/FT X/1,HTFT,9.08,0.1199411331861663,8.91,1 in 8
league_es,ATH - MAL,CS 5-1,CS,92.5,0.01177336276674025,8.9,1 in 84
league_es,VIL - LEV,HT CS 0-3,HTCS,740.0,0.0014716703458425313,8.9,1 in 679
league_es,ATH - RAY,CS 5-0,CS,74.0,0.014716703458425313,8.9,1 in 67
league_es,BET - CEL,CS 0-5,CS,740.0,0.0014716703458425313,8.9,1 in 679
league_es,OSA - ALV,CS 0-5,CS,740.0,0.0014716703458425313,8.9,1 in 679
league_es,BET - SEV,HT/FT 2/X,HTFT,29.6,0.03679175864606328,8.9,1 in 27
league_es,ALV - OSA,CS 5-1,CS,370.0,0.0029433406916850625,8.9,1 in 339
league_es,ATH - GET,CS 0-3,CS,148.0,0.007358351729212656,8.9,1 in 135
league_es,ROV - BET,CS 4-0,CS,296.0,0.003679175864606328,8.9,1 in 271
league_es,RSO - GIR,HT/FT X/2,HTFT,10.8,0.1008094186902134,8.87,1 in 9
league_es,GET - SEV,HT CS 1-2,HTCS,27.4,0.039735099337748346,8.87,1 in 25
league_es,VAL - RAY,CS 4-1,CS,56.9,0.01913171449595291,8.86,1 in 52
league_es,GET - MAL,CS 2-4,CS,185.0,0.0058823529411764705,8.82,1 in 170
league_es,ELC - BET,CS 5-1,CS,740.0,0.0014705882352941176,8.82,1 in 680
league_es,CEL - VAL,CS 0-4,CS,185.0,0.0058823529411764705,8.82,1 in 170
league_es,ELC - BAR,HT/FT X/1,HTFT,15.9,0.0684326710816777,8.81,1 in 14
league_es,ATM - BAR,HT/FT 1/X,HTFT,15.9,0.0684326710816777,8.81,1 in 14
league_es,BAR - BET,CS 4-2,CS,44.8,0.024282560706401765,8.79,1 in 41
league_es,MAL - ELC,HT CS 3-0,HTCS,35.2,0.03090507726269316,8.79,1 in 32
league_es,GIR - BAR,HT CS 2-1,HTCS,26.4,0.041206769683590876,8.79,1 in 24
league_es,ATH - SEV,CS 5-0,CS,92.4,0.01177336276674025,8.79,1 in 84
league_es,ATM - SEV,CS 2-4,CS,739.0,0.0014716703458425313,8.76,1 in 679
league_es,LEV - RSO,CS 3-1,CS,37.9,0.02869757174392936,8.76,1 in 34
league_es,VAL - ROV,CS 1-2,CS,17.0,0.06397058823529411,8.75,1 in 15
league_es,GET - ALV,CS 2-1,CS,10.2,0.10661764705882353,8.75,1 in 9
league_es,GIR - VAL,CS 0-5,CS,493.0,0.0022058823529411764,8.75,1 in 453
league_es,BAR - VAL,CS 2-2,CS,16.8,0.06470588235294118,8.71,1 in 15
league_es,SEV - RSO,HT CS 2-0,HTCS,16.6,0.06548933038999265,8.71,1 in 15
league_es,BET - MAL,CS 4-1,CS,33.6,0.03235294117647059,8.71,1 in 30
league_es,ROV - RSO,Exact 4,ExactGoals,6.34,0.1714495952906549,8.7,1 in 5
league_es,RAY - ROV,CS 0-2,CS,18.7,0.058130978660779986,8.7,1 in 17
league_es,BET - VIL,CS 5-0,CS,211.0,0.0051508462104488595,8.68,1 in 194
league_es,GIR - SEV,HT/FT X/2,HTFT,9.06,0.1199411331861663,8.67,1 in 8
league_es,GET - ALV,HT CS 1-1,HTCS,6.48,0.1676470588235294,8.64,1 in 5
league_es,ELC - BAR,CS 3-1,CS,77.7,0.013980868285504048,8.63,1 in 71
league_es,GIR - ALV,CS 3-0,CS,25.9,0.04194260485651214,8.63,1 in 23
league_es,VAL - CEL,CS 2-0,CS,12.2,0.08903605592347315,8.62,1 in 11
league_es,RMA - LEV,CS 1-4,CS,492.0,0.002207505518763797,8.61,1 in 453
league_es,BET - RSO,CS 4-0,CS,61.5,0.017660044150110375,8.61,1 in 56
league_es,OSA - ELC,Exact 6,ExactGoals,32.8,0.033112582781456956,8.61,1 in 30
league_es,SEV - RSO,HT/FT 1/X,HTFT,18.0,0.06033848417954378,8.61,1 in 16
league_es,RAY - MAL,CS 5-0,CS,369.0,0.0029433406916850625,8.61,1 in 339
league_es,ROV - VAL,CS 4-1,CS,123.0,0.008830022075055188,8.61,1 in 113
league_es,ROV - VAL,HT/FT 1/2,HTFT,36.0,0.03016924208977189,8.61,1 in 33
league_es,GET - ATM,Over 4.5,OU,12.3,0.08830022075055188,8.61,1 in 11
league_es,ATH - RMA,HT CS 0-2,HTCS,21.1,0.051470588235294115,8.6,1 in 19
league_es,RSO - OSA,HT CS 1-2,HTCS,42.2,0.025735294117647058,8.6,1 in 38
league_es,ATH - VAL,HT/FT X/X,HTFT,5.47,0.19852941176470587,8.6,1 in 5
league_es,ATH - VIL,CS 4-2,CS,92.3,0.011764705882352941,8.59,1 in 85
league_es,MAL - CEL,Over 4.5,OU,9.97,0.10890360559234731,8.58,1 in 9
league_es,RMA - CEL,HT/FT 1/X,HTFT,12.4,0.0875643855776306,8.58,1 in 11
league_es,RMA - ALV,HT/FT X/X,HTFT,8.95,0.1213235294117647,8.58,1 in 8
league_es,ROV - BET,Exact 5,ExactGoals,12.4,0.0875643855776306,8.58,1 in 11
league_es,CEL - ATM,CS 1-3,CS,22.7,0.047829286239882265,8.57,1 in 20
league_es,ELC - BAR,CS 2-1,CS,22.7,0.047829286239882265,8.57,1 in 20
league_es,CEL - ESP,HT/FT 1/X,HTFT,13.8,0.07867647058823529,8.57,1 in 12
league_es,LEV - VIL,HT/FT X/1,HTFT,11.1,0.09779411764705882,8.55,1 in 10
league_es,GIR - LEV,Exact 0,ExactGoals,12.2,0.08897058823529412,8.54,1 in 11
league_es,GIR - LEV,CS 0-0,CS,12.2,0.08897058823529412,8.54,1 in 11
league_es,OSA - CEL,Exact 6,ExactGoals,36.0,0.030147058823529412,8.53,1 in 33
league_es,ESP - GIR,HT CS 3-0,HTCS,123.0,0.008823529411764706,8.53,1 in 113
league_es,LEV - RAY,CS 1-5,CS,369.0,0.0029411764705882353,8.53,1 in 340
league_es,GIR - SEV,Over 3.5,OU,4.58,0.23693892568064753,8.52,1 in 4
league_es,SEV - ROV,CS 4-1,CS,47.6,0.022794117647058822,8.5,1 in 43
league_es,ATH - ATM,HT/FT X/1,HTFT,7.72,0.14054451802796172,8.5,1 in 7
league_es,VIL - LEV,HT/FT 2/X,HTFT,38.8,0.027961736571008096,8.49,1 in 35
league_es,MAL - ELC,CS 3-1,CS,18.2,0.059602649006622516,8.48,1 in 16
league_es,BAR - GET,Exact 0,ExactGoals,18.2,0.059602649006622516,8.48,1 in 16
league_es,BAR - GET,CS 0-0,CS,18.2,0.059602649006622516,8.48,1 in 16
league_es,CEL - GIR,CS 4-0,CS,56.7,0.01913171449595291,8.48,1 in 52
league_es,SEV - RSO,CS 1-3,CS,26.8,0.04047093451066961,8.46,1 in 24
league_es,BET - GIR,CS 1-5,CS,737.0,0.0014716703458425313,8.46,1 in 679
league_es,VIL - ESP,HT/FT 1/X,HTFT,13.4,0.08094186902133922,8.46,1 in 12
league_es,RMA - ESP,CS 6-0,CS,42.1,0.025754231052244298,8.43,1 in 38
league_es,CEL - ELC,HT/FT 1/2,HTFT,42.1,0.025754231052244298,8.43,1 in 38
league_es,VAL - ELC,HT/FT 1/X,HTFT,13.9,0.07799852832965416,8.42,1 in 12
league_es,RMA - BET,HT/FT 2/X,HTFT,38.8,0.027941176470588237,8.41,1 in 35
league_es,BAR - ATM,CS 0-3,CS,64.1,0.016911764705882352,8.4,1 in 59
league_es,VAL - ESP,HT CS 3-0,HTCS,27.3,0.039705882352941174,8.4,1 in 25
league_es,RAY - GET,Over 4.5,OU,11.6,0.09345106696100074,8.4,1 in 10
league_es,GIR - CEL,CS 2-0,CS,13.4,0.08088235294117647,8.38,1 in 12
league_es,OSA - LEV,CS 1-2,CS,15.5,0.06990434142752024,8.35,1 in 14
league_es,RSO - GET,HT CS 1-2,HTCS,43.3,0.025018395879323033,8.33,1 in 39
league_es,ESP - OSA,HT/FT 1/2,HTFT,43.3,0.025018395879323033,8.33,1 in 39
league_es,OSA - MAL,HT/FT X/2,HTFT,9.15,0.11838235294117647,8.32,1 in 8
league_es,VIL - ELC,HT CS 1-2,HTCS,50.8,0.021323529411764706,8.32,1 in 46
league_es,ATH - ROV,HT CS 0-1,HTCS,12.7,0.08529411764705883,8.32,1 in 11
league_es,GET - RMA,CS 4-2,CS,368.0,0.0029433406916850625,8.31,1 in 339
league_es,GET - BET,CS 0-6,CS,736.0,0.0014716703458425313,8.31,1 in 679
league_es,ALV - ROV,CS 2-4,CS,184.0,0.005886681383370125,8.31,1 in 169
league_es,BAR - ATH,CS 2-3,CS,52.6,0.020588235294117647,8.29,1 in 48
league_es,BAR - RSO,Away Win,1X2,7.08,0.15294117647058825,8.28,1 in 6
league_es,GIR - RSO,CS 3-2,CS,39.8,0.027205882352941177,8.28,1 in 36
league_es,BET - ROV,CS 4-2,CS,58.9,0.01838235294117647,8.27,1 in 54
league_es,ATM - OSA,CS 3-1,CS,15.5,0.06985294117647059,8.27,1 in 14
league_es,VAL - VIL,CS 4-1,CS,86.6,0.0125,8.25,1 in 80
league_es,ATM - MAL,CS 5-0,CS,64.0,0.016911764705882352,8.24,1 in 59
league_es,MAL - ATH,CS 1-5,CS,184.0,0.0058823529411764705,8.24,1 in 170
league_es,VIL - MAL,CS 4-2,CS,70.1,0.015441176470588236,8.24,1 in 64
league_es,GIR - RSO,CS 0-5,CS,368.0,0.0029411764705882353,8.24,1 in 340
league_es,BAR - CEL,HT CS 0-2,HTCS,73.6,0.014705882352941176,8.24,1 in 68
league_es,RAY - ELC,CS 3-2,CS,38.7,0.027961736571008096,8.21,1 in 35
league_es,VIL - LEV,CS 4-0,CS,24.1,0.044885945548197206,8.18,1 in 22
league_es,ROV - RAY,CS 0-4,CS,105.0,0.010301692420897719,8.17,1 in 97
league_es,ROV - RSO,CS 4-0,CS,210.0,0.0051508462104488595,8.17,1 in 194
league_es,OSA - ESP,HT CS 3-0,HTCS,105.0,0.010301692420897719,8.17,1 in 97
league_es,ALV - SEV,CS 1-4,CS,105.0,0.010301692420897719,8.17,1 in 97
league_es,ATH - ATM,CS 3-2,CS,49.0,0.02207505518763797,8.17,1 in 45
league_es,ATM - BAR,CS 5-1,CS,245.0,0.004415011037527594,8.17,1 in 226
league_es,ALV - BET,CS 4-1,CS,147.0,0.007358351729212656,8.17,1 in 135
league_es,ELC - RMA,CS 0-4,CS,20.7,0.05224429727740986,8.15,1 in 19
league_es,SEV - ESP,CS 3-1,CS,21.3,0.05077262693156733,8.15,1 in 19
league_es,MAL - ALV,HT/FT 1/2,HTFT,34.2,0.03161764705882353,8.13,1 in 31
league_es,VAL - RSO,HT/FT 1/X,HTFT,16.9,0.06397058823529411,8.11,1 in 15
league_es,CEL - RSO,CS 6-0,CS,1470.0,0.0007352941176470588,8.09,1 in 1360
league_es,ATH - RMA,CS 0-4,CS,147.0,0.007352941176470588,8.09,1 in 136
league_es,ATM - RMA,HT/FT 1/2,HTFT,30.0,0.03602941176470588,8.09,1 in 27
league_es,ROV - ESP,Over 4.5,OU,10.5,0.10294117647058823,8.09,1 in 9
league_es,GET - ALV,CS 5-0,CS,294.0,0.003676470588235294,8.09,1 in 272
league_es,RMA - ROV,CS 3-2,CS,19.6,0.05514705882352941,8.09,1 in 18
league_es,CEL - RAY,CS 5-1,CS,147.0,0.007352941176470588,8.09,1 in 136
league_es,RMA - GET,CS 0-4,CS,1470.0,0.0007352941176470588,8.09,1 in 1360
league_es,ATM - VIL,CS 5-0,CS,113.0,0.009565857247976454,8.09,1 in 104
league_es,RMA - ESP,CS 0-1,CS,40.8,0.026490066225165563,8.08,1 in 37
league_es,VIL - ALV,HT/FT 1/2,HTFT,45.9,0.0235467255334805,8.08,1 in 42
league_es,MAL - OSA,CS 2-1,CS,10.2,0.10596026490066225,8.08,1 in 9
league_es,MAL - VAL,CS 4-0,CS,91.8,0.01177336276674025,8.08,1 in 84
league_es,RSO - ALV,CS 3-3,CS,97.9,0.011037527593818985,8.06,1 in 90
league_es,VAL - ESP,CS 2-2,CS,18.6,0.05808823529411765,8.04,1 in 17
league_es,BET - GET,CS 2-3,CS,73.4,0.014716703458425313,8.02,1 in 67
league_es,GIR - ESP,HT/FT 2/X,HTFT,24.9,0.04338235294117647,8.02,1 in 23
league_es,RMA - LEV,HT/FT X/1,HTFT,8.34,0.12950699043414277,8.01,1 in 7
league_es,CEL - RAY,HT/FT X/2,HTFT,11.3,0.09558823529411764,8.01,1 in 10
league_es,ATM - CEL,HT/FT 1/2,HTFT,54.4,0.019852941176470587,8.0,1 in 50
league_es,LEV - ELC,CS 4-1,CS,66.7,0.016188373804267846,7.98,1 in 61
league_es,OSA - SEV,Exact 0,ExactGoals,4.22,0.25588235294117645,7.98,1 in 3
league_es,OSA - SEV,CS 0-0,CS,4.22,0.25588235294117645,7.98,1 in 3
league_es,MAL - SEV,HT/FT X/2,HTFT,8.39,0.12867647058823528,7.96,1 in 7
league_es,GET - BAR,HT CS 0-3,HTCS,15.8,0.0683321087435709,7.96,1 in 14
league_es,CEL - ATM,CS 4-1,CS,163.0,0.006622516556291391,7.95,1 in 151
league_es,LEV - ATH,CS 2-4,CS,97.8,0.011037527593818985,7.95,1 in 90
league_es,VAL - LEV,HT CS 0-3,HTCS,367.0,0.0029411764705882353,7.94,1 in 340
league_es,OSA - ATM,Exact 6,ExactGoals,35.8,0.030147058823529412,7.93,1 in 33
league_es,RSO - VIL,CS 2-3,CS,38.6,0.027961736571008096,7.93,1 in 35
league_es,GET - SEV,HT/FT X/2,HTFT,8.24,0.1309786607799853,7.93,1 in 7
league_es,MAL - VIL,CS 1-4,CS,47.3,0.022810890360559236,7.9,1 in 43
league_es,LEV - RMA,Exact 6,ExactGoals,18.8,0.05739514348785872,7.9,1 in 17
league_es,RMA - SEV,CS 4-2,CS,58.7,0.01838235294117647,7.9,1 in 54
league_es,GET - VAL,Exact 6,ExactGoals,34.1,0.03164091243561442,7.9,1 in 31
league_es,RAY - GET,HT/FT 2/1,HTFT,37.6,0.02869757174392936,7.9,1 in 34
league_es,RAY - RMA,CS 0-6,CS,163.0,0.006617647058823529,7.87,1 in 151
league_es,ESP - ROV,CS 4-0,CS,69.8,0.01545253863134658,7.86,1 in 64
league_es,ELC - RSO,HT/FT 1/2,HTFT,34.9,0.03090507726269316,7.86,1 in 32
league_es,ESP - MAL,HT/FT X/2,HTFT,8.06,0.1338235294117647,7.86,1 in 7
league_es,RSO - RMA,HT CS 1-0,HTCS,8.83,0.12214863870493009,7.86,1 in 8
league_es,VIL - CEL,CS 4-0,CS,45.8,0.0235467255334805,7.84,1 in 42
league_es,GET - ELC,CS 3-2,CS,37.6,0.028676470588235293,7.82,1 in 34
league_es,RSO - LEV,CS 0-2,CS,31.2,0.03455882352941177,7.82,1 in 28
league_es,VIL - ATM,CS 0-3,CS,31.9,0.03379867744305658,7.82,1 in 29
league_es,MAL - ATH,HT/FT 2/X,HTFT,14.1,0.07647058823529412,7.82,1 in 13
league_es,VIL - RMA,HT/FT 2/1,HTFT,31.2,0.03455882352941177,7.82,1 in 28
league_es,ELC - RMA,HT CS 1-2,HTCS,11.1,0.09713024282560706,7.81,1 in 10
league_es,SEV - GIR,CS 0-3,CS,40.7,0.026490066225165563,7.81,1 in 37
league_es,MAL - GET,Away Win,1X2,3.22,0.33480500367917587,7.81,1 in 2
league_es,ALV - BET,CS 3-1,CS,39.6,0.027225901398086828,7.81,1 in 36
league_es,ESP - RMA,CS 3-1,CS,77.1,0.013980868285504048,7.79,1 in 71
league_es,MAL - ALV,Exact 5,ExactGoals,13.7,0.07867647058823529,7.79,1 in 12
league_es,SEV - VAL,HT/FT 1/2,HTFT,34.9,0.030882352941176472,7.78,1 in 32
league_es,VIL - RSO,Exact 5,ExactGoals,11.1,0.09705882352941177,7.74,1 in 10
league_es,ROV - LEV,Exact 1,ExactGoals,4.44,0.2426470588235294,7.74,1 in 4
league_es,VAL - ELC,HT CS 3-0,HTCS,24.0,0.044885945548197206,7.73,1 in 22
league_es,BET - RMA,CS 1-0,CS,16.1,0.06691176470588235,7.73,1 in 14
league_es,RAY - ELC,CS 2-4,CS,183.0,0.005886681383370125,7.73,1 in 169
league_es,RAY - ROV,CS 2-4,CS,183.0,0.005886681383370125,7.73,1 in 169
league_es,CEL - GIR,CS 6-0,CS,732.0,0.0014716703458425313,7.73,1 in 679
league_es,CEL - ROV,CS 5-1,CS,122.0,0.008830022075055188,7.73,1 in 113
league_es,ATH - ATM,CS 4-0,CS,122.0,0.008830022075055188,7.73,1 in 113
league_es,LEV - RSO,CS 3-3,CS,91.5,0.01177336276674025,7.73,1 in 84
league_es,BAR - GIR,CS 0-1,CS,29.3,0.03676470588235294,7.72,1 in 27
league_es,SEV - GIR,HT/FT X/2,HTFT,8.41,0.1280353200883002,7.68,1 in 7
league_es,ATH - RAY,HT CS 0-1,HTCS,11.8,0.09124356144223694,7.67,1 in 10
league_es,GET - CEL,HT CS 2-1,HTCS,24.8,0.04341427520235467,7.67,1 in 23
league_es,ATM - GIR,CS 5-0,CS,66.5,0.016188373804267846,7.65,1 in 61
league_es,OSA - CEL,HT CS 0-3,HTCS,97.6,0.011029411764705883,7.65,1 in 90
league_es,ATH - OSA,CS 0-3,CS,133.0,0.008094186902133923,7.65,1 in 123
league_es,MAL - SEV,CS 2-4,CS,183.0,0.0058823529411764705,7.65,1 in 170
league_es,RSO - ROV,HT CS 2-1,HTCS,12.1,0.08897058823529412,7.65,1 in 11
league_es,ESP - RAY,HT CS 2-1,HTCS,20.6,0.05224429727740986,7.62,1 in 19
league_es,RSO - CEL,HT/FT 2/X,HTFT,20.6,0.05224429727740986,7.62,1 in 19
league_es,RMA - ROV,CS 2-3,CS,86.1,0.0125,7.62,1 in 80
league_es,GET - CEL,CS 2-3,CS,45.7,0.0235467255334805,7.61,1 in 42
league_es,ATM - ESP,HT CS 1-2,HTCS,91.4,0.01177336276674025,7.61,1 in 84
league_es,RAY - ELC,HT/FT 2/2,HTFT,6.17,0.17439293598233996,7.6,1 in 5
league_es,BAR - ATM,CS 4-1,CS,47.2,0.022794117647058822,7.59,1 in 43
league_es,OSA - RSO,HT/FT 2/X,HTFT,17.0,0.06328182487122884,7.58,1 in 15
league_es,BET - RMA,CS 3-0,CS,66.5,0.016176470588235296,7.57,1 in 61
league_es,CEL - VAL,CS 4-0,CS,66.5,0.016176470588235296,7.57,1 in 61
league_es,OSA - VAL,CS 3-0,CS,31.1,0.034584253127299486,7.56,1 in 28
league_es,ELC - GIR,Exact 6,ExactGoals,31.8,0.033823529411764704,7.56,1 in 29
league_es,RMA - LEV,CS 3-2,CS,25.2,0.042678440029433405,7.55,1 in 23
league_es,CEL - BAR,HT/FT X/X,HTFT,5.87,0.18322295805739514,7.55,1 in 5
league_es,GET - RSO,CS 2-1,CS,12.6,0.08535688005886681,7.55,1 in 11
league_es,ALV - ROV,HT/FT 1/2,HTFT,34.8,0.03090507726269316,7.55,1 in 32
league_es,ATH - ATM,HT/FT 1/X,HTFT,17.4,0.06181015452538632,7.55,1 in 16
league_es,GET - MAL,HT CS 0-2,HTCS,20.6,0.05220588235294118,7.54,1 in 19
league_es,ROV - ALV,HT CS 0-3,HTCS,97.5,0.011029411764705883,7.54,1 in 90
league_es,ELC - ESP,CS 0-3,CS,39.5,0.027225901398086828,7.54,1 in 36
league_es,RSO - BET,CS 4-2,CS,91.4,0.011764705882352941,7.53,1 in 85
league_es,BAR - OSA,HT/FT 2/X,HTFT,56.2,0.01913171449595291,7.52,1 in 52
league_es,VAL - BET,CS 3-2,CS,73.1,0.014705882352941176,7.5,1 in 68
league_es,MAL - ATH,CS 3-1,CS,44.3,0.02426470588235294,7.49,1 in 41
league_es,GIR - RMA,CS 2-3,CS,25.2,0.04264705882352941,7.47,1 in 23
league_es,RSO - RMA,CS 1-0,CS,14.9,0.07211184694628403,7.45,1 in 13
league_es,ROV - BET,CS 2-1,CS,15.7,0.0684326710816777,7.44,1 in 14
league_es,RAY - ELC,Over 4.5,OU,10.0,0.10743193524650478,7.43,1 in 9
league_es,RAY - ELC,Exact 0,ExactGoals,10.0,0.10743193524650478,7.43,1 in 9
league_es,RAY - ELC,CS 0-0,CS,10.0,0.10743193524650478,7.43,1 in 9
league_es,BET - ROV,CS 2-3,CS,76.9,0.013970588235294118,7.43,1 in 71
league_es,BAR - MAL,CS 0-3,CS,292.0,0.003679175864606328,7.43,1 in 271
league_es,RAY - ATM,CS 0-5,CS,146.0,0.007358351729212656,7.43,1 in 135
league_es,CEL - MAL,HT/FT 2/1,HTFT,43.0,0.024981631153563555,7.42,1 in 40
league_es,GIR - ESP,HT CS 0-2,HTCS,33.2,0.03235294117647059,7.41,1 in 30
league_es,CEL - ATM,CS 0-4,CS,69.5,0.01545253863134658,7.4,1 in 64
league_es,RSO - RMA,CS 2-2,CS,16.4,0.06548933038999265,7.4,1 in 15
league_es,MAL - GIR,CS 3-3,CS,85.9,0.0125,7.38,1 in 80
league_es,ELC - MAL,Exact 3,ExactGoals,4.23,0.25386313465783666,7.38,1 in 3
league_es,GIR - SEV,Exact 4,ExactGoals,7.26,0.1479028697571744,7.38,1 in 6
league_es,OSA - ATM,HT/FT X/2,HTFT,6.49,0.16544117647058823,7.37,1 in 6
league_es,ESP - VIL,CS 1-2,CS,9.07,0.11838235294117647,7.37,1 in 8
league_es,ROV - ALV,Exact 5,ExactGoals,14.9,0.07205882352941176,7.37,1 in 13
league_es,BET - MAL,CS 0-2,CS,29.8,0.03602941176470588,7.37,1 in 27
league_es,SEV - OSA,HT CS 0-3,HTCS,1460.0,0.0007352941176470588,7.35,1 in 1360
league_es,RAY - BAR,Exact 6,ExactGoals,20.0,0.05367647058823529,7.35,1 in 18
league_es,GIR - RMA,HT CS 3-0,HTCS,365.0,0.0029411764705882353,7.35,1 in 340
league_es,RAY - BET,CS 0-3,CS,20.0,0.05367647058823529,7.35,1 in 18
league_es,ESP - LEV,HT/FT 2/X,HTFT,20.0,0.05367647058823529,7.35,1 in 18
league_es,ATH - VAL,Exact 6,ExactGoals,29.2,0.03676470588235294,7.35,1 in 27
league_es,ALV - ATM,Over 4.5,OU,10.2,0.10522442972774099,7.33,1 in 9
league_es,BET - VIL,Over 4.5,OU,6.88,0.15599705665930833,7.33,1 in 6
league_es,VAL - GIR,HT/FT 1/2,HTFT,42.9,0.025018395879323033,7.33,1 in 39
league_es,OSA - RAY,HT/FT X/2,HTFT,7.89,0.13602941176470587,7.33,1 in 7
league_es,ATM - OSA,HT CS 2-1,HTCS,17.8,0.060294117647058824,7.32,1 in 16
league_es,ATM - ALV,HT CS 3-0,HTCS,13.9,0.07720588235294118,7.32,1 in 12
league_es,RMA - SEV,Exact 6,ExactGoals,17.8,0.060294117647058824,7.32,1 in 16
league_es,MAL - VIL,CS 2-3,CS,31.7,0.03384841795437822,7.3,1 in 29
league_es,ALV - VIL,CS 1-0,CS,12.8,0.0838235294117647,7.29,1 in 11
league_es,LEV - VIL,CS 2-0,CS,25.6,0.04191176470588235,7.29,1 in 23
league_es,ATM - GIR,HT/FT 2/2,HTFT,18.0,0.059602649006622516,7.28,1 in 16
league_es,RAY - VIL,Under 1.5,OU,3.53,0.3038999264164827,7.28,1 in 3
league_es,MAL - BET,Over 3.5,OU,13.5,0.07947019867549669,7.28,1 in 12
league_es,RAY - CEL,HT CS 0-3,HTCS,54.0,0.019867549668874173,7.28,1 in 50
league_es,ELC - VAL,CS 2-0,CS,18.0,0.059602649006622516,7.28,1 in 16
league_es,ELC - VAL,CS 4-0,CS,162.0,0.006622516556291391,7.28,1 in 151
league_es,OSA - RAY,Away Win,1X2,4.11,0.2610294117647059,7.28,1 in 3
league_es,MAL - CEL,CS 3-0,CS,33.9,0.03164091243561442,7.26,1 in 31
league_es,ELC - ROV,CS 2-0,CS,11.3,0.09492273730684327,7.26,1 in 10
league_es,RAY - ELC,Away Win,1X2,3.39,0.3164091243561442,7.26,1 in 3
league_es,ROV - GIR,CS 3-3,CS,91.1,0.01177336276674025,7.26,1 in 84
league_es,ALV - BET,HT/FT 2/1,HTFT,33.9,0.03164091243561442,7.26,1 in 31
league_es,BAR - ROV,HT/FT X/X,HTFT,28.6,0.0375,7.25,1 in 26
league_es,VAL - OSA,CS 0-3,CS,58.3,0.01839587932303164,7.25,1 in 54
league_es,OSA - BAR,HT/FT 1/X,HTFT,34.7,0.03090507726269316,7.24,1 in 32
league_es,ATM - GIR,HT CS 3-0,HTCS,15.5,0.06916850625459897,7.21,1 in 14
league_es,ESP - SEV,CS 2-4,CS,162.0,0.006617647058823529,7.21,1 in 151
league_es,ATH - RMA,Over 3.5,OU,13.5,0.07941176470588235,7.21,1 in 12
league_es,BET - CEL,Exact 1,ExactGoals,5.13,0.20897718910963944,7.21,1 in 4
league_es,RMA - ALV,CS 4-2,CS,40.5,0.026470588235294117,7.21,1 in 37
league_es,BAR - CEL,HT/FT 2/1,HTFT,48.6,0.022058823529411766,7.21,1 in 45
league_es,GET - RMA,CS 1-5,CS,66.2,0.016188373804267846,7.17,1 in 61
league_es,OSA - GET,HT CS 3-0,HTCS,58.3,0.01838235294117647,7.17,1 in 54
league_es,VIL - VAL,CS 0-3,CS,80.9,0.013245033112582781,7.15,1 in 75
league_es,LEV - BET,CS 2-0,CS,24.7,0.04338235294117647,7.15,1 in 23
league_es,ATH - OSA,CS 5-1,CS,104.0,0.010301692420897719,7.14,1 in 97
league_es,ATH - ALV,CS 2-2,CS,22.4,0.047829286239882265,7.14,1 in 20
league_es,GET - RSO,CS 1-3,CS,22.4,0.047829286239882265,7.14,1 in 20
league_es,GIR - OSA,CS 5-1,CS,182.0,0.005886681383370125,7.14,1 in 169
league_es,ELC - ESP,HT CS 0-3,HTCS,112.0,0.009565857247976454,7.14,1 in 104
league_es,CEL - ATH,HT/FT 1/X,HTFT,18.2,0.05886681383370125,7.14,1 in 16
league_es,OSA - MAL,CS 0-3,CS,47.0,0.022794117647058822,7.13,1 in 43
league_es,BAR - VIL,CS 4-1,CS,23.5,0.045588235294117645,7.13,1 in 21
league_es,RMA - BAR,CS 3-3,CS,50.2,0.021339220014716703,7.12,1 in 46
league_es,RSO - ATM,HT/FT 2/1,HTFT,35.5,0.03016924208977189,7.1,1 in 33
league_es,GET - ESP,Exact 0,ExactGoals,9.45,0.11331861662987491,7.09,1 in 8
league_es,GET - ESP,CS 0-0,CS,9.45,0.11331861662987491,7.09,1 in 8
league_es,RAY - VIL,HT/FT 2/1,HTFT,38.3,0.027961736571008096,7.09,1 in 35
league_es,GET - MAL,CS 3-3,CS,112.0,0.009558823529411765,7.06,1 in 104
league_es,RSO - VAL,CS 5-0,CS,182.0,0.0058823529411764705,7.06,1 in 170
league_es,SEV - ALV,HT CS 2-1,HTCS,36.4,0.029411764705882353,7.06,1 in 34
league_es,BET - VAL,CS 6-0,CS,485.0,0.002207505518763797,7.06,1 in 453
league_es,VIL - MAL,CS 0-3,CS,112.0,0.009558823529411765,7.06,1 in 104
league_es,LEV - OSA,Exact 5,ExactGoals,15.0,0.07137601177336277,7.06,1 in 14
league_es,GIR - SEV,HT/FT 2/1,HTFT,40.4,0.026490066225165563,7.02,1 in 37
league_es,BET - ELC,CS 2-3,CS,76.6,0.013970588235294118,7.01,1 in 71
league_es,GET - GIR,CS 3-2,CS,39.3,0.027225901398086828,7.0,1 in 36
league_es,ESP - ATM,CS 1-4,CS,39.3,0.027225901398086828,7.0,1 in 36
league_es,MAL - RMA,HT/FT 1/X,HTFT,39.3,0.027225901398086828,7.0,1 in 36
league_es,RMA - OSA,HT CS 1-2,HTCS,72.7,0.014716703458425313,6.99,1 in 67
league_es,ALV - BAR,CS 2-4,CS,58.2,0.01838235294117647,6.99,1 in 54
league_es,VIL - VAL,Exact 6,ExactGoals,21.7,0.049300956585724795,6.98,1 in 20
league_es,OSA - LEV,HT CS 2-1,HTCS,28.5,0.037527593818984545,6.95,1 in 26
league_es,SEV - RSO,CS 2-2,CS,16.9,0.06328182487122884,6.95,1 in 15
league_es,SEV - RSO,HT/FT 2/X,HTFT,17.1,0.06254598969830757,6.95,1 in 15
league_es,GIR - ESP,HT CS 3-0,HTCS,30.3,0.03529411764705882,6.94,1 in 28
league_es,OSA - RMA,CS 0-5,CS,60.6,0.01764705882352941,6.94,1 in 56
league_es,GIR - RAY,HT/FT 2/1,HTFT,38.3,0.027920646583394562,6.94,1 in 35
league_es,ROV - GIR,CS 0-4,CS,69.2,0.01545253863134658,6.93,1 in 64
league_es,ATH - GIR,HT/FT 2/2,HTFT,13.1,0.08161764705882353,6.92,1 in 12
league_es,ESP - CEL,CS 0-3,CS,22.7,0.047093451066961,6.9,1 in 21
league_es,ELC - BAR,CS 2-4,CS,58.1,0.01839587932303164,6.88,1 in 54
league_es,SEV - RSO,Exact 4,ExactGoals,6.95,0.15378955114054452,6.88,1 in 6
league_es,VIL - ALV,CS 3-1,CS,14.1,0.07579102281089035,6.87,1 in 13
league_es,ALV - GIR,HT/FT X/1,HTFT,8.6,0.12426470588235294,6.87,1 in 8
league_es,BAR - SEV,CS 1-1,CS,9.02,0.11846946284032377,6.86,1 in 8
league_es,CEL - SEV,CS 2-3,CS,80.8,0.01322556943423953,6.86,1 in 75
league_es,CEL - GIR,HT CS 0-2,HTCS,27.4,0.03899926416482708,6.86,1 in 25
league_es,VIL - RAY,HT CS 2-1,HTCS,13.7,0.07799852832965416,6.86,1 in 12
league_es,RSO - ATM,CS 4-1,CS,121.0,0.008830022075055188,6.84,1 in 113
league_es,ATM - ELC,CS 1-3,CS,132.0,0.008094186902133923,6.84,1 in 123
league_es,OSA - ALV,Exact 6,ExactGoals,33.0,0.03237674760853569,6.84,1 in 30
league_es,BET - SEV,CS 5-1,CS,121.0,0.008830022075055188,6.84,1 in 113
league_es,GET - RSO,CS 5-1,CS,484.0,0.002207505518763797,6.84,1 in 453
league_es,ESP - RAY,CS 5-0,CS,363.0,0.0029433406916850625,6.84,1 in 339
league_es,ATM - LEV,Exact 6,ExactGoals,26.4,0.04047093451066961,6.84,1 in 24
league_es,ROV - BET,HT/FT 2/1,HTFT,36.3,0.029433406916850625,6.84,1 in 33
league_es,BAR - RSO,HT/FT X/2,HTFT,16.7,0.06397058823529411,6.83,1 in 15
league_es,GIR - BET,CS 3-0,CS,42.7,0.025018395879323033,6.83,1 in 39
league_es,ATM - ALV,HT/FT 2/X,HTFT,50.1,0.021323529411764706,6.83,1 in 46
league_es,LEV - BET,CS 1-3,CS,16.7,0.06397058823529411,6.83,1 in 15
league_es,RAY - RSO,CS 0-3,CS,22.7,0.047058823529411764,6.82,1 in 21
league_es,VAL - RAY,HT CS 2-0,HTCS,9.55,0.11184694628403238,6.81,1 in 8
league_es,BAR - OSA,HT CS 3-0,HTCS,8.85,0.12067696835908756,6.8,1 in 8
league_es,ATM - ATH,HT CS 0-2,HTCS,35.4,0.03016924208977189,6.8,1 in 33
league_es,RAY - MAL,HT/FT 2/1,HTFT,35.4,0.03016924208977189,6.8,1 in 33
league_es,RMA - LEV,HT CS 1-2,HTCS,63.1,0.01692420897718911,6.79,1 in 59
league_es,ATM - RAY,HT CS 0-2,HTCS,121.0,0.008823529411764706,6.76,1 in 113
league_es,MAL - ATH,HT CS 3-0,HTCS,242.0,0.004411764705882353,6.76,1 in 226
league_es,RMA - BET,CS 6-0,CS,121.0,0.008823529411764706,6.76,1 in 113
league_es,VAL - LEV,CS 5-1,CS,121.0,0.008823529411764706,6.76,1 in 113
league_es,ALV - VIL,HT/FT X/1,HTFT,11.0,0.09705882352941177,6.76,1 in 10
league_es,RSO - OSA,CS 1-4,CS,242.0,0.004411764705882353,6.76,1 in 226
league_es,RMA - ALV,HT CS 0-0,HTCS,6.6,0.16176470588235295,6.76,1 in 6
league_es,ALV - ELC,CS 2-0,CS,11.0,0.09705882352941177,6.76,1 in 10
league_es,ALV - ELC,CS 5-1,CS,242.0,0.004411764705882353,6.76,1 in 226
league_es,VAL - ATH,HT/FT 2/1,HTFT,37.2,0.02869757174392936,6.75,1 in 34
league_es,RMA - ROV,CS 2-0,CS,11.9,0.08970588235294118,6.75,1 in 11
league_es,ATM - ESP,CS 3-2,CS,40.3,0.026490066225165563,6.75,1 in 37
league_es,OSA - GIR,HT CS 2-1,HTCS,19.1,0.05588235294117647,6.74,1 in 17
league_es,BET - OSA,HT/FT X/X,HTFT,5.83,0.18308823529411763,6.74,1 in 5
league_es,ATM - ELC,CS 4-0,CS,19.6,0.054451802796173655,6.73,1 in 18
league_es,RSO - ALV,HT/FT 2/X,HTFT,29.6,0.036055923473142015,6.73,1 in 27
league_es,RSO - GET,HT CS 2-0,HTCS,7.18,0.14863870493009565,6.72,1 in 6
league_es,BET - ROV,CS 4-0,CS,24.6,0.04338235294117647,6.72,1 in 23
league_es,RMA - RAY,Exact 6,ExactGoals,12.5,0.08535688005886681,6.7,1 in 11
league_es,RAY - ELC,CS 0-5,CS,725.0,0.0014716703458425313,6.7,1 in 679
league_es,LEV - GET,CS 3-1,CS,26.4,0.04041146216017634,6.69,1 in 24
league_es,VIL - VAL,CS 4-2,CS,65.9,0.016188373804267846,6.68,1 in 61
league_es,VAL - SEV,HT CS 2-0,HTCS,10.9,0.09786607799852833,6.67,1 in 10
league_es,ATH - OSA,CS 4-2,CS,90.6,0.01177336276674025,6.67,1 in 84
league_es,LEV - RMA,CS 0-3,CS,10.9,0.09786607799852833,6.67,1 in 10
league_es,RAY - ATM,HT CS 2-0,HTCS,90.6,0.01177336276674025,6.67,1 in 84
league_es,VAL - ATH,CS 4-2,CS,207.0,0.0051508462104488595,6.62,1 in 194
league_es,ROV - ALV,CS 4-2,CS,145.0,0.007352941176470588,6.62,1 in 136
league_es,GET - LEV,CS 4-0,CS,161.0,0.006622516556291391,6.62,1 in 151
league_es,LEV - OSA,CS 2-4,CS,161.0,0.006622516556291391,6.62,1 in 151
league_es,ATH - GIR,HT CS 1-2,HTCS,50.0,0.021323529411764706,6.62,1 in 46
league_es,ATM - ROV,Over 4.5,OU,8.05,0.13245033112582782,6.62,1 in 7
league_es,BET - CEL,HT/FT X/1,HTFT,7.1,0.15011037527593818,6.58,1 in 6
league_es,ELC - MAL,HT CS 0-2,HTCS,14.2,0.07505518763796909,6.58,1 in 13
league_es,ROV - ELC,HT CS 0-2,HTCS,20.4,0.05224429727740986,6.58,1 in 19
league_es,RAY - LEV,CS 2-4,CS,181.0,0.005886681383370125,6.55,1 in 169
league_es,BET - GIR,CS 6-0,CS,362.0,0.0029433406916850625,6.55,1 in 339
league_es,LEV - CEL,CS 4-0,CS,181.0,0.005886681383370125,6.55,1 in 169
league_es,GET - RAY,CS 1-3,CS,34.5,0.030882352941176472,6.54,1 in 32
league_es,RMA - BET,HT/FT 1/X,HTFT,12.6,0.08455882352941177,6.54,1 in 11
league_es,GIR - RSO,CS 0-3,CS,32.2,0.03308823529411765,6.54,1 in 30
league_es,OSA - GET,HT CS 0-3,HTCS,161.0,0.006617647058823529,6.54,1 in 151
league_es,SEV - LEV,HT CS 0-2,HTCS,38.1,0.027961736571008096,6.53,1 in 35
league_es,MAL - RMA,CS 3-2,CS,76.2,0.013980868285504048,6.53,1 in 71
league_es,VIL - SEV,HT/FT 1/2,HTFT,43.9,0.02426470588235294,6.52,1 in 41
league_es,RSO - CEL,HT/FT 1/X,HTFT,15.4,0.06916850625459897,6.52,1 in 14
league_es,ALV - BET,CS 0-3,CS,18.8,0.05665930831493746,6.52,1 in 17
league_es,ATH - RAY,Away Win,1X2,6.52,0.16335540838852097,6.51,1 in 6
league_es,VIL - CEL,Exact 6,ExactGoals,26.8,0.039735099337748346,6.49,1 in 25
league_es,BAR - ELC,HT/FT 2/2,HTFT,40.2,0.026490066225165563,6.49,1 in 37
league_es,GIR - RAY,CS 2-1,CS,9.41,0.11315209404849376,6.48,1 in 8
league_es,RMA - BAR,CS 4-1,CS,37.1,0.02869757174392936,6.47,1 in 34
league_es,RAY - RMA,HT CS 0-3,HTCS,12.7,0.0838235294117647,6.46,1 in 11
league_es,BAR - ATH,HT/FT X/X,HTFT,6.16,0.17279411764705882,6.44,1 in 5
league_es,ATM - OSA,HT/FT 1/2,HTFT,57.9,0.01838235294117647,6.43,1 in 54
league_es,ROV - ALV,Over 4.5,OU,10.8,0.09852941176470588,6.41,1 in 10
league_es,ELC - ATM,HT/FT 2/X,HTFT,13.4,0.07941176470588235,6.41,1 in 12
league_es,GET - ESP,HT CS 0-2,HTCS,24.1,0.04415011037527594,6.4,1 in 22
league_es,RSO - ESP,CS 5-0,CS,96.4,0.011037527593818985,6.4,1 in 90
league_es,OSA - ATH,CS 0-5,CS,241.0,0.004415011037527594,6.4,1 in 226
league_es,LEV - MAL,HT/FT X/2,HTFT,7.27,0.1463235294117647,6.38,1 in 6
league_es,ELC - BAR,Home Win,1X2,6.95,0.15305371596762327,6.37,1 in 6
league_es,GIR - ELC,HT/FT 1/X,HTFT,13.9,0.07652685798381163,6.37,1 in 13
league_es,SEV - ATM,HT/FT 1/1,HTFT,9.58,0.11102941176470588,6.37,1 in 9
league_es,VAL - GET,HT/FT 2/1,HTFT,39.1,0.027205882352941177,6.37,1 in 36
league_es,BET - ROV,CS 5-0,CS,62.9,0.016911764705882352,6.37,1 in 59
league_es,ATH - RAY,HT CS 1-2,HTCS,65.7,0.016188373804267846,6.36,1 in 61
league_es,BET - RSO,Over 4.5,OU,7.3,0.1456953642384106,6.36,1 in 6
league_es,BAR - ELC,CS 3-2,CS,29.5,0.036055923473142015,6.36,1 in 27
league_es,ROV - MAL,CS 3-2,CS,43.8,0.024282560706401765,6.36,1 in 41
league_es,OSA - CEL,HT CS 1-2,HTCS,24.1,0.04411764705882353,6.32,1 in 22
league_es,ATM - MAL,HT/FT 2/X,HTFT,48.2,0.022058823529411766,6.32,1 in 45
league_es,ATH - VAL,HT CS 3-0,HTCS,24.1,0.04411764705882353,6.32,1 in 22
league_es,CEL - BAR,HT CS 0-3,HTCS,25.8,0.041206769683590876,6.31,1 in 24
league_es,GIR - ATH,CS 3-1,CS,33.6,0.03164091243561442,6.31,1 in 31
league_es,ATM - VAL,CS 1-3,CS,90.3,0.01177336276674025,6.31,1 in 84
league_es,CEL - VAL,HT/FT X/2,HTFT,9.15,0.1161764705882353,6.3,1 in 8
league_es,RSO - ATM,Exact 6,ExactGoals,32.1,0.033112582781456956,6.29,1 in 30
league_es,RMA - ESP,HT/FT 2/X,HTFT,96.3,0.011037527593818985,6.29,1 in 90
league_es,ELC - VIL,HT/FT 2/X,HTFT,13.5,0.07873436350257543,6.29,1 in 12
league_es,GIR - ATH,CS 3-2,CS,53.5,0.019867549668874173,6.29,1 in 50
league_es,ELC - ATM,Exact 6,ExactGoals,29.5,0.03602941176470588,6.29,1 in 27
league_es,OSA - ELC,Over 4.5,OU,10.1,0.10522442972774099,6.28,1 in 9
league_es,ESP - ELC,HT/FT 1/X,HTFT,15.7,0.06769683590875644,6.28,1 in 14
league_es,ATM - ALV,CS 5-1,CS,80.3,0.013235294117647059,6.28,1 in 75
league_es,RSO - RMA,Draw,1X2,3.99,0.26637233259749815,6.28,1 in 3
league_es,ELC - RAY,Exact 4,ExactGoals,6.63,0.16029411764705884,6.28,1 in 6
league_es,CEL - ESP,HT/FT X/1,HTFT,6.66,0.15955882352941175,6.27,1 in 6
league_es,CEL - ELC,HT CS 3-0,HTCS,24.9,0.042678440029433405,6.27,1 in 23
league_es,ATM - ELC,CS 2-4,CS,722.0,0.0014716703458425313,6.25,1 in 679
league_es,VAL - ATM,Exact 6,ExactGoals,34.4,0.030882352941176472,6.24,1 in 32
league_es,RMA - VAL,CS 5-1,CS,40.1,0.026490066225165563,6.23,1 in 37
league_es,ESP - RSO,CS 3-1,CS,40.1,0.026490066225165563,6.23,1 in 37
league_es,CEL - MAL,Exact 5,ExactGoals,14.6,0.07274063188831742,6.2,1 in 13
league_es,LEV - ATM,HT CS 2-0,HTCS,111.0,0.009565857247976454,6.18,1 in 104
league_es,RAY - ELC,CS 4-2,CS,111.0,0.009565857247976454,6.18,1 in 104
league_es,GIR - OSA,CS 3-1,CS,19.5,0.054451802796173655,6.18,1 in 18
league_es,ROV - ELC,HT CS 3-0,HTCS,55.5,0.01913171449595291,6.18,1 in 52
league_es,BET - ESP,HT CS 1-2,HTCS,48.1,0.02207505518763797,6.18,1 in 45
league_es,RAY - OSA,CS 0-1,CS,8.64,0.12288447387785136,6.17,1 in 8
league_es,SEV - GIR,Exact 4,ExactGoals,6.87,0.1545253863134658,6.16,1 in 6
league_es,ESP - ALV,HT/FT 1/1,HTFT,3.85,0.2757352941176471,6.16,1 in 3
league_es,MAL - ROV,HT CS 3-0,HTCS,60.1,0.017660044150110375,6.14,1 in 56
league_es,BET - CEL,Under 1.5,OU,3.67,0.2891832229580574,6.13,1 in 3
league_es,VIL - RMA,CS 0-4,CS,45.1,0.023529411764705882,6.12,1 in 42
league_es,VAL - SEV,HT/FT 2/1,HTFT,41.2,0.025754231052244298,6.11,1 in 38
league_es,LEV - ROV,Exact 0,ExactGoals,10.3,0.10301692420897719,6.11,1 in 9
league_es,LEV - ROV,CS 0-0,CS,10.3,0.10301692420897719,6.11,1 in 9
league_es,ATH - SEV,HT/FT 1/X,HTFT,14.0,0.07579102281089035,6.11,1 in 13
league_es,ROV - CEL,CS 3-1,CS,37.0,0.028676470588235293,6.1,1 in 34
league_es,RAY - RSO,CS 2-4,CS,111.0,0.009558823529411765,6.1,1 in 104
league_es,GIR - ELC,CS 0-3,CS,80.1,0.013245033112582781,6.09,1 in 75
league_es,GIR - ATH,Home Win,1X2,3.12,0.33995584988962474,6.07,1 in 2
league_es,ESP - RMA,Exact 0,ExactGoals,15.5,0.0684326710816777,6.07,1 in 14
league_es,ESP - RMA,CS 0-0,CS,15.5,0.0684326710816777,6.07,1 in 14
league_es,MAL - ATM,HT CS 2-1,HTCS,49.7,0.021339220014716703,6.06,1 in 46
league_es,VAL - BAR,Exact 6,ExactGoals,20.3,0.05224429727740986,6.06,1 in 19
league_es,RAY - ATH,CS 2-0,CS,28.3,0.03747244673034533,6.05,1 in 26
league_es,ATM - ELC,HT/FT X/X,HTFT,6.58,0.16114790286975716,6.04,1 in 6
league_es,ROV - ATM,Over 4.5,OU,9.07,0.11691176470588235,6.04,1 in 8
league_es,ATM - ALV,Exact 4,ExactGoals,6.27,0.16911764705882354,6.04,1 in 5
league_es,GIR - LEV,HT/FT X/X,HTFT,5.7,0.1860294117647059,6.04,1 in 5
league_es,SEV - ELC,HT/FT 2/1,HTFT,43.7,0.02426470588235294,6.04,1 in 41
league_es,BET - RAY,HT/FT 1/2,HTFT,41.2,0.025735294117647058,6.03,1 in 38
league_es,RMA - VAL,HT CS 1-2,HTCS,65.5,0.016188373804267846,6.03,1 in 61
league_es,ELC - GET,CS 3-1,CS,26.2,0.04047093451066961,6.03,1 in 24
league_es,OSA - VAL,HT/FT X/2,HTFT,8.14,0.13024282560706402,6.02,1 in 7
league_es,OSA - BET,HT/FT 1/1,HTFT,6.21,0.17071376011773362,6.01,1 in 5
league_es,GIR - CEL,HT CS 0-3,HTCS,84.8,0.0125,6.0,1 in 80
league_es,RAY - ALV,HT/FT X/X,HTFT,4.9,0.2163355408388521,6.0,1 in 4
league_es,ALV - RSO,CS 3-0,CS,55.4,0.01913171449595291,5.99,1 in 52
league_es,BET - ATH,HT/FT X/2,HTFT,8.23,0.1287711552612215,5.98,1 in 7
league_es,GET - ATH,CS 1-3,CS,20.3,0.05220588235294118,5.98,1 in 19
league_es,SEV - ATH,HT/FT 1/2,HTFT,40.0,0.026490066225165563,5.96,1 in 37
league_es,ESP - ATM,CS 0-5,CS,96.0,0.011037527593818985,5.96,1 in 90
league_es,GET - RAY,CS 4-2,CS,131.0,0.008088235294117648,5.96,1 in 123
league_es,RSO - ESP,Exact 0,ExactGoals,12.0,0.08830022075055188,5.96,1 in 11
league_es,RSO - ESP,CS 0-0,CS,12.0,0.08830022075055188,5.96,1 in 11
league_es,ESP - ELC,CS 0-4,CS,160.0,0.006622516556291391,5.96,1 in 151
league_es,GIR - ATH,HT CS 0-3,HTCS,72.0,0.014716703458425313,5.96,1 in 67
league_es,ALV - RMA,CS 2-2,CS,18.0,0.05886681383370125,5.96,1 in 16
league_es,VIL - GIR,CS 0-2,CS,32.0,0.033112582781456956,5.96,1 in 30
league_es,MAL - GET,HT/FT 2/X,HTFT,20.0,0.052980132450331126,5.96,1 in 18
league_es,RAY - ROV,HT CS 0-3,HTCS,160.0,0.006622516556291391,5.96,1 in 151
league_es,MAL - ATM,HT/FT X/1,HTFT,12.0,0.08830022075055188,5.96,1 in 11
league_es,ATM - ROV,HT/FT 1/X,HTFT,14.4,0.07358351729212656,5.96,1 in 13
league_es,ATH - ATM,HT CS 0-3,HTCS,96.0,0.011037527593818985,5.96,1 in 90
league_es,CEL - GET,HT CS 1-2,HTCS,48.0,0.02207505518763797,5.96,1 in 45
league_es,VIL - BET,HT/FT 1/X,HTFT,15.0,0.0706401766004415,5.96,1 in 14
league_es,GIR - SEV,HT/FT 1/X,HTFT,15.0,0.0706401766004415,5.96,1 in 14
league_es,MAL - VAL,HT/FT 1/2,HTFT,32.0,0.033112582781456956,5.96,1 in 30
league_es,ALV - GET,Exact 0,ExactGoals,9.23,0.11479028697571744,5.95,1 in 8
league_es,ALV - GET,CS 0-0,CS,9.23,0.11479028697571744,5.95,1 in 8
league_es,ATM - VAL,HT CS 1-1,HTCS,7.74,0.1368653421633554,5.93,1 in 7
league_es,RMA - BAR,HT CS 2-0,HTCS,8.94,0.11846946284032377,5.91,1 in 8
league_es,GET - VIL,CS 2-3,CS,37.9,0.027941176470588237,5.9,1 in 35
league_es,ELC - LEV,CS 4-0,CS,75.8,0.013970588235294118,5.9,1 in 71
league_es,CEL - RSO,CS 4-2,CS,144.0,0.007352941176470588,5.88,1 in 136
league_es,VAL - ROV,CS 6-0,CS,360.0,0.0029411764705882353,5.88,1 in 340
league_es,ALV - GIR,CS 4-0,CS,144.0,0.007352941176470588,5.88,1 in 136
league_es,ROV - CEL,HT CS 2-0,HTCS,24.0,0.04411764705882353,5.88,1 in 22
league_es,ROV - ESP,CS 2-3,CS,48.0,0.022058823529411766,5.88,1 in 45
league_es,MAL - GIR,CS 1-5,CS,360.0,0.0029411764705882353,5.88,1 in 340
league_es,ATH - OSA,Exact 5,ExactGoals,13.2,0.08020603384841796,5.87,1 in 12
league_es,RSO - BAR,HT/FT X/1,HTFT,10.9,0.09713024282560706,5.87,1 in 10
league_es,CEL - RSO,CS 2-0,CS,11.8,0.08970588235294118,5.85,1 in 11
league_es,ATH - MAL,CS 1-3,CS,75.7,0.013980868285504048,5.84,1 in 71
league_es,SEV - GET,HT CS 2-0,HTCS,12.4,0.08535688005886681,5.84,1 in 11
league_es,VIL - ALV,CS 4-1,CS,30.6,0.034584253127299486,5.83,1 in 28
league_es,RAY - VAL,Under 1.5,OU,3.06,0.34584253127299486,5.83,1 in 2
league_es,RAY - CEL,HT CS 2-1,HTCS,30.6,0.034584253127299486,5.83,1 in 28
league_es,LEV - RMA,CS 3-1,CS,79.9,0.013245033112582781,5.83,1 in 75
league_es,ATM - SEV,Over 4.5,OU,10.2,0.10375275938189846,5.83,1 in 9
league_es,ESP - VIL,HT/FT 2/1,HTFT,36.9,0.028676470588235293,5.82,1 in 34
league_es,RMA - BAR,HT CS 0-2,HTCS,19.7,0.05371596762325239,5.82,1 in 18
league_es,CEL - VAL,CS 1-3,CS,36.9,0.028676470588235293,5.82,1 in 34
league_es,LEV - ESP,HT/FT 2/X,HTFT,19.7,0.05371596762325239,5.82,1 in 18
league_es,GET - ATM,HT CS 1-2,HTCS,19.7,0.05371596762325239,5.82,1 in 18
league_es,ALV - ATH,HT/FT X/2,HTFT,6.54,0.16176470588235295,5.79,1 in 6
league_es,RSO - VAL,HT/FT 1/2,HTFT,32.7,0.03235294117647059,5.79,1 in 30
league_es,ELC - OSA,Over 4.5,OU,10.9,0.09705882352941177,5.79,1 in 10
league_es,BAR - BET,HT CS 0-2,HTCS,57.5,0.01839587932303164,5.78,1 in 54
league_es,LEV - ESP,CS 1-2,CS,12.5,0.08462104488594555,5.78,1 in 11
league_es,RMA - ELC,Draw,1X2,5.25,0.20147058823529412,5.77,1 in 4
league_es,ALV - VAL,CS 0-4,CS,75.7,0.013970588235294118,5.76,1 in 71
league_es,BET - OSA,Draw,1X2,3.66,0.2889705882352941,5.76,1 in 3
league_es,SEV - RSO,Over 3.5,OU,4.29,0.246504782928624,5.75,1 in 4
league_es,GET - BAR,HT/FT 1/X,HTFT,35.1,0.030124908155767818,5.74,1 in 33
league_es,ALV - BET,CS 3-3,CS,89.8,0.01177336276674025,5.72,1 in 84
league_es,BAR - ELC,HT/FT 1/2,HTFT,65.3,0.016188373804267846,5.71,1 in 61
league_es,ATH - MAL,CS 0-2,CS,37.8,0.027961736571008096,5.7,1 in 35
league_es,ATH - LEV,CS 5-0,CS,62.5,0.016911764705882352,5.7,1 in 59
league_es,GIR - MAL,HT/FT 2/X,HTFT,22.1,0.047829286239882265,5.7,1 in 20
league_es,MAL - ELC,CS 3-3,CS,84.5,0.012509197939661517,5.7,1 in 79
league_es,ATM - GET,CS 5-1,CS,84.5,0.012509197939661517,5.7,1 in 79
league_es,GET - CEL,HT/FT 2/X,HTFT,16.9,0.06254598969830757,5.7,1 in 15
league_es,CEL - VIL,HT/FT 2/X,HTFT,18.9,0.05592347314201619,5.7,1 in 17
league_es,ATM - ROV,HT CS 0-1,HTCS,18.9,0.05592347314201619,5.7,1 in 17
league_es,LEV - RSO,HT CS 0-3,HTCS,37.8,0.027961736571008096,5.7,1 in 35
league_es,BAR - ATM,Over 4.5,OU,9.04,0.11691176470588235,5.69,1 in 8
league_es,ELC - RMA,HT/FT 1/1,HTFT,16.7,0.06328182487122884,5.68,1 in 15
league_es,RAY - ALV,Exact 6,ExactGoals,35.9,0.029433406916850625,5.67,1 in 33
league_es,OSA - VIL,CS 2-3,CS,35.9,0.029433406916850625,5.67,1 in 33
league_es,LEV - RSO,HT/FT 1/2,HTFT,35.9,0.029433406916850625,5.67,1 in 33
league_es,VAL - ALV,HT CS 2-1,HTCS,14.8,0.07137601177336277,5.64,1 in 14
league_es,LEV - ESP,HT/FT 2/2,HTFT,5.5,0.19205298013245034,5.63,1 in 5
league_es,BET - SEV,CS 0-3,CS,95.7,0.011037527593818985,5.63,1 in 90
league_es,ALV - VAL,CS 3-2,CS,53.2,0.019852941176470587,5.62,1 in 50
league_es,ELC - BET,HT CS 1-2,HTCS,13.3,0.07941176470588235,5.62,1 in 12
league_es,RSO - GET,HT/FT 2/X,HTFT,29.9,0.03532008830022075,5.61,1 in 28
league_es,ELC - ATH,HT/FT 1/1,HTFT,13.8,0.07652685798381163,5.61,1 in 13
league_es,ATM - ESP,HT/FT 1/2,HTFT,55.2,0.01913171449595291,5.61,1 in 52
league_es,SEV - MAL,Over 4.5,OU,46.3,0.022810890360559236,5.61,1 in 43
league_es,RSO - RMA,HT/FT 2/X,HTFT,13.8,0.07652685798381163,5.61,1 in 13
league_es,ALV - OSA,Exact 0,ExactGoals,9.32,0.11331861662987491,5.61,1 in 8
league_es,ALV - OSA,CS 0-0,CS,9.32,0.11331861662987491,5.61,1 in 8
league_es,LEV - VIL,CS 1-2,CS,8.92,0.11838235294117647,5.6,1 in 8
league_es,RMA - LEV,HT/FT 2/X,HTFT,57.4,0.01839587932303164,5.59,1 in 54
league_es,OSA - CEL,HT/FT 1/2,HTFT,35.9,0.029411764705882353,5.59,1 in 34
league_es,ELC - ATH,CS 4-1,CS,287.0,0.003679175864606328,5.59,1 in 271
league_es,CEL - GIR,CS 0-3,CS,57.4,0.01839587932303164,5.59,1 in 54
league_es,OSA - BAR,CS 4-1,CS,287.0,0.003679175864606328,5.59,1 in 271
league_es,ESP - CEL,Exact 4,ExactGoals,7.0,0.15084621044885946,5.59,1 in 6
league_es,BAR - SEV,Away Win,1X2,9.63,0.10963944076526858,5.58,1 in 9
league_es,ATH - RAY,HT/FT X/1,HTFT,6.93,0.152317880794702,5.56,1 in 6
league_es,ATH - OSA,Over 4.5,OU,9.5,0.1111111111111111,5.56,1 in 9
league_es,OSA - ESP,CS 1-3,CS,65.2,0.016188373804267846,5.55,1 in 61
league_es,ROV - ESP,Exact 5,ExactGoals,14.5,0.07279411764705883,5.55,1 in 13
league_es,VAL - VIL,HT/FT 2/X,HTFT,16.5,0.06397058823529411,5.55,1 in 15
league_es,OSA - MAL,Exact 1,ExactGoals,4.63,0.22794117647058823,5.54,1 in 4
league_es,GET - BET,HT CS 1-0,HTCS,6.83,0.1545253863134658,5.54,1 in 6
league_es,RAY - SEV,CS 3-1,CS,31.2,0.033823529411764704,5.53,1 in 29
league_es,RMA - MAL,Exact 0,ExactGoals,20.2,0.05224429727740986,5.53,1 in 19
league_es,RMA - MAL,CS 0-0,CS,20.2,0.05224429727740986,5.53,1 in 19
league_es,RAY - RMA,CS 0-5,CS,55.2,0.01911764705882353,5.53,1 in 52
league_es,ATM - ELC,CS 5-1,CS,71.7,0.014716703458425313,5.52,1 in 67
league_es,VAL - RMA,CS 0-6,CS,239.0,0.004415011037527594,5.52,1 in 226
league_es,RMA - ATH,CS 6-0,CS,239.0,0.004415011037527594,5.52,1 in 226
league_es,GIR - VAL,HT CS 2-1,HTCS,17.5,0.060294117647058824,5.51,1 in 16
league_es,BAR - ALV,HT CS 2-1,HTCS,10.7,0.09860191317144959,5.5,1 in 10
league_es,ATM - GET,HT/FT X/1,HTFT,6.86,0.15378955114054452,5.5,1 in 6
league_es,ESP - ATH,HT CS 2-1,HTCS,53.1,0.019867549668874173,5.5,1 in 50
league_es,ROV - ELC,Exact 5,ExactGoals,13.4,0.07873436350257543,5.5,1 in 12
league_es,ELC - VAL,CS 3-3,CS,89.6,0.01177336276674025,5.49,1 in 84
league_es,RSO - OSA,Draw,1X2,3.56,0.2963235294117647,5.49,1 in 3
league_es,MAL - OSA,HT CS 2-0,HTCS,12.8,0.08241353936718175,5.49,1 in 12
league_es,MAL - GET,HT/FT X/2,HTFT,8.53,0.12362030905077263,5.45,1 in 8
league_es,RMA - ATM,CS 2-0,CS,8.9,0.11846946284032377,5.44,1 in 8
league_es,RMA - CEL,CS 3-3,CS,79.6,0.013245033112582781,5.43,1 in 75
league_es,RSO - ESP,Over 4.5,OU,8.14,0.12950699043414277,5.42,1 in 7
league_es,GET - ATM,CS 1-4,CS,49.4,0.021339220014716703,5.42,1 in 46
league_es,MAL - ROV,Exact 6,ExactGoals,57.3,0.01839587932303164,5.41,1 in 54
league_es,BET - RMA,HT/FT 1/X,HTFT,23.5,0.04485294117647059,5.4,1 in 22
league_es,BAR - ATH,HT CS 1-2,HTCS,30.5,0.03455882352941177,5.4,1 in 28
league_es,ELC - BAR,HT/FT 2/1,HTFT,43.4,0.024282560706401765,5.39,1 in 41
league_es,GIR - RAY,HT CS 2-1,HTCS,16.3,0.06465833945628215,5.39,1 in 15
league_es,ROV - ATH,Over 4.5,OU,8.84,0.11920529801324503,5.38,1 in 8
league_es,BAR - BET,HT/FT 2/X,HTFT,35.8,0.029433406916850625,5.37,1 in 33
league_es,RSO - RAY,CS 2-2,CS,17.9,0.05886681383370125,5.37,1 in 16
league_es,CEL - OSA,HT CS 2-1,HTCS,17.9,0.05886681383370125,5.37,1 in 16
league_es,LEV - BET,HT CS 0-3,HTCS,28.1,0.0375,5.37,1 in 26
league_es,ESP - ELC,Exact 6,ExactGoals,33.3,0.03164091243561442,5.36,1 in 31
league_es,RAY - LEV,Exact 6,ExactGoals,33.3,0.03164091243561442,5.36,1 in 31
league_es,GET - ALV,HT CS 2-1,HTCS,19.9,0.052941176470588235,5.35,1 in 18
league_es,ROV - VIL,CS 3-0,CS,84.2,0.012509197939661517,5.33,1 in 79
league_es,RMA - ELC,HT/FT 2/1,HTFT,68.2,0.015441176470588236,5.31,1 in 64
league_es,MAL - GIR,CS 0-2,CS,15.4,0.06838235294117648,5.31,1 in 14
league_es,ATH - ROV,HT/FT 2/X,HTFT,43.4,0.02426470588235294,5.31,1 in 41
league_es,VIL - RAY,Over 3.5,OU,3.56,0.2958057395143488,5.31,1 in 3
league_es,SEV - ATH,HT/FT X/2,HTFT,6.98,0.15084621044885946,5.29,1 in 6
league_es,SEV - ALV,HT/FT 1/X,HTFT,17.9,0.058823529411764705,5.29,1 in 17
league_es,ESP - RAY,HT/FT 1/2,HTFT,34.9,0.03016924208977189,5.29,1 in 33
league_es,ESP - OSA,Exact 6,ExactGoals,75.3,0.013980868285504048,5.28,1 in 71
league_es,RAY - GET,HT/FT 2/X,HTFT,19.6,0.05371596762325239,5.28,1 in 18
league_es,ALV - ATH,CS 2-3,CS,42.1,0.025,5.25,1 in 40
league_es,ATM - CEL,HT/FT 2/X,HTFT,42.1,0.025,5.25,1 in 40
league_es,ATM - VIL,HT/FT 2/X,HTFT,29.8,0.03532008830022075,5.25,1 in 28
league_es,OSA - ELC,HT/FT 2/X,HTFT,22.7,0.046357615894039736,5.23,1 in 21
league_es,ALV - GET,HT CS 0-3,HTCS,110.0,0.009565857247976454,5.22,1 in 104
league_es,ESP - BAR,HT CS 1-0,HTCS,13.0,0.08094186902133922,5.22,1 in 12
league_es,BAR - VAL,HT/FT 1/2,HTFT,47.7,0.022058823529411766,5.22,1 in 45
league_es,BET - LEV,CS 1-5,CS,1430.0,0.0007358351729212656,5.22,1 in 1359
league_es,LEV - ESP,CS 5-1,CS,286.0,0.003679175864606328,5.22,1 in 271
league_es,SEV - LEV,CS 4-1,CS,55.0,0.01913171449595291,5.22,1 in 52
league_es,RSO - CEL,CS 2-3,CS,55.0,0.01913171449595291,5.22,1 in 52
league_es,ELC - GET,CS 4-2,CS,130.0,0.008094186902133923,5.22,1 in 123
league_es,VAL - RAY,CS 1-5,CS,1430.0,0.0007358351729212656,5.22,1 in 1359
league_es,LEV - CEL,CS 0-4,CS,65.0,0.016188373804267846,5.22,1 in 61
league_es,OSA - SEV,HT/FT X/X,HTFT,3.32,0.31691176470588234,5.21,1 in 3
league_es,GIR - VAL,CS 1-3,CS,29.2,0.03602941176470588,5.21,1 in 27
league_es,RSO - BAR,CS 3-3,CS,79.4,0.013245033112582781,5.17,1 in 75
league_es,LEV - RMA,Exact 3,ExactGoals,4.06,0.25901398086828553,5.16,1 in 3
league_es,ESP - GIR,CS 4-0,CS,143.0,0.007352941176470588,5.15,1 in 136
league_es,GIR - ROV,CS 0-5,CS,1430.0,0.0007352941176470588,5.15,1 in 1360
league_es,ATH - VIL,HT/FT 1/X,HTFT,14.3,0.07352941176470588,5.15,1 in 13
league_es,CEL - VAL,Exact 0,ExactGoals,10.0,0.10514705882352941,5.15,1 in 9
league_es,CEL - VAL,CS 0-0,CS,10.0,0.10514705882352941,5.15,1 in 9
league_es,ALV - BAR,HT CS 3-0,HTCS,715.0,0.0014705882352941176,5.15,1 in 680
league_es,RSO - BET,Exact 0,ExactGoals,13.0,0.08088235294117647,5.15,1 in 12
league_es,RSO - BET,CS 0-0,CS,13.0,0.08088235294117647,5.15,1 in 12
league_es,ESP - ALV,CS 6-0,CS,1430.0,0.0007352941176470588,5.15,1 in 1360
league_es,RMA - VIL,HT/FT X/X,HTFT,7.52,0.13980868285504047,5.14,1 in 7
league_es,LEV - ESP,CS 4-1,CS,75.2,0.013980868285504048,5.14,1 in 71
league_es,ELC - ROV,CS 3-3,CS,89.3,0.01177336276674025,5.14,1 in 84
league_es,OSA - ROV,CS 0-3,CS,75.2,0.013980868285504048,5.14,1 in 71
league_es,CEL - OSA,HT CS 0-2,HTCS,37.6,0.027961736571008096,5.14,1 in 35
league_es,ESP - BET,CS 2-4,CS,84.1,0.0125,5.13,1 in 80
league_es,ALV - ELC,HT/FT X/X,HTFT,5.07,0.2073529411764706,5.13,1 in 4
league_es,LEV - BET,HT/FT 1/1,HTFT,8.41,0.125,5.13,1 in 8
league_es,SEV - ELC,HT CS 0-1,HTCS,8.36,0.12573529411764706,5.11,1 in 7
league_es,RAY - LEV,Exact 0,ExactGoals,9.85,0.10669610007358352,5.1,1 in 9
league_es,RAY - LEV,CS 0-0,CS,9.85,0.10669610007358352,5.1,1 in 9
league_es,RAY - ALV,HT CS 0-2,HTCS,20.7,0.05077262693156733,5.1,1 in 19
league_es,RAY - SEV,HT/FT X/1,HTFT,7.81,0.13455882352941176,5.09,1 in 7
league_es,RSO - GIR,HT CS 0-3,HTCS,204.0,0.0051508462104488595,5.08,1 in 194
league_es,MAL - CEL,CS 0-4,CS,102.0,0.010301692420897719,5.08,1 in 97
league_es,OSA - RSO,HT CS 1-2,HTCS,20.4,0.051508462104488596,5.08,1 in 19
league_es,BET - VIL,HT CS 1-2,HTCS,16.8,0.06254598969830757,5.08,1 in 15
league_es,CEL - LEV,CS 3-3,CS,119.0,0.008830022075055188,5.08,1 in 113
league_es,RAY - CEL,CS 0-3,CS,23.8,0.04415011037527594,5.08,1 in 22
league_es,ALV - LEV,CS 2-2,CS,17.0,0.06181015452538632,5.08,1 in 16
league_es,VAL - GIR,HT/FT 1/X,HTFT,17.0,0.06181015452538632,5.08,1 in 16
league_es,GET - CEL,CS 2-1,CS,11.9,0.08830022075055188,5.08,1 in 11
league_es,GIR - GET,CS 0-4,CS,238.0,0.004415011037527594,5.08,1 in 226
league_es,CEL - ATH,CS 3-3,CS,119.0,0.008830022075055188,5.08,1 in 113
league_es,ROV - BET,HT CS 2-0,HTCS,35.7,0.029433406916850625,5.08,1 in 33
league_es,GIR - ATH,HT/FT X/1,HTFT,8.35,0.12582781456953643,5.07,1 in 7
league_es,ATM - ELC,Exact 0,ExactGoals,11.8,0.08903605592347315,5.06,1 in 11
league_es,ATM - ELC,CS 0-0,CS,11.8,0.08903605592347315,5.06,1 in 11
league_es,GIR - RMA,HT CS 0-3,HTCS,15.2,0.06911764705882353,5.06,1 in 14
league_es,GET - RSO,HT CS 1-1,HTCS,6.29,0.1670345842531273,5.06,1 in 5
league_es,ATM - BET,Away Win,1X2,6.18,0.16997792494481237,5.05,1 in 5
league_es,BAR - SEV,Exact 0,ExactGoals,16.6,0.06328182487122884,5.05,1 in 15
league_es,BAR - SEV,CS 0-0,CS,16.6,0.06328182487122884,5.05,1 in 15
league_es,GIR - VIL,HT CS 2-1,HTCS,23.4,0.044885945548197206,5.03,1 in 22
league_es,VAL - ATH,HT/FT 1/X,HTFT,21.3,0.049300956585724795,5.01,1 in 20
league_es,BET - ESP,Exact 6,ExactGoals,21.3,0.049300956585724795,5.01,1 in 20
league_es,ATH - SEV,HT CS 3-0,HTCS,21.3,0.049300956585724795,5.01,1 in 20
league_es,ROV - OSA,CS 0-4,CS,102.0,0.010294117647058823,5.0,1 in 97
league_es,RAY - SEV,CS 0-4,CS,119.0,0.008823529411764706,5.0,1 in 113
league_es,SEV - OSA,CS 0-4,CS,714.0,0.0014705882352941176,5.0,1 in 680
league_es,VIL - ROV,CS 1-3,CS,75.1,0.013980868285504048,5.0,1 in 71
league_es,ESP - MAL,HT/FT 1/2,HTFT,34.0,0.030882352941176472,5.0,1 in 32
league_es,ROV - LEV,CS 4-2,CS,119.0,0.008823529411764706,5.0,1 in 113
league_es,ALV - BAR,HT CS 2-1,HTCS,51.0,0.020588235294117647,5.0,1 in 48
league_es,ATH - GIR,CS 4-1,CS,35.7,0.029411764705882353,5.0,1 in 34
league_es,BET - ELC,Exact 6,ExactGoals,20.4,0.051470588235294115,5.0,1 in 19
league_es,LEV - BET,CS 0-6,CS,476.0,0.0022058823529411764,5.0,1 in 453
league_es,LEV - BET,HT CS 3-0,HTCS,238.0,0.004411764705882353,5.0,1 in 226
league_es,GIR - LEV,Exact 6,ExactGoals,24.2,0.04338235294117647,4.99,1 in 23
league_es,MAL - RAY,HT/FT 2/1,HTFT,34.8,0.03016924208977189,4.99,1 in 33
league_es,RSO - RAY,CS 0-3,CS,95.1,0.011037527593818985,4.97,1 in 90
league_es,BET - RMA,HT/FT X/1,HTFT,11.7,0.08970588235294118,4.96,1 in 11
league_es,ELC - CEL,CS 0-3,CS,23.4,0.04485294117647059,4.96,1 in 22
league_es,RSO - BET,Exact 6,ExactGoals,23.4,0.04485294117647059,4.96,1 in 22
league_es,RMA - VIL,CS 1-0,CS,8.97,0.11699779249448124,4.95,1 in 8
league_es,ATM - ESP,HT CS 0-1,HTCS,15.5,0.06769683590875644,4.93,1 in 14
league_es,VAL - CEL,HT/FT X/X,HTFT,4.85,0.2163355408388521,4.92,1 in 4
league_es,BET - ELC,CS 2-0,CS,7.84,0.1338235294117647,4.92,1 in 7
league_es,ESP - MAL,HT/FT 1/X,HTFT,17.4,0.060294117647058824,4.91,1 in 16
league_es,GIR - RMA,HT/FT 1/1,HTFT,12.3,0.08529411764705883,4.91,1 in 11
league_es,LEV - VIL,Exact 6,ExactGoals,24.6,0.04264705882352941,4.91,1 in 23
league_es,ESP - LEV,HT/FT X/1,HTFT,7.47,0.14044117647058824,4.91,1 in 7
league_es,RAY - VIL,Exact 1,ExactGoals,4.95,0.2119205298013245,4.9,1 in 4
league_es,RMA - MAL,CS 4-2,CS,43.2,0.024282560706401765,4.9,1 in 41
league_es,RSO - BAR,Exact 0,ExactGoals,14.4,0.0728476821192053,4.9,1 in 13
league_es,RSO - BAR,CS 0-0,CS,14.4,0.0728476821192053,4.9,1 in 13
league_es,SEV - MAL,Over 3.5,OU,13.2,0.07947019867549669,4.9,1 in 12
league_es,SEV - GIR,CS 5-1,CS,285.0,0.003679175864606328,4.86,1 in 271
league_es,ROV - LEV,CS 0-1,CS,9.26,0.11323529411764706,4.86,1 in 8
league_es,ELC - SEV,CS 5-0,CS,475.0,0.002207505518763797,4.86,1 in 453
league_es,ELC - GET,CS 1-2,CS,11.4,0.09197939661515821,4.86,1 in 10
league_es,VIL - RAY,CS 4-2,CS,75.0,0.013980868285504048,4.86,1 in 71
league_es,SEV - CEL,CS 1-5,CS,475.0,0.002207505518763797,4.86,1 in 453
league_es,BAR - ROV,HT CS 2-1,HTCS,6.79,0.15441176470588236,4.85,1 in 6
league_es,MAL - SEV,HT CS 3-0,HTCS,71.3,0.014705882352941176,4.85,1 in 68
league_es,GET - MAL,HT CS 2-0,HTCS,13.2,0.07941176470588235,4.82,1 in 12
league_es,BAR - ROV,Draw,1X2,10.8,0.09705882352941177,4.82,1 in 10
league_es,MAL - SEV,CS 2-2,CS,17.6,0.05955882352941176,4.82,1 in 16
league_es,RMA - BET,HT CS 1-2,HTCS,39.6,0.026470588235294117,4.82,1 in 37
league_es,LEV - VIL,HT/FT X/2,HTFT,7.2,0.14558823529411766,4.82,1 in 6
league_es,OSA - RMA,HT/FT 2/1,HTFT,43.2,0.02426470588235294,4.82,1 in 41
league_es,ELC - RAY,CS 2-3,CS,43.2,0.02426470588235294,4.82,1 in 41
league_es,VIL - RMA,Exact 4,ExactGoals,5.44,0.19264705882352942,4.8,1 in 5
league_es,CEL - ALV,HT/FT 2/X,HTFT,30.3,0.034584253127299486,4.79,1 in 28
league_es,SEV - MAL,HT CS 0-1,HTCS,7.05,0.14863870493009565,4.79,1 in 6
league_es,ROV - CEL,Exact 5,ExactGoals,15.0,0.06985294117647059,4.78,1 in 14
league_es,SEV - ATM,CS 1-0,CS,11.4,0.09191176470588236,4.78,1 in 10
league_es,LEV - ELC,HT/FT 2/1,HTFT,35.6,0.029433406916850625,4.78,1 in 33
league_es,ALV - ESP,HT/FT 2/1,HTFT,35.6,0.029433406916850625,4.78,1 in 33
league_es,SEV - RAY,HT CS 0-3,HTCS,178.0,0.005886681383370125,4.78,1 in 169
league_es,BET - ATM,HT CS 1-2,HTCS,15.0,0.06985294117647059,4.78,1 in 14
league_es,ALV - MAL,HT CS 1-2,HTCS,22.6,0.046357615894039736,4.77,1 in 21
league_es,VIL - GIR,HT/FT X/2,HTFT,12.6,0.08314937454010302,4.77,1 in 12
league_es,VIL - RSO,CS 4-1,CS,41.9,0.025,4.75,1 in 40
league_es,RAY - ROV,HT/FT 2/1,HTFT,36.5,0.02869757174392936,4.75,1 in 34
league_es,RSO - ROV,CS 1-2,CS,18.5,0.05661764705882353,4.74,1 in 17
league_es,ELC - CEL,HT CS 3-0,HTCS,178.0,0.0058823529411764705,4.71,1 in 170
league_es,VIL - CEL,Draw,1X2,3.34,0.31346578366445915,4.7,1 in 3
league_es,OSA - ESP,HT CS 2-0,HTCS,15.3,0.0684326710816777,4.7,1 in 14
league_es,CEL - OSA,Exact 4,ExactGoals,7.15,0.14643119941133187,4.7,1 in 6
league_es,ALV - BET,HT CS 2-1,HTCS,27.9,0.037527593818984545,4.7,1 in 26
league_es,BET - ATM,Over 3.5,OU,3.49,0.3,4.7,1 in 3
league_es,CEL - ATM,HT/FT X/2,HTFT,6.94,0.15084621044885946,4.69,1 in 6
league_es,BET - ATH,CS 0-1,CS,9.12,0.11479028697571744,4.69,1 in 8
league_es,RMA - MAL,CS 0-1,CS,34.7,0.03016924208977189,4.69,1 in 33
league_es,VAL - ELC,CS 0-3,CS,88.9,0.01177336276674025,4.67,1 in 84
league_es,ELC - BAR,HT CS 2-1,HTCS,50.8,0.020603384841795438,4.67,1 in 48
league_es,ALV - RSO,CS 1-4,CS,56.9,0.01839587932303164,4.67,1 in 54
league_es,BET - OSA,CS 3-3,CS,94.9,0.011029411764705883,4.67,1 in 90
league_es,GET - RSO,HT/FT X/1,HTFT,8.78,0.11920529801324503,4.66,1 in 8
league_es,GET - BET,Under 1.5,OU,3.3,0.31714495952906546,4.66,1 in 3
league_es,GET - ELC,CS 0-3,CS,59.3,0.01764705882352941,4.65,1 in 56
league_es,RSO - GIR,CS 0-4,CS,237.0,0.004415011037527594,4.64,1 in 226
league_es,ATM - ELC,CS 1-4,CS,711.0,0.0014716703458425313,4.64,1 in 679
league_es,ATH - RAY,HT/FT 2/X,HTFT,39.5,0.026490066225165563,4.64,1 in 37
league_es,VAL - OSA,HT CS 1-1,HTCS,6.87,0.152317880794702,4.64,1 in 6
league_es,SEV - GET,HT/FT 1/X,HTFT,15.8,0.06622516556291391,4.64,1 in 15
league_es,ELC - SEV,HT/FT X/1,HTFT,7.9,0.13245033112582782,4.64,1 in 7
league_es,SEV - RAY,HT/FT X/1,HTFT,7.11,0.14716703458425312,4.64,1 in 6
league_es,VIL - ELC,HT CS 0-1,HTCS,13.3,0.07867647058823529,4.64,1 in 12
league_es,VIL - GET,CS 1-2,CS,23.7,0.04415011037527594,4.64,1 in 22
league_es,ATM - SEV,CS 3-1,CS,15.8,0.06622516556291391,4.64,1 in 15
league_es,RSO - ROV,CS 3-3,CS,83.7,0.0125,4.63,1 in 80
league_es,LEV - RAY,CS 2-3,CS,45.9,0.022794117647058822,4.62,1 in 43
league_es,OSA - CEL,HT/FT 2/2,HTFT,4.79,0.21838235294117647,4.61,1 in 4
league_es,ROV - ELC,Over 4.5,OU,9.67,0.10816777041942605,4.6,1 in 9
league_es,ELC - CEL,HT/FT X/1,HTFT,9.06,0.11544117647058824,4.59,1 in 8
league_es,SEV - ALV,Exact 4,ExactGoals,11.2,0.09338235294117647,4.59,1 in 10
league_es,CEL - BET,CS 2-1,CS,10.3,0.10154525386313466,4.59,1 in 9
league_es,GET - ROV,Exact 6,ExactGoals,30.9,0.03384841795437822,4.59,1 in 29
league_es,LEV - GIR,HT CS 1-2,HTCS,18.7,0.05592347314201619,4.58,1 in 17
league_es,RMA - VIL,CS 1-1,CS,8.41,0.1243561442236939,4.58,1 in 8
league_es,ROV - VAL,CS 2-3,CS,37.4,0.027961736571008096,4.58,1 in 35
league_es,VAL - CEL,HT CS 3-0,HTCS,74.8,0.013980868285504048,4.58,1 in 71
league_es,GET - SEV,CS 4-1,CS,83.6,0.012509197939661517,4.58,1 in 79
league_es,CEL - ATH,HT/FT 2/1,HTFT,37.4,0.027961736571008096,4.58,1 in 35
league_es,ROV - OSA,CS 4-2,CS,158.0,0.006617647058823529,4.56,1 in 151
league_es,SEV - ROV,CS 1-4,CS,237.0,0.004411764705882353,4.56,1 in 226
league_es,ATH - OSA,HT/FT 1/X,HTFT,14.5,0.07211184694628403,4.56,1 in 13
league_es,VIL - VAL,CS 0-1,CS,14.8,0.0706401766004415,4.55,1 in 14
league_es,GET - ROV,CS 2-3,CS,59.2,0.017660044150110375,4.55,1 in 56
league_es,LEV - ESP,HT CS 0-1,HTCS,5.75,0.1817512877115526,4.51,1 in 5
league_es,LEV - RAY,Over 4.5,OU,10.3,0.10147058823529412,4.51,1 in 9
league_es,RAY - ESP,Exact 0,ExactGoals,10.0,0.10448859455481972,4.49,1 in 9
league_es,RAY - ESP,CS 0-0,CS,10.0,0.10448859455481972,4.49,1 in 9
league_es,ATM - ATH,CS 1-0,CS,6.86,0.152317880794702,4.49,1 in 6
league_es,VAL - RAY,CS 2-1,CS,9.66,0.10816777041942605,4.49,1 in 9
league_es,LEV - OSA,CS 4-2,CS,142.0,0.007358351729212656,4.49,1 in 135
league_es,MAL - RAY,CS 0-1,CS,10.0,0.10448859455481972,4.49,1 in 9
league_es,ATM - ROV,CS 0-3,CS,284.0,0.003679175864606328,4.49,1 in 271
league_es,GIR - SEV,CS 0-1,CS,9.93,0.10522442972774099,4.49,1 in 9
league_es,MAL - ROV,HT/FT 2/2,HTFT,8.16,0.1280353200883002,4.48,1 in 7
league_es,BAR - GIR,CS 2-1,CS,8.56,0.12205882352941176,4.48,1 in 8
league_es,RAY - GET,Over 3.5,OU,4.61,0.22663723325974983,4.48,1 in 4
league_es,ELC - VIL,CS 1-3,CS,15.6,0.06696100073583518,4.46,1 in 14
league_es,OSA - ALV,HT/FT 2/1,HTFT,36.4,0.02869757174392936,4.46,1 in 34
league_es,OSA - ROV,HT CS 2-0,HTCS,9.1,0.11479028697571744,4.46,1 in 8
league_es,BAR - LEV,HT/FT 2/2,HTFT,36.4,0.02869757174392936,4.46,1 in 34
league_es,ROV - ELC,HT/FT 1/2,HTFT,33.8,0.03090507726269316,4.46,1 in 32
league_es,BAR - ATM,HT CS 0-0,HTCS,3.68,0.2838235294117647,4.45,1 in 3
league_es,RMA - ALV,CS 0-2,CS,94.7,0.011029411764705883,4.45,1 in 90
league_es,RMA - ATH,HT CS 3-0,HTCS,16.7,0.06254598969830757,4.45,1 in 15
league_es,VAL - ATM,Over 4.5,OU,10.6,0.09852941176470588,4.44,1 in 10
league_es,VAL - SEV,CS 3-2,CS,43.0,0.024282560706401765,4.42,1 in 41
league_es,LEV - ATM,CS 0-5,CS,129.0,0.008094186902133923,4.42,1 in 123
league_es,ELC - RSO,HT CS 2-0,HTCS,25.8,0.04047093451066961,4.42,1 in 24
league_es,ELC - ALV,HT/FT 1/X,HTFT,16.5,0.06328182487122884,4.42,1 in 15
league_es,SEV - ESP,CS 4-1,CS,61.7,0.01692420897718911,4.42,1 in 59
league_es,LEV - RSO,CS 2-2,CS,16.5,0.06328182487122884,4.42,1 in 15
league_es,ROV - ESP,HT/FT 2/1,HTFT,35.5,0.029411764705882353,4.41,1 in 34
league_es,SEV - ROV,Exact 0,ExactGoals,9.34,0.11176470588235295,4.39,1 in 8
league_es,SEV - ROV,CS 0-0,CS,9.34,0.11176470588235295,4.39,1 in 8
league_es,ALV - MAL,CS 0-3,CS,34.6,0.03016924208977189,4.39,1 in 33
league_es,OSA - RMA,CS 1-5,CS,67.6,0.015441176470588236,4.38,1 in 64
league_es,GET - ESP,HT/FT X/1,HTFT,7.2,0.14495952906548934,4.37,1 in 6
league_es,ALV - ESP,HT CS 0-2,HTCS,19.7,0.052980132450331126,4.37,1 in 18
league_es,BAR - ESP,HT CS 1-1,HTCS,8.35,0.125,4.37,1 in 8
league_es,SEV - RMA,Over 4.5,OU,7.75,0.1346578366445916,4.36,1 in 7
league_es,SEV - RSO,Home Win,1X2,2.77,0.376747608535688,4.36,1 in 2
league_es,GIR - ATH,HT/FT 1/1,HTFT,5.54,0.188373804267844,4.36,1 in 5
league_es,BET - SEV,Over 4.5,OU,9.27,0.11258278145695365,4.36,1 in 8
league_es,CEL - MAL,Over 4.5,OU,10.6,0.09845701689933872,4.36,1 in 10
league_es,VAL - RAY,Exact 5,ExactGoals,16.3,0.0640176600441501,4.35,1 in 15
league_es,RSO - LEV,Away Win,1X2,5.16,0.20220588235294118,4.34,1 in 4
league_es,GET - LEV,CS 3-3,CS,709.0,0.0014716703458425313,4.34,1 in 679
league_es,SEV - BAR,CS 4-0,CS,709.0,0.0014716703458425313,4.34,1 in 679
league_es,LEV - ELC,Over 4.5,OU,10.2,0.10228108903605593,4.33,1 in 9
league_es,ATH - RSO,HT/FT 1/X,HTFT,13.9,0.07505518763796909,4.33,1 in 13
league_es,ALV - ATM,CS 2-3,CS,40.5,0.025754231052244298,4.3,1 in 38
league_es,VIL - ROV,Exact 6,ExactGoals,18.9,0.05518763796909492,4.3,1 in 18
league_es,GET - BET,HT/FT 1/X,HTFT,22.5,0.046357615894039736,4.3,1 in 21
league_es,CEL - RAY,Away Win,1X2,5.03,0.2073529411764706,4.3,1 in 4
league_es,RSO - ATH,HT/FT 2/X,HTFT,17.5,0.059602649006622516,4.3,1 in 16
league_es,ATM - VAL,CS 3-2,CS,37.3,0.027961736571008096,4.3,1 in 35
league_es,ROV - RMA,HT CS 0-1,HTCS,4.62,0.22573529411764706,4.29,1 in 4
league_es,ALV - GIR,CS 3-2,CS,48.9,0.021323529411764706,4.27,1 in 46
league_es,ESP - ALV,Home Win,1X2,2.42,0.4308823529411765,4.27,1 in 2
league_es,OSA - RAY,HT/FT 2/1,HTFT,70.9,0.014705882352941176,4.26,1 in 68
league_es,ROV - BAR,Exact 6,ExactGoals,6.98,0.14937454010301693,4.26,1 in 6
league_es,OSA - MAL,CS 0-1,CS,10.2,0.10220588235294117,4.25,1 in 9
league_es,VIL - SEV,HT/FT 1/X,HTFT,13.9,0.075,4.25,1 in 13
league_es,RSO - VAL,CS 3-3,CS,83.4,0.0125,4.25,1 in 80
league_es,ALV - ROV,HT/FT 1/X,HTFT,15.4,0.06769683590875644,4.25,1 in 14
league_es,GIR - ALV,HT CS 2-0,HTCS,16.1,0.06475349521707138,4.25,1 in 15
league_es,ELC - GIR,Exact 0,ExactGoals,10.2,0.10220588235294117,4.25,1 in 9
league_es,ELC - GIR,CS 0-0,CS,10.2,0.10220588235294117,4.25,1 in 9
league_es,BAR - RMA,CS 3-3,CS,50.6,0.020603384841795438,4.25,1 in 48
league_es,BET - MAL,HT CS 2-0,HTCS,6.75,0.15441176470588236,4.23,1 in 6
league_es,BAR - ATH,Draw,1X2,3.73,0.27941176470588236,4.22,1 in 3
league_es,ROV - RSO,HT/FT 2/X,HTFT,14.6,0.07137601177336277,4.21,1 in 14
league_es,OSA - ATM,HT CS 2-1,HTCS,54.5,0.01911764705882353,4.19,1 in 52
league_es,RSO - ATM,CS 1-5,CS,236.0,0.004415011037527594,4.19,1 in 226
league_es,RSO - ATM,CS 4-2,CS,177.0,0.005886681383370125,4.19,1 in 169
league_es,RAY - VAL,Exact 0,ExactGoals,9.44,0.11037527593818984,4.19,1 in 9
league_es,RAY - VAL,CS 0-0,CS,9.44,0.11037527593818984,4.19,1 in 9
league_es,BET - LEV,CS 3-2,CS,29.5,0.03532008830022075,4.19,1 in 28
league_es,ATH - CEL,CS 2-2,CS,17.7,0.05886681383370125,4.19,1 in 16
league_es,OSA - RAY,CS 0-3,CS,109.0,0.009558823529411765,4.19,1 in 104
league_es,SEV - ELC,CS 3-3,CS,109.0,0.009558823529411765,4.19,1 in 104
league_es,SEV - OSA,CS 2-1,CS,15.4,0.06764705882352941,4.18,1 in 14
league_es,MAL - RSO,HT/FT 1/X,HTFT,18.4,0.05661764705882353,4.18,1 in 17
league_es,BAR - VIL,CS 2-2,CS,16.1,0.06470588235294118,4.18,1 in 15
league_es,ELC - RAY,HT CS 0-2,HTCS,16.1,0.06470588235294118,4.18,1 in 15
league_es,BET - RSO,Over 3.5,OU,3.3,0.31567328918322296,4.17,1 in 3
league_es,RSO - ATH,HT/FT 2/2,HTFT,4.48,0.23252391464311994,4.17,1 in 4
league_es,ROV - MAL,HT/FT 1/1,HTFT,4.48,0.23252391464311994,4.17,1 in 4
league_es,MAL - VIL,Over 4.5,OU,8.23,0.12656364974245768,4.16,1 in 7
league_es,OSA - ATH,HT/FT 2/X,HTFT,14.9,0.06990434142752024,4.16,1 in 14
league_es,LEV - ATM,HT/FT X/2,HTFT,6.18,0.16850625459896984,4.14,1 in 5
league_es,ATM - BET,Exact 5,ExactGoals,12.2,0.08535688005886681,4.14,1 in 11
league_es,VIL - ROV,HT CS 2-0,HTCS,5.3,0.19646799116997793,4.13,1 in 5
league_es,ALV - VAL,HT CS 0-2,HTCS,12.0,0.08676470588235294,4.12,1 in 11
league_es,RMA - CEL,HT/FT 1/2,HTFT,56.6,0.01839587932303164,4.12,1 in 54
league_es,ATM - CEL,CS 2-2,CS,23.6,0.04411764705882353,4.12,1 in 22
league_es,ATH - VAL,Draw,1X2,3.54,0.29411764705882354,4.12,1 in 3
league_es,RSO - RAY,HT CS 0-1,HTCS,9.37,0.1111111111111111,4.11,1 in 9
league_es,GIR - ALV,Exact 5,ExactGoals,52.4,0.019867549668874173,4.11,1 in 50
league_es,MAL - BAR,HT/FT 1/X,HTFT,36.3,0.028676470588235293,4.1,1 in 34
league_es,VIL - BAR,HT/FT 2/1,HTFT,30.1,0.034584253127299486,4.1,1 in 28
league_es,BET - GET,CS 1-3,CS,64.3,0.016188373804267846,4.09,1 in 61
league_es,SEV - RMA,CS 0-4,CS,27.2,0.03826342899190582,4.08,1 in 26
league_es,BET - CEL,HT/FT 1/X,HTFT,13.6,0.07652685798381163,4.08,1 in 13
league_es,VAL - RMA,CS 1-3,CS,13.6,0.07652685798381163,4.08,1 in 13
league_es,MAL - RAY,HT CS 3-0,HTCS,54.4,0.01913171449595291,4.08,1 in 52
league_es,RSO - SEV,HT/FT X/X,HTFT,5.11,0.2036764705882353,4.08,1 in 4
league_es,LEV - BAR,HT CS 1-2,HTCS,11.6,0.08970588235294118,4.06,1 in 11
league_es,RAY - RSO,HT CS 2-0,HTCS,24.4,0.04264705882352941,4.06,1 in 23
league_es,ROV - ATH,HT/FT 1/2,HTFT,50.5,0.020603384841795438,4.05,1 in 48
league_es,GIR - OSA,CS 5-0,CS,202.0,0.0051508462104488595,4.05,1 in 194
league_es,VAL - RSO,CS 2-2,CS,15.9,0.06544117647058824,4.05,1 in 15
league_es,ROV - GIR,HT/FT 1/X,HTFT,20.2,0.051508462104488596,4.05,1 in 19
league_es,OSA - GIR,CS 5-1,CS,283.0,0.003676470588235294,4.04,1 in 272
league_es,RMA - SEV,CS 0-3,CS,283.0,0.003676470588235294,4.04,1 in 272
league_es,GIR - RAY,HT CS 0-3,HTCS,236.0,0.00440852314474651,4.04,1 in 226
league_es,GET - ALV,CS 4-0,CS,78.6,0.013235294117647059,4.03,1 in 75
league_es,OSA - SEV,Draw,1X2,2.7,0.38529411764705884,4.03,1 in 2
league_es,OSA - ATH,HT/FT X/1,HTFT,9.18,0.11331861662987491,4.03,1 in 8
league_es,OSA - RMA,HT/FT 2/X,HTFT,13.1,0.07941176470588235,4.03,1 in 12
league_es,SEV - ELC,CS 3-2,CS,39.3,0.026470588235294117,4.03,1 in 37
league_es,CEL - ESP,CS 0-2,CS,30.1,0.03455882352941177,4.02,1 in 28
league_es,ATH - CEL,CS 4-0,CS,45.6,0.022810890360559236,4.02,1 in 43
league_es,VAL - GIR,CS 2-2,CS,24.8,0.04194260485651214,4.02,1 in 23
league_es,VAL - BAR,CS 3-2,CS,45.6,0.022810890360559236,4.02,1 in 43
league_es,ESP - GIR,HT CS 1-0,HTCS,5.75,0.18088235294117647,4.01,1 in 5
league_es,RMA - ALV,Exact 6,ExactGoals,12.3,0.08455882352941177,4.01,1 in 11
league_es,ATH - LEV,CS 0-2,CS,44.2,0.023529411764705882,4.0,1 in 42
league_es,GIR - SEV,Exact 6,ExactGoals,38.2,0.027225901398086828,4.0,1 in 36
league_es,ESP - VIL,HT CS 1-1,HTCS,6.64,0.15661764705882353,3.99,1 in 6
league_es,ELC - ATH,CS 3-2,CS,78.5,0.013245033112582781,3.97,1 in 75
league_es,ESP - GIR,CS 2-3,CS,40.4,0.025735294117647058,3.97,1 in 38
league_es,ROV - CEL,CS 4-2,CS,202.0,0.005147058823529412,3.97,1 in 194
league_es,RMA - RSO,HT CS 0-2,HTCS,101.0,0.010294117647058823,3.97,1 in 97
league_es,ESP - RMA,CS 3-0,CS,157.0,0.006622516556291391,3.97,1 in 151
league_es,ALV - SEV,CS 4-2,CS,157.0,0.006622516556291391,3.97,1 in 151
league_es,ELC - RAY,CS 4-0,CS,101.0,0.010294117647058823,3.97,1 in 97
league_es,LEV - RSO,Home Win,1X2,3.67,0.28329654157468726,3.97,1 in 3
league_es,ATM - LEV,Over 3.5,OU,3.66,0.28403237674760856,3.96,1 in 3
league_es,GET - ATM,HT/FT X/2,HTFT,6.48,0.1604120676968359,3.95,1 in 6
league_es,GIR - VIL,Exact 5,ExactGoals,12.5,0.08314937454010302,3.94,1 in 12
league_es,ESP - ATM,HT CS 1-0,HTCS,11.3,0.09197939661515821,3.94,1 in 10
league_es,RAY - BET,HT CS 0-2,HTCS,9.3,0.11176470588235295,3.94,1 in 8
league_es,CEL - OSA,Over 2.5,OU,2.26,0.459896983075791,3.94,1 in 2
league_es,RSO - OSA,CS 3-2,CS,37.2,0.027941176470588237,3.94,1 in 35
league_es,VIL - LEV,HT/FT 1/X,HTFT,13.2,0.07873436350257543,3.93,1 in 12
league_es,BAR - ATM,CS 1-0,CS,7.4,0.14044117647058824,3.93,1 in 7
league_es,VIL - RAY,Over 4.5,OU,8.26,0.12582781456953643,3.93,1 in 7
league_es,ELC - VIL,CS 2-3,CS,30.7,0.03384841795437822,3.91,1 in 29
league_es,ELC - VIL,HT CS 1-1,HTCS,6.39,0.1626195732155997,3.91,1 in 6
league_es,ATM - RMA,HT CS 1-0,HTCS,5.52,0.18823529411764706,3.91,1 in 5
league_es,BAR - MAL,HT/FT 2/X,HTFT,61.4,0.01692420897718911,3.91,1 in 59
league_es,LEV - VAL,Exact 6,ExactGoals,31.4,0.03308823529411765,3.9,1 in 30
league_es,ELC - SEV,Home Win,1X2,2.87,0.3620309050772627,3.9,1 in 2
league_es,MAL - OSA,HT/FT X/X,HTFT,4.92,0.21118469462840322,3.9,1 in 4
league_es,RAY - LEV,HT/FT 1/2,HTFT,35.3,0.029433406916850625,3.9,1 in 33
league_es,BET - GIR,CS 4-1,CS,35.3,0.029433406916850625,3.9,1 in 33
league_es,BAR - VIL,CS 6-0,CS,157.0,0.006617647058823529,3.9,1 in 151
league_es,ELC - ESP,HT/FT X/X,HTFT,5.19,0.20014716703458427,3.88,1 in 4
league_es,BAR - ELC,HT/FT X/X,HTFT,8.66,0.1199411331861663,3.87,1 in 8
league_es,SEV - RSO,HT CS 1-0,HTCS,5.17,0.20088300220750552,3.86,1 in 4
league_es,BET - BAR,CS 3-3,CS,56.5,0.01838235294117647,3.86,1 in 54
league_es,ATH - ROV,CS 5-0,CS,56.5,0.01838235294117647,3.86,1 in 54
league_es,RAY - ALV,Exact 0,ExactGoals,9.41,0.11037527593818984,3.86,1 in 9
league_es,RAY - ALV,CS 0-0,CS,9.41,0.11037527593818984,3.86,1 in 9
league_es,RMA - GET,CS 3-1,CS,11.3,0.09191176470588236,3.86,1 in 10
league_es,MAL - ATH,CS 3-0,CS,64.2,0.016176470588235296,3.85,1 in 61
league_es,MAL - GIR,Exact 0,ExactGoals,10.7,0.09705882352941177,3.85,1 in 10
league_es,MAL - GIR,CS 0-0,CS,10.7,0.09705882352941177,3.85,1 in 10
league_es,GIR - ESP,HT CS 1-2,HTCS,32.1,0.03235294117647059,3.85,1 in 30
league_es,ATM - BET,HT/FT 2/2,HTFT,14.4,0.07211184694628403,3.84,1 in 13
league_es,LEV - RMA,HT/FT 1/1,HTFT,16.8,0.06181015452538632,3.84,1 in 16
league_es,ROV - BET,CS 3-2,CS,58.8,0.017660044150110375,3.84,1 in 56
league_es,SEV - RMA,HT CS 0-3,HTCS,16.6,0.06254598969830757,3.83,1 in 15
league_es,RAY - VIL,HT/FT 1/2,HTFT,41.5,0.025018395879323033,3.83,1 in 39
league_es,ALV - SEV,HT/FT 1/X,HTFT,17.0,0.061074319352465045,3.83,1 in 16
league_es,ELC - MAL,Over 2.5,OU,2.06,0.5040470934510669,3.83,1 in 1
league_es,MAL - RAY,HT CS 2-1,HTCS,17.0,0.061074319352465045,3.83,1 in 16
league_es,RMA - VIL,Exact 1,ExactGoals,6.75,0.15378955114054452,3.81,1 in 6
league_es,LEV - ELC,CS 0-1,CS,9.53,0.10890360559234731,3.79,1 in 9
league_es,RAY - RSO,CS 1-0,CS,9.94,0.10441176470588236,3.79,1 in 9
league_es,OSA - VAL,HT/FT 1/X,HTFT,16.4,0.06328182487122884,3.78,1 in 15
league_es,GET - VAL,Exact 0,ExactGoals,9.66,0.10743193524650478,3.78,1 in 9
league_es,GET - VAL,CS 0-0,CS,9.66,0.10743193524650478,3.78,1 in 9
league_es,MAL - VAL,HT/FT 1/X,HTFT,16.4,0.06328182487122884,3.78,1 in 15
league_es,VAL - SEV,CS 4-1,CS,64.1,0.016188373804267846,3.77,1 in 61
league_es,GIR - RMA,HT/FT 2/X,HTFT,12.6,0.08235294117647059,3.76,1 in 12
league_es,ALV - BAR,HT/FT 2/1,HTFT,44.1,0.023529411764705882,3.76,1 in 42
league_es,ELC - ATM,CS 2-2,CS,19.6,0.052941176470588235,3.76,1 in 18
league_es,VAL - ELC,CS 0-2,CS,28.2,0.03679175864606328,3.75,1 in 27
league_es,SEV - GET,CS 4-2,CS,141.0,0.007358351729212656,3.75,1 in 135
league_es,GIR - ROV,CS 2-2,CS,16.6,0.0625,3.75,1 in 16
league_es,SEV - RSO,CS 3-1,CS,28.2,0.03679175864606328,3.75,1 in 27
league_es,VAL - ALV,CS 0-5,CS,1410.0,0.0007358351729212656,3.75,1 in 1359
league_es,BET - GIR,CS 0-4,CS,282.0,0.003679175864606328,3.75,1 in 271
league_es,ATM - BAR,CS 0-2,CS,15.0,0.06916850625459897,3.75,1 in 14
league_es,ATM - SEV,Exact 5,ExactGoals,14.1,0.07358351729212656,3.75,1 in 13
league_es,RMA - ESP,Exact 0,ExactGoals,26.6,0.03899926416482708,3.74,1 in 25
league_es,RMA - ESP,CS 0-0,CS,26.6,0.03899926416482708,3.74,1 in 25
league_es,VAL - MAL,HT/FT 2/X,HTFT,26.6,0.03899926416482708,3.74,1 in 25
league_es,GET - MAL,HT/FT 1/X,HTFT,16.4,0.06323529411764706,3.71,1 in 15
league_es,RMA - RSO,Exact 0,ExactGoals,17.2,0.060294117647058824,3.71,1 in 16
league_es,RMA - RSO,CS 0-0,CS,17.2,0.060294117647058824,3.71,1 in 16
league_es,ALV - ROV,HT CS 1-2,HTCS,27.1,0.03826342899190582,3.69,1 in 26
league_es,ELC - MAL,HT CS 1-2,HTCS,18.3,0.05665930831493746,3.69,1 in 17
league_es,RMA - ESP,Under 1.5,OU,6.29,0.1648270787343635,3.68,1 in 6
league_es,SEV - ROV,HT/FT 2/X,HTFT,28.2,0.03676470588235294,3.68,1 in 27
league_es,RAY - BAR,CS 3-1,CS,70.5,0.014705882352941176,3.68,1 in 68
league_es,ROV - ATM,Exact 6,ExactGoals,28.2,0.03676470588235294,3.68,1 in 27
league_es,OSA - ELC,HT CS 0-1,HTCS,6.84,0.1515820456217807,3.68,1 in 6
league_es,OSA - ELC,HT/FT 2/2,HTFT,7.01,0.1479028697571744,3.68,1 in 6
league_es,CEL - VAL,Exact 5,ExactGoals,14.1,0.07352941176470588,3.68,1 in 13
league_es,OSA - SEV,CS 1-3,CS,141.0,0.007352941176470588,3.68,1 in 136
league_es,BAR - ESP,CS 5-0,CS,30.0,0.03455882352941177,3.68,1 in 28
league_es,GIR - VAL,CS 2-4,CS,141.0,0.007352941176470588,3.68,1 in 136
league_es,RSO - ELC,CS 1-3,CS,56.4,0.01838235294117647,3.68,1 in 54
league_es,ESP - BET,Over 4.5,OU,8.65,0.11985294117647059,3.67,1 in 8
league_es,RSO - BAR,HT CS 0-0,HTCS,4.53,0.2288447387785136,3.67,1 in 4
league_es,MAL - RMA,Home Win,1X2,7.08,0.14643119941133187,3.67,1 in 6
league_es,ALV - BAR,CS 3-3,CS,88.1,0.011764705882352941,3.65,1 in 85
league_es,BET - MAL,Over 4.5,OU,7.62,0.13602941176470587,3.65,1 in 7
league_es,ESP - GIR,CS 3-2,CS,48.6,0.021323529411764706,3.63,1 in 46
league_es,ROV - SEV,HT/FT 2/2,HTFT,4.13,0.2509197939661516,3.63,1 in 3
league_es,VIL - CEL,Exact 0,ExactGoals,11.0,0.094186902133922,3.61,1 in 10
league_es,VIL - CEL,CS 0-0,CS,11.0,0.094186902133922,3.61,1 in 10
league_es,CEL - LEV,HT CS 3-0,HTCS,25.6,0.04047093451066961,3.61,1 in 24
league_es,ATH - RMA,BTTS Yes,BTTS,3.42,0.3029411764705882,3.61,1 in 3
league_es,RMA - CEL,HT CS 0-2,HTCS,128.0,0.008094186902133923,3.61,1 in 123
league_es,CEL - OSA,CS 3-3,CS,128.0,0.008094186902133923,3.61,1 in 123
league_es,ROV - BAR,HT CS 0-0,HTCS,12.8,0.08094186902133922,3.61,1 in 12
league_es,ATM - LEV,CS 2-3,CS,128.0,0.008094186902133923,3.61,1 in 123
league_es,GIR - ALV,HT CS 1-2,HTCS,176.0,0.005886681383370125,3.61,1 in 169
league_es,RAY - ROV,CS 1-3,CS,36.1,0.02869757174392936,3.6,1 in 34
league_es,ATH - SEV,HT/FT 2/X,HTFT,36.1,0.02869757174392936,3.6,1 in 34
league_es,RAY - ATH,CS 1-5,CS,141.0,0.0073475385745775165,3.6,1 in 136
league_es,VIL - ELC,CS 4-2,CS,58.7,0.01764705882352941,3.59,1 in 56
league_es,ESP - ROV,CS 3-2,CS,39.1,0.026490066225165563,3.58,1 in 37
league_es,LEV - RSO,CS 2-0,CS,20.4,0.05077262693156733,3.58,1 in 19
league_es,ROV - VAL,HT/FT X/2,HTFT,7.33,0.141280353200883,3.56,1 in 7
league_es,ATH - GIR,Under 1.5,OU,3.53,0.2933823529411765,3.56,1 in 3
league_es,ATH - RMA,HT/FT 2/2,HTFT,4.07,0.25441176470588234,3.55,1 in 3
league_es,MAL - BAR,CS 0-5,CS,64.0,0.016176470588235296,3.53,1 in 61
league_es,SEV - ATH,CS 4-0,CS,201.0,0.0051508462104488595,3.53,1 in 194
league_es,RAY - VIL,CS 1-0,CS,13.4,0.0772626931567329,3.53,1 in 12
league_es,BAR - VAL,CS 3-2,CS,25.6,0.04044117647058824,3.53,1 in 24
league_es,SEV - ATM,CS 2-0,CS,25.6,0.04044117647058824,3.53,1 in 24
league_es,SEV - MAL,HT/FT 1/X,HTFT,21.0,0.049300956585724795,3.53,1 in 20
league_es,VIL - RAY,HT/FT X/1,HTFT,6.83,0.1515820456217807,3.53,1 in 6
league_es,ROV - MAL,Over 4.5,OU,10.5,0.09860191317144959,3.53,1 in 10
league_es,ELC - RAY,CS 3-1,CS,25.6,0.04044117647058824,3.53,1 in 24
league_es,MAL - ATH,CS 3-2,CS,61.2,0.016911764705882352,3.5,1 in 59
league_es,GET - LEV,HT CS 1-1,HTCS,14.5,0.07137601177336277,3.5,1 in 14
league_es,BET - ATM,CS 1-3,CS,20.7,0.05,3.5,1 in 20
league_es,RMA - BET,CS 1-2,CS,22.7,0.045588235294117645,3.49,1 in 21
league_es,OSA - RAY,HT/FT 2/2,HTFT,9.32,0.11102941176470588,3.48,1 in 9
league_es,LEV - RSO,HT CS 1-0,HTCS,6.86,0.15084621044885946,3.48,1 in 6
league_es,BAR - BET,Over 4.5,OU,5.45,0.18984547461368653,3.47,1 in 5
league_es,ESP - ATM,Under 1.5,OU,3.24,0.31935246504782927,3.47,1 in 3
league_es,VAL - MAL,HT/FT X/1,HTFT,6.51,0.15894039735099338,3.47,1 in 6
league_es,CEL - OSA,CS 3-0,CS,17.8,0.058130978660779986,3.47,1 in 17
league_es,RMA - GIR,CS 5-0,CS,32.7,0.03164091243561442,3.47,1 in 31
league_es,LEV - BAR,HT/FT 2/X,HTFT,13.4,0.07720588235294118,3.46,1 in 12
league_es,GIR - ELC,HT/FT 1/2,HTFT,37.0,0.027961736571008096,3.46,1 in 35
league_es,MAL - LEV,HT/FT 1/1,HTFT,3.21,0.32229580573951433,3.46,1 in 3
league_es,ELC - MAL,HT CS 2-1,HTCS,19.8,0.05224429727740986,3.44,1 in 19
league_es,RAY - BET,CS 3-0,CS,58.6,0.01764705882352941,3.41,1 in 56
league_es,ALV - BET,HT/FT 1/1,HTFT,7.17,0.14422369389256806,3.41,1 in 6
league_es,RMA - VAL,HT/FT X/1,HTFT,7.85,0.13171449595290655,3.4,1 in 7
league_es,VIL - VAL,Draw,1X2,3.64,0.28403237674760856,3.39,1 in 3
league_es,OSA - ROV,Exact 0,ExactGoals,9.43,0.10963944076526858,3.39,1 in 9
league_es,OSA - ROV,CS 0-0,CS,9.43,0.10963944076526858,3.39,1 in 9
league_es,CEL - ESP,CS 2-2,CS,19.0,0.054411764705882354,3.38,1 in 18
league_es,MAL - GET,CS 5-1,CS,281.0,0.003679175864606328,3.38,1 in 271
league_es,BAR - RMA,Away Win,1X2,2.81,0.36791758646063283,3.38,1 in 2
league_es,GIR - MAL,HT CS 0-1,HTCS,6.92,0.14937454010301693,3.37,1 in 6
league_es,BAR - GIR,CS 3-3,CS,78.1,0.013235294117647059,3.37,1 in 75
league_es,LEV - ALV,HT CS 2-0,HTCS,14.2,0.07279411764705883,3.37,1 in 13
league_es,GET - ESP,Under 1.5,OU,3.08,0.3355408388520971,3.35,1 in 2
league_es,SEV - RSO,HT/FT 1/1,HTFT,4.62,0.22369389256806477,3.35,1 in 4
league_es,CEL - ATM,Exact 3,ExactGoals,4.53,0.22810890360559236,3.33,1 in 4
league_es,CEL - OSA,Over 3.5,OU,4.43,0.2332597498160412,3.33,1 in 4
league_es,ELC - RMA,HT/FT 2/X,HTFT,13.5,0.07652685798381163,3.31,1 in 13
league_es,BAR - ALV,CS 5-0,CS,31.2,0.033112582781456956,3.31,1 in 30
league_es,BAR - BET,CS 2-3,CS,58.5,0.017660044150110375,3.31,1 in 56
league_es,SEV - RMA,HT CS 1-0,HTCS,11.7,0.08830022075055188,3.31,1 in 11
league_es,CEL - ALV,HT/FT 2/1,HTFT,46.8,0.02207505518763797,3.31,1 in 45
league_es,ROV - ATH,CS 1-4,CS,36.0,0.02869757174392936,3.31,1 in 34
league_es,VAL - SEV,CS 5-0,CS,234.0,0.004415011037527594,3.31,1 in 226
league_es,ATM - BET,CS 3-2,CS,35.1,0.029433406916850625,3.31,1 in 33
league_es,VIL - ROV,HT/FT 2/X,HTFT,39.0,0.026490066225165563,3.31,1 in 37
league_es,OSA - ALV,HT CS 0-2,HTCS,23.4,0.04415011037527594,3.31,1 in 22
league_es,GET - OSA,CS 3-0,CS,28.1,0.03676470588235294,3.31,1 in 27
league_es,OSA - BET,HT/FT 1/2,HTFT,35.1,0.029433406916850625,3.31,1 in 33
league_es,GIR - ATH,CS 3-3,CS,108.0,0.009565857247976454,3.31,1 in 104
league_es,ATH - ALV,CS 5-0,CS,70.2,0.014716703458425313,3.31,1 in 67
league_es,ELC - GET,HT CS 2-0,HTCS,15.6,0.06622516556291391,3.31,1 in 15
league_es,OSA - VAL,HT/FT 1/2,HTFT,35.1,0.029433406916850625,3.31,1 in 33
league_es,CEL - ROV,HT/FT 2/X,HTFT,31.2,0.033112582781456956,3.31,1 in 30
league_es,RAY - ALV,Draw,1X2,3.22,0.3208241353936718,3.31,1 in 3
league_es,ATH - ATM,Over 4.5,OU,11.7,0.08830022075055188,3.31,1 in 11
league_es,RMA - ATM,CS 5-1,CS,108.0,0.009565857247976454,3.31,1 in 104
league_es,SEV - BAR,HT CS 0-3,HTCS,39.0,0.026490066225165563,3.31,1 in 37
league_es,ELC - SEV,Exact 1,ExactGoals,4.28,0.24135393671817512,3.3,1 in 4
league_es,OSA - RAY,CS 0-2,CS,22.3,0.04632352941176471,3.3,1 in 21
league_es,ESP - MAL,CS 2-3,CS,43.9,0.023529411764705882,3.29,1 in 42
league_es,ELC - VIL,HT/FT X/1,HTFT,11.6,0.08903605592347315,3.28,1 in 11
league_es,ATH - ALV,HT CS 0-1,HTCS,12.1,0.08535688005886681,3.28,1 in 11
league_es,MAL - GET,HT/FT 2/2,HTFT,5.8,0.1780721118469463,3.28,1 in 5
league_es,ALV - OSA,CS 1-2,CS,11.6,0.08903605592347315,3.28,1 in 11
league_es,CEL - GET,CS 4-1,CS,48.4,0.021339220014716703,3.28,1 in 46
league_es,GIR - SEV,Over 4.5,OU,11.6,0.08903605592347315,3.28,1 in 11
league_es,RMA - SEV,HT CS 0-0,HTCS,5.22,0.19779411764705881,3.25,1 in 5
league_es,ATH - RMA,CS 2-1,CS,23.4,0.04411764705882353,3.24,1 in 22
league_es,ATH - RMA,CS 2-3,CS,156.0,0.006617647058823529,3.24,1 in 151
league_es,RMA - ELC,CS 2-2,CS,19.5,0.052941176470588235,3.24,1 in 18
league_es,ALV - BAR,Exact 6,ExactGoals,19.5,0.052941176470588235,3.24,1 in 18
league_es,MAL - GIR,CS 0-5,CS,468.0,0.0022058823529411764,3.24,1 in 453
league_es,OSA - BAR,CS 2-3,CS,30.5,0.03384841795437822,3.24,1 in 29
league_es,BET - MAL,HT CS 0-3,HTCS,351.0,0.0029411764705882353,3.24,1 in 340
league_es,MAL - ESP,CS 5-0,CS,234.0,0.004411764705882353,3.24,1 in 226
league_es,ATH - GIR,HT CS 0-1,HTCS,10.8,0.09558823529411764,3.24,1 in 10
league_es,ALV - ELC,CS 1-3,CS,35.1,0.029411764705882353,3.24,1 in 34
league_es,VAL - RSO,HT CS 0-3,HTCS,78.0,0.013235294117647059,3.24,1 in 75
league_es,CEL - RMA,CS 1-0,CS,10.4,0.09926470588235294,3.24,1 in 10
league_es,CEL - RMA,CS 4-1,CS,468.0,0.0022058823529411764,3.24,1 in 453
league_es,BAR - RAY,HT/FT X/2,HTFT,23.0,0.044885945548197206,3.24,1 in 22
league_es,ROV - LEV,Under 2.5,OU,1.71,0.6036764705882353,3.23,1 in 1
league_es,VAL - RMA,HT CS 0-3,HTCS,16.7,0.06181015452538632,3.22,1 in 16
league_es,RAY - LEV,CS 4-1,CS,66.8,0.01545253863134658,3.22,1 in 64
league_es,MAL - ALV,Exact 6,ExactGoals,31.9,0.03235294117647059,3.21,1 in 30
league_es,CEL - RMA,Exact 1,ExactGoals,3.59,0.2875,3.21,1 in 3
league_es,ALV - ATM,HT CS 1-2,HTCS,16.5,0.06254598969830757,3.2,1 in 15
league_es,BAR - ELC,Exact 0,ExactGoals,18.7,0.05518763796909492,3.2,1 in 18
league_es,BAR - ELC,CS 0-0,CS,18.7,0.05518763796909492,3.2,1 in 18
league_es,LEV - OSA,HT/FT X/2,HTFT,8.06,0.1280353200883002,3.2,1 in 7
league_es,CEL - GET,HT/FT 1/2,HTFT,42.5,0.024282560706401765,3.2,1 in 41
league_es,LEV - SEV,HT/FT 2/2,HTFT,4.41,0.23399558498896247,3.19,1 in 4
league_es,ATH - RAY,CS 4-1,CS,34.2,0.03016924208977189,3.18,1 in 33
league_es,GET - BET,HT/FT 1/2,HTFT,36.9,0.027961736571008096,3.18,1 in 35
league_es,BAR - RMA,CS 0-1,CS,12.3,0.08388520971302428,3.18,1 in 11
league_es,ATM - VAL,HT CS 3-0,HTCS,17.1,0.06033848417954378,3.18,1 in 16
league_es,OSA - LEV,Away Win,1X2,3.68,0.2803532008830022,3.17,1 in 3
league_es,ESP - ROV,Away Win,1X2,3.37,0.30610743193524653,3.16,1 in 3
league_es,ROV - ALV,HT/FT X/2,HTFT,8.11,0.12720588235294117,3.16,1 in 7
league_es,VIL - ATM,HT/FT 1/X,HTFT,18.0,0.05731080088170463,3.16,1 in 17
league_es,RAY - ELC,Under 1.5,OU,3.23,0.31935246504782927,3.15,1 in 3
league_es,VIL - ATM,Over 4.5,OU,10.1,0.10213078618662748,3.15,1 in 9
league_es,GIR - VAL,Draw,1X2,3.27,0.3154411764705882,3.15,1 in 3
league_es,VIL - RSO,CS 2-1,CS,9.05,0.11397058823529412,3.14,1 in 8
league_es,GIR - GET,CS 0-1,CS,10.7,0.0963944076526858,3.14,1 in 10
league_es,VAL - SEV,CS 1-3,CS,43.8,0.0235467255334805,3.13,1 in 42
league_es,ATH - OSA,HT CS 3-0,HTCS,19.2,0.05371596762325239,3.13,1 in 18
league_es,ATH - RAY,HT/FT X/2,HTFT,14.3,0.07211184694628403,3.12,1 in 13
league_es,VAL - OSA,HT/FT 1/1,HTFT,3.04,0.33922001471670343,3.12,1 in 2
league_es,CEL - VAL,HT/FT X/X,HTFT,5.1,0.20220588235294118,3.12,1 in 4
league_es,SEV - LEV,HT/FT 2/2,HTFT,9.1,0.11331861662987491,3.12,1 in 8
league_es,ESP - RMA,Exact 6,ExactGoals,18.2,0.05665930831493746,3.12,1 in 17
league_es,ROV - ESP,Exact 6,ExactGoals,34.2,0.030147058823529412,3.1,1 in 33
league_es,BET - VIL,HT CS 3-0,HTCS,41.2,0.025018395879323033,3.08,1 in 39
league_es,BAR - SEV,HT/FT X/2,HTFT,20.6,0.05003679175864607,3.08,1 in 19
league_es,BET - RSO,HT CS 2-0,HTCS,10.3,0.10007358351729213,3.08,1 in 9
league_es,BAR - RSO,Draw,1X2,4.3,0.23970588235294119,3.07,1 in 4
league_es,GIR - RSO,Exact 5,ExactGoals,13.1,0.07867647058823529,3.07,1 in 12
league_es,GET - BET,HT/FT 1/1,HTFT,6.9,0.14937454010301693,3.07,1 in 6
league_es,CEL - RAY,Over 4.5,OU,10.7,0.09632352941176471,3.07,1 in 10
league_es,ESP - CEL,Over 3.5,OU,4.35,0.23693892568064753,3.07,1 in 4
league_es,ROV - ATM,HT CS 0-3,HTCS,19.2,0.05367647058823529,3.06,1 in 18
league_es,VIL - ESP,HT/FT X/2,HTFT,14.9,0.06916850625459897,3.06,1 in 14
league_es,ESP - OSA,CS 3-1,CS,38.9,0.026490066225165563,3.05,1 in 37
league_es,OSA - ALV,HT/FT 2/X,HTFT,20.9,0.049300956585724795,3.04,1 in 20
league_es,MAL - OSA,Exact 0,ExactGoals,9.86,0.10448859455481972,3.03,1 in 9
league_es,MAL - OSA,CS 0-0,CS,9.86,0.10448859455481972,3.03,1 in 9
league_es,ATM - ELC,HT CS 0-2,HTCS,140.0,0.007358351729212656,3.02,1 in 135
league_es,CEL - ALV,CS 1-5,CS,1400.0,0.0007358351729212656,3.02,1 in 1359
league_es,OSA - ALV,CS 3-3,CS,100.0,0.010301692420897719,3.02,1 in 97
league_es,OSA - ELC,CS 5-0,CS,200.0,0.0051508462104488595,3.02,1 in 194
league_es,ALV - LEV,HT/FT X/2,HTFT,8.75,0.1177336276674025,3.02,1 in 8
league_es,VIL - BAR,HT/FT X/1,HTFT,10.0,0.10301692420897719,3.02,1 in 9
league_es,ELC - SEV,CS 4-1,CS,100.0,0.010301692420897719,3.02,1 in 97
league_es,ATH - ALV,CS 1-0,CS,6.25,0.1648270787343635,3.02,1 in 6
league_es,OSA - ROV,CS 4-2,CS,100.0,0.010301692420897719,3.02,1 in 97
league_es,GIR - OSA,CS 3-2,CS,35.0,0.029433406916850625,3.02,1 in 33
league_es,CEL - ROV,CS 1-5,CS,1400.0,0.0007358351729212656,3.02,1 in 1359
league_es,RMA - ATH,CS 0-3,CS,100.0,0.010301692420897719,3.02,1 in 97
league_es,ATM - VAL,CS 2-3,CS,100.0,0.010301692420897719,3.02,1 in 97
league_it,LEC - INT,CS 5-0,CS,10000.0,0.0007358351729212656,635.84,1 in 1359
league_it,CRE - INT,CS 5-1,CS,9580.0,0.0007358351729212656,604.93,1 in 1359
league_it,COM - CRE,CS 0-6,CS,4770.0,0.0014705882352941176,601.47,1 in 680
league_it,PIS - LAZ,CS 6-0,CS,4360.0,0.0014705882352941176,541.18,1 in 680
league_it,ATA - COM,CS 0-6,CS,3900.0,0.0014705882352941176,473.53,1 in 680
league_it,INT - LEC,CS 0-6,CS,7410.0,0.0007352941176470588,444.85,1 in 1360
league_it,LAZ - CRE,CS 0-5,CS,2470.0,0.0022058823529411764,444.85,1 in 453
league_it,MIL - VER,CS 0-6,CS,7320.0,0.0007358351729212656,438.63,1 in 1359
league_it,CRE - FIO,CS 6-0,CS,3560.0,0.0014716703458425313,423.91,1 in 679
league_it,LEC - VER,CS 0-6,CS,7030.0,0.0007352941176470588,416.91,1 in 1360
league_it,CAG - SAS,CS 0-6,CS,7030.0,0.0007352941176470588,416.91,1 in 1360
league_it,JUV - SAS,CS 0-6,CS,6780.0,0.0007358351729212656,398.9,1 in 1359
league_it,TOR - ROM,CS 6-0,CS,3220.0,0.0014705882352941176,373.53,1 in 680
league_it,LAZ - PIS,CS 0-6,CS,6300.0,0.0007352941176470588,363.24,1 in 1360
league_it,CAG - PIS,CS 0-6,CS,3100.0,0.0014716703458425313,356.22,1 in 679
league_it,ATA - SAS,CS 0-6,CS,6160.0,0.0007358351729212656,353.27,1 in 1359
league_it,INT - TOR,CS 0-6,CS,6140.0,0.0007358351729212656,351.8,1 in 1359
league_it,CAG - NAP,CS 4-0,CS,2040.0,0.002207505518763797,350.33,1 in 453
league_it,INT - UDI,CS 0-6,CS,6030.0,0.0007352941176470588,343.38,1 in 1360
league_it,PIS - INT,HT CS 3-0,HTCS,5890.0,0.0007358351729212656,333.41,1 in 1359
league_it,ATA - PAR,CS 0-6,CS,5730.0,0.0007352941176470588,321.32,1 in 1360
league_it,MIL - INT,CS 0-6,CS,1400.0,0.0029433406916850625,312.07,1 in 339
league_it,PIS - JUV,CS 6-0,CS,5560.0,0.0007347538574577516,308.52,1 in 1361
league_it,UDI - JUV,CS 5-0,CS,1360.0,0.0029433406916850625,300.29,1 in 339
league_it,ROM - MIL,CS 0-6,CS,1340.0,0.0029411764705882353,294.12,1 in 340
league_it,VER - TOR,CS 6-0,CS,1760.0,0.002207505518763797,288.52,1 in 453
league_it,FIO - VER,CS 0-6,CS,5220.0,0.0007358351729212656,284.11,1 in 1359
league_it,GEN - CRE,CS 0-6,CS,5150.0,0.0007358351729212656,278.96,1 in 1359
league_it,VER - MIL,CS 6-0,CS,5110.0,0.0007352941176470588,275.74,1 in 1360
league_it,BOL - COM,CS 6-0,CS,1270.0,0.0029433406916850625,273.8,1 in 339
league_it,VER - NAP,CS 5-1,CS,5050.0,0.0007358351729212656,271.6,1 in 1359
league_it,CRE - PIS,CS 0-6,CS,1660.0,0.002207505518763797,266.45,1 in 453
league_it,MIL - SAS,CS 0-5,CS,2480.0,0.0014716703458425313,264.97,1 in 679
league_it,COM - PIS,CS 0-6,CS,4940.0,0.0007352941176470588,263.24,1 in 1360
league_it,COM - ATA,CS 0-6,CS,821.0,0.004415011037527594,262.47,1 in 226
league_it,ATA - LEC,CS 0-5,CS,2460.0,0.0014716703458425313,262.03,1 in 679
league_it,LEC - INT,HT CS 3-0,HTCS,2420.0,0.0014716703458425313,256.14,1 in 679
league_it,COM - VER,CS 0-6,CS,4660.0,0.0007358351729212656,242.9,1 in 1359
league_it,NAP - BOL,CS 0-5,CS,2320.0,0.0014716703458425313,241.43,1 in 679
league_it,TOR - INT,CS 6-0,CS,4590.0,0.0007352941176470588,237.5,1 in 1360
league_it,INT - CRE,HT CS 0-3,HTCS,4580.0,0.0007358351729212656,237.01,1 in 1359
league_it,CRE - INT,CS 4-0,CS,4520.0,0.0007358351729212656,232.6,1 in 1359
league_it,GEN - PIS,CS 0-5,CS,1500.0,0.002207505518763797,231.13,1 in 453
league_it,JUV - CRE,CS 1-5,CS,2240.0,0.0014716703458425313,229.65,1 in 679
league_it,LEC - MIL,CS 6-0,CS,4450.0,0.0007358351729212656,227.45,1 in 1359
league_it,JUV - VER,CS 1-5,CS,2220.0,0.0014705882352941176,226.47,1 in 680
league_it,TOR - NAP,CS 6-0,CS,4370.0,0.0007352941176470588,221.32,1 in 1360
league_it,FIO - CAG,CS 0-6,CS,4340.0,0.0007358351729212656,219.35,1 in 1359
league_it,SAS - COM,CS 6-0,CS,1440.0,0.002207505518763797,217.88,1 in 453
league_it,MIL - VER,CS 1-5,CS,2110.0,0.0014716703458425313,210.52,1 in 679
league_it,MIL - CRE,CS 1-5,CS,2110.0,0.0014716703458425313,210.52,1 in 679
league_it,MIL - GEN,CS 0-5,CS,2110.0,0.0014705882352941176,210.29,1 in 680
league_it,PIS - ROM,CS 5-0,CS,1400.0,0.002207505518763797,209.05,1 in 453
league_it,TOR - INT,CS 5-0,CS,1390.0,0.0022058823529411764,206.62,1 in 453
league_it,MIL - BOL,CS 1-5,CS,1040.0,0.0029411764705882353,205.88,1 in 340
league_it,FIO - ROM,CS 6-0,CS,2080.0,0.0014705882352941176,205.88,1 in 680
league_it,CRE - JUV,CS 4-1,CS,819.0,0.003676470588235294,201.1,1 in 272
league_it,BOL - UDI,CS 6-0,CS,4090.0,0.0007358351729212656,200.96,1 in 1359
league_it,FIO - VER,CS 1-5,CS,1020.0,0.0029433406916850625,200.22,1 in 339
league_it,UDI - MIL,CS 5-1,CS,679.0,0.004411764705882353,199.56,1 in 226
league_it,NAP - SAS,HT CS 0-3,HTCS,1350.0,0.002207505518763797,198.01,1 in 453
league_it,GEN - ROM,CS 5-0,CS,1000.0,0.0029433406916850625,194.33,1 in 339
league_it,PAR - BOL,CS 0-6,CS,1330.0,0.0022058823529411764,193.38,1 in 453
league_it,SAS - GEN,CS 0-6,CS,1980.0,0.0014716703458425313,191.39,1 in 679
league_it,JUV - UDI,CS 0-5,CS,1980.0,0.0014716703458425313,191.39,1 in 679
league_it,CRE - PIS,CS 6-0,CS,1320.0,0.002207505518763797,191.39,1 in 453
league_it,UDI - COM,CS 0-6,CS,1320.0,0.0022058823529411764,191.18,1 in 453
league_it,LAZ - BOL,CS 0-6,CS,3920.0,0.0007358351729212656,188.45,1 in 1359
league_it,ATA - FIO,CS 0-5,CS,1290.0,0.002207505518763797,184.77,1 in 453
league_it,UDI - ROM,CS 5-0,CS,958.0,0.0029433406916850625,181.97,1 in 339
league_it,JUV - VER,CS 0-5,CS,3830.0,0.0007352941176470588,181.62,1 in 1360
league_it,CAG - LEC,CS 0-5,CS,764.0,0.003679175864606328,181.09,1 in 271
league_it,FIO - SAS,CS 0-6,CS,3820.0,0.0007358351729212656,181.09,1 in 1359
league_it,SAS - BOL,CS 6-0,CS,1900.0,0.0014716703458425313,179.62,1 in 679
league_it,FIO - NAP,CS 6-0,CS,3770.0,0.0007358351729212656,177.41,1 in 1359
league_it,GEN - MIL,CS 6-0,CS,3760.0,0.0007352941176470588,176.47,1 in 1360
league_it,MIL - CRE,CS 0-5,CS,3740.0,0.0007358351729212656,175.2,1 in 1359
league_it,LEC - JUV,CS 5-1,CS,932.0,0.0029433406916850625,174.32,1 in 339
league_it,JUV - PIS,CS 0-5,CS,3710.0,0.0007358351729212656,172.99,1 in 1359
league_it,CAG - TOR,CS 0-6,CS,1850.0,0.0014705882352941176,172.06,1 in 680
league_it,COM - CRE,CS 1-5,CS,919.0,0.0029411764705882353,170.29,1 in 340
league_it,LEC - INT,CS 4-1,CS,726.0,0.003679175864606328,167.11,1 in 271
league_it,GEN - ROM,CS 6-0,CS,3620.0,0.0007358351729212656,166.37,1 in 1359
league_it,COM - SAS,CS 0-6,CS,3620.0,0.0007352941176470588,166.18,1 in 1360
league_it,LEC - PAR,CS 6-0,CS,1200.0,0.002207505518763797,164.9,1 in 453
league_it,JUV - LEC,HT CS 0-3,HTCS,1200.0,0.0022058823529411764,164.71,1 in 453
league_it,FIO - COM,CS 0-6,CS,1760.0,0.0014716703458425313,159.01,1 in 679
league_it,INT - PIS,CS 1-4,CS,1170.0,0.0022058823529411764,158.09,1 in 453
league_it,PIS - CAG,CS 6-0,CS,1750.0,0.0014716703458425313,157.54,1 in 679
league_it,UDI - CAG,CS 0-5,CS,1160.0,0.002207505518763797,156.07,1 in 453
league_it,TOR - ROM,CS 5-0,CS,863.0,0.0029411764705882353,153.82,1 in 340
league_it,TOR - LAZ,CS 6-0,CS,1720.0,0.0014716703458425313,153.13,1 in 679
league_it,UDI - CRE,CS 0-5,CS,1130.0,0.002207505518763797,149.45,1 in 453
league_it,ATA - COM,CS 1-5,CS,678.0,0.003676470588235294,149.26,1 in 272
league_it,ROM - MIL,CS 6-0,CS,1130.0,0.0022058823529411764,149.26,1 in 453
league_it,PAR - CAG,CS 1-5,CS,419.0,0.005886681383370125,146.65,1 in 169
league_it,TOR - SAS,CS 6-0,CS,557.0,0.004415011037527594,145.92,1 in 226
league_it,TOR - LEC,CS 0-6,CS,3340.0,0.0007358351729212656,145.77,1 in 1359
league_it,SAS - UDI,CS 0-6,CS,1670.0,0.0014705882352941176,145.59,1 in 680
league_it,SAS - ROM,CS 5-0,CS,1110.0,0.002207505518763797,145.03,1 in 453
league_it,ROM - PIS,CS 0-5,CS,3320.0,0.0007358351729212656,144.3,1 in 1359
league_it,BOL - ATA,CS 0-6,CS,822.0,0.0029411764705882353,141.76,1 in 340
league_it,TOR - MIL,CS 6-0,CS,3280.0,0.0007358351729212656,141.35,1 in 1359
league_it,LEC - CAG,CS 0-5,CS,410.0,0.0058823529411764705,141.18,1 in 170
league_it,LAZ - FIO,CS 0-5,CS,1090.0,0.0022058823529411764,140.44,1 in 453
league_it,MIL - JUV,CS 0-6,CS,1620.0,0.0014716703458425313,138.41,1 in 679
league_it,CRE - LEC,CS 6-0,CS,1610.0,0.0014716703458425313,136.94,1 in 679
league_it,CRE - PAR,CS 6-0,CS,1610.0,0.0014705882352941176,136.76,1 in 680
league_it,LAZ - UDI,CS 1-5,CS,803.0,0.0029433406916850625,136.35,1 in 339
league_it,LEC - PIS,CS 0-5,CS,642.0,0.003679175864606328,136.2,1 in 271
league_it,MIL - FIO,CS 1-5,CS,802.0,0.0029433406916850625,136.06,1 in 339
league_it,JUV - COM,CS 0-5,CS,1600.0,0.0014716703458425313,135.47,1 in 679
league_it,TOR - SAS,CS 0-6,CS,3160.0,0.0007358351729212656,132.52,1 in 1359
league_it,VER - PAR,CS 0-6,CS,1570.0,0.0014716703458425313,131.05,1 in 679
league_it,ATA - VER,CS 0-5,CS,3140.0,0.0007352941176470588,130.88,1 in 1360
league_it,FIO - INT,CS 5-0,CS,1040.0,0.0022058823529411764,129.41,1 in 453
league_it,TOR - ATA,CS 5-1,CS,389.0,0.005886681383370125,128.99,1 in 169
league_it,PIS - CAG,CS 0-6,CS,1540.0,0.0014716703458425313,126.64,1 in 679
league_it,MIL - LAZ,CS 0-6,CS,3060.0,0.0007358351729212656,125.17,1 in 1359
league_it,SAS - TOR,CS 0-6,CS,1530.0,0.0014716703458425313,125.17,1 in 679
league_it,ROM - TOR,CS 1-5,CS,1020.0,0.002207505518763797,125.17,1 in 453
league_it,CRE - BOL,CS 0-6,CS,610.0,0.003679175864606328,124.43,1 in 271
league_it,TOR - ATA,CS 0-6,CS,761.0,0.0029433406916850625,123.99,1 in 339
league_it,LEC - PAR,CS 0-6,CS,1520.0,0.0014716703458425313,123.69,1 in 679
league_it,LAZ - GEN,CS 0-5,CS,1500.0,0.0014716703458425313,120.75,1 in 679
league_it,SAS - LAZ,CS 5-0,CS,750.0,0.0029411764705882353,120.59,1 in 340
league_it,MIL - ROM,CS 0-5,CS,498.0,0.004415011037527594,119.87,1 in 226
league_it,CAG - GEN,CS 0-5,CS,594.0,0.003679175864606328,118.54,1 in 271
league_it,NAP - FIO,CS 1-5,CS,989.0,0.0022058823529411764,118.16,1 in 453
league_it,CRE - LAZ,CS 4-1,CS,174.0,0.012509197939661517,117.66,1 in 79
league_it,BOL - CRE,CS 0-5,CS,1480.0,0.0014705882352941176,117.65,1 in 680
league_it,ROM - ATA,CS 0-6,CS,1470.0,0.0014716703458425313,116.34,1 in 679
league_it,INT - SAS,CS 0-4,CS,979.0,0.002207505518763797,116.11,1 in 453
league_it,UDI - LEC,CS 6-0,CS,587.0,0.003679175864606328,115.97,1 in 271
league_it,CRE - FIO,CS 5-0,CS,968.0,0.002207505518763797,113.69,1 in 453
league_it,MIL - PIS,CS 0-4,CS,968.0,0.0022058823529411764,113.53,1 in 453
league_it,ROM - VER,HT CS 0-3,HTCS,967.0,0.002207505518763797,113.47,1 in 453
league_it,GEN - NAP,CS 5-0,CS,1450.0,0.0014716703458425313,113.39,1 in 679
league_it,ROM - LEC,CS 1-5,CS,1450.0,0.0014705882352941176,113.24,1 in 680
league_it,ATA - CRE,CS 1-5,CS,1440.0,0.0014716703458425313,111.92,1 in 679
league_it,PIS - SAS,CS 0-6,CS,1440.0,0.0014705882352941176,111.76,1 in 680
league_it,CRE - JUV,HT CS 3-0,HTCS,2870.0,0.0007352941176470588,111.03,1 in 1360
league_it,FIO - UDI,CS 6-0,CS,955.0,0.002207505518763797,110.82,1 in 453
league_it,PAR - BOL,CS 6-0,CS,1430.0,0.0014705882352941176,110.29,1 in 680
league_it,FIO - PAR,CS 0-6,CS,2860.0,0.0007347538574577516,110.14,1 in 1361
league_it,LAZ - MIL,CS 0-6,CS,1420.0,0.0014716703458425313,108.98,1 in 679
league_it,VER - GEN,CS 6-0,CS,1420.0,0.0014705882352941176,108.82,1 in 680
league_it,TOR - CRE,CS 6-0,CS,354.0,0.005886681383370125,108.39,1 in 169
league_it,BOL - COM,CS 0-6,CS,1410.0,0.0014716703458425313,107.51,1 in 679
league_it,SAS - LAZ,CS 6-0,CS,2820.0,0.0007352941176470588,107.35,1 in 1360
league_it,TOR - UDI,CS 6-0,CS,2810.0,0.0007358351729212656,106.77,1 in 1359
league_it,UDI - PIS,CS 1-5,CS,701.0,0.0029411764705882353,106.18,1 in 340
league_it,ROM - UDI,CS 6-0,CS,200.0,0.010301692420897719,106.03,1 in 97
league_it,TOR - CRE,CS 0-5,CS,1390.0,0.0014716703458425313,104.56,1 in 679
league_it,CRE - CAG,CS 5-1,CS,309.0,0.006617647058823529,104.49,1 in 151
league_it,GEN - COM,CS 5-0,CS,462.0,0.004415011037527594,103.97,1 in 226
league_it,NAP - PIS,HT/FT 2/X,HTFT,173.0,0.01177336276674025,103.68,1 in 84
league_it,CAG - JUV,HT CS 3-0,HTCS,307.0,0.006622516556291391,103.31,1 in 151
league_it,LEC - ATA,CS 5-0,CS,1380.0,0.0014716703458425313,103.09,1 in 679
league_it,CRE - TOR,CS 0-5,CS,230.0,0.008830022075055188,103.09,1 in 113
league_it,UDI - GEN,CS 1-5,CS,689.0,0.0029433406916850625,102.8,1 in 339
league_it,GEN - TOR,CS 4-2,CS,153.0,0.013235294117647059,102.5,1 in 75
league_it,NAP - MIL,CS 0-6,CS,2750.0,0.0007352941176470588,102.21,1 in 1360
league_it,GEN - PAR,CS 6-0,CS,1370.0,0.0014716703458425313,101.62,1 in 679
league_it,CRE - ATA,CS 5-1,CS,911.0,0.0022058823529411764,100.96,1 in 453
league_it,TOR - LEC,CS 0-5,CS,902.0,0.002207505518763797,99.12,1 in 453
league_it,INT - FIO,CS 0-5,CS,1350.0,0.0014716703458425313,98.68,1 in 679
league_it,INT - TOR,CS 1-5,CS,1340.0,0.0014716703458425313,97.2,1 in 679
league_it,ROM - LEC,CS 0-5,CS,2680.0,0.0007352941176470588,97.06,1 in 1360
league_it,FIO - COM,CS 0-5,CS,446.0,0.004415011037527594,96.91,1 in 226
league_it,LEC - MIL,CS 5-0,CS,1330.0,0.0014716703458425313,95.73,1 in 679
league_it,UDI - ATA,CS 6-0,CS,2660.0,0.0007352941176470588,95.59,1 in 1360
league_it,LEC - GEN,CS 1-5,CS,332.0,0.0058823529411764705,95.29,1 in 170
league_it,INT - PIS,CS 2-4,CS,531.0,0.003676470588235294,95.22,1 in 272
league_it,NAP - GEN,HT CS 0-3,HTCS,663.0,0.0029433406916850625,95.14,1 in 339
league_it,VER - TOR,CS 0-6,CS,882.0,0.002207505518763797,94.7,1 in 453
league_it,CRE - SAS,CS 6-0,CS,1320.0,0.0014716703458425313,94.26,1 in 679
league_it,BOL - PAR,CS 0-6,CS,2640.0,0.0007358351729212656,94.26,1 in 1359
league_it,ATA - SAS,CS 1-5,CS,1320.0,0.0014716703458425313,94.26,1 in 679
league_it,ATA - JUV,CS 6-0,CS,1320.0,0.0014705882352941176,94.12,1 in 680
league_it,JUV - CAG,CS 0-5,CS,2640.0,0.0007347538574577516,93.98,1 in 1361
league_it,VER - NAP,CS 4-0,CS,2630.0,0.0007358351729212656,93.52,1 in 1359
league_it,VER - LAZ,HT CS 3-0,HTCS,219.0,0.008830022075055188,93.38,1 in 113
league_it,CAG - TOR,CS 5-1,CS,375.0,0.005147058823529412,93.01,1 in 194
league_it,NAP - BOL,CS 1-5,CS,1310.0,0.0014716703458425313,92.79,1 in 679
league_it,PIS - PAR,CS 0-6,CS,1310.0,0.0014716703458425313,92.79,1 in 679
league_it,MIL - CAG,CS 1-5,CS,1310.0,0.0014705882352941176,92.65,1 in 680
league_it,JUV - COM,CS 2-4,CS,217.0,0.008830022075055188,91.61,1 in 113
league_it,PIS - ATA,CS 5-0,CS,1300.0,0.0014716703458425313,91.32,1 in 679
league_it,PAR - ATA,CS 6-0,CS,2600.0,0.0007358351729212656,91.32,1 in 1359
league_it,ATA - INT,CS 0-6,CS,867.0,0.0022058823529411764,91.25,1 in 453
league_it,LEC - LAZ,CS 5-1,CS,519.0,0.003676470588235294,90.81,1 in 272
league_it,CRE - UDI,CS 0-5,CS,257.0,0.007352941176470588,88.97,1 in 136
league_it,PAR - VER,CS 0-5,CS,855.0,0.002207505518763797,88.74,1 in 453
league_it,UDI - INT,CS 4-2,CS,233.0,0.008094186902133923,88.59,1 in 123
league_it,LEC - ATA,CS 4-0,CS,320.0,0.005886681383370125,88.37,1 in 169
league_it,PIS - LAZ,CS 5-0,CS,1280.0,0.0014705882352941176,88.24,1 in 680
league_it,ATA - BOL,HT CS 0-3,HTCS,320.0,0.0058823529411764705,88.24,1 in 170
league_it,JUV - LEC,CS 2-4,CS,424.0,0.004411764705882353,87.06,1 in 226
league_it,PIS - CRE,CS 0-5,CS,424.0,0.004411764705882353,87.06,1 in 226
league_it,FIO - PIS,CS 0-4,CS,423.0,0.004415011037527594,86.75,1 in 226
league_it,GEN - MIL,CS 4-0,CS,253.0,0.007352941176470588,86.03,1 in 136
league_it,CAG - ROM,CS 0-6,CS,361.0,0.0051508462104488595,85.95,1 in 194
league_it,FIO - GEN,CS 5-0,CS,361.0,0.005147058823529412,85.81,1 in 194
league_it,LAZ - SAS,CS 0-3,CS,140.0,0.013245033112582781,85.43,1 in 75
league_it,FIO - CAG,CS 0-5,CS,1260.0,0.0014716703458425313,85.43,1 in 679
league_it,PAR - SAS,CS 0-6,CS,2520.0,0.0007352941176470588,85.29,1 in 1360
league_it,LEC - GEN,CS 0-5,CS,417.0,0.004411764705882353,83.97,1 in 226
league_it,SAS - ROM,CS 4-1,CS,156.0,0.01177336276674025,83.66,1 in 84
league_it,LEC - INT,CS 4-2,CS,498.0,0.003679175864606328,83.22,1 in 271
league_it,CAG - ATA,CS 5-0,CS,827.0,0.002207505518763797,82.56,1 in 453
league_it,PIS - VER,CS 6-0,CS,1240.0,0.0014716703458425313,82.49,1 in 679
league_it,ROM - CAG,CS 0-4,CS,496.0,0.003676470588235294,82.35,1 in 272
league_it,UDI - SAS,CS 0-5,CS,618.0,0.0029433406916850625,81.9,1 in 339
league_it,ATA - CAG,CS 1-5,CS,1230.0,0.0014716703458425313,81.02,1 in 679
league_it,BOL - TOR,CS 6-0,CS,1230.0,0.0014705882352941176,80.88,1 in 680
league_it,SAS - JUV,CS 0-6,CS,246.0,0.007352941176470588,80.88,1 in 136
league_it,CRE - LAZ,CS 4-0,CS,307.0,0.005886681383370125,80.72,1 in 169
league_it,JUV - CRE,CS 1-4,CS,490.0,0.003679175864606328,80.28,1 in 271
league_it,CAG - PIS,CS 0-5,CS,815.0,0.002207505518763797,79.91,1 in 453
league_it,UDI - CAG,CS 1-5,CS,813.0,0.002207505518763797,79.47,1 in 453
league_it,LEC - VER,CS 1-5,CS,813.0,0.0022058823529411764,79.34,1 in 453
league_it,VER - FIO,CS 5-0,CS,812.0,0.0022058823529411764,79.12,1 in 453
league_it,PAR - SAS,CS 6-0,CS,811.0,0.0022058823529411764,78.9,1 in 453
league_it,FIO - COM,CS 6-0,CS,1210.0,0.0014716703458425313,78.07,1 in 679
league_it,SAS - INT,HT CS 3-0,HTCS,2420.0,0.0007358351729212656,78.07,1 in 1359
league_it,ATA - PIS,CS 2-4,CS,269.0,0.006617647058823529,78.01,1 in 151
league_it,BOL - VER,CS 0-4,CS,344.0,0.0051508462104488595,77.19,1 in 194
league_it,FIO - JUV,CS 0-6,CS,481.0,0.003679175864606328,76.97,1 in 271
league_it,JUV - ROM,CS 0-5,CS,600.0,0.0029433406916850625,76.6,1 in 339
league_it,NAP - TOR,CS 0-5,CS,2400.0,0.0007358351729212656,76.6,1 in 1359
league_it,COM - CRE,CS 0-4,CS,343.0,0.005147058823529412,76.54,1 in 194
league_it,BOL - GEN,CS 5-1,CS,218.0,0.008088235294117648,76.32,1 in 123
league_it,GEN - CRE,CS 2-4,CS,299.0,0.005886681383370125,76.01,1 in 169
league_it,INT - BOL,CS 0-4,CS,597.0,0.0029433406916850625,75.72,1 in 339
league_it,TOR - LAZ,CS 0-6,CS,796.0,0.002207505518763797,75.72,1 in 453
league_it,INT - LAZ,CS 1-5,CS,597.0,0.0029433406916850625,75.72,1 in 339
league_it,NAP - JUV,CS 0-5,CS,398.0,0.004411764705882353,75.59,1 in 226
league_it,JUV - PAR,CS 0-5,CS,2380.0,0.0007358351729212656,75.13,1 in 1359
league_it,PAR - INT,CS 4-0,CS,339.0,0.0051508462104488595,74.61,1 in 194
league_it,UDI - LEC,CS 2-4,CS,158.0,0.011037527593818985,74.39,1 in 90
league_it,MIL - CRE,HT CS 0-3,HTCS,1180.0,0.0014716703458425313,73.66,1 in 679
league_it,PAR - FIO,CS 0-5,CS,337.0,0.0051508462104488595,73.58,1 in 194
league_it,TOR - BOL,CS 6-0,CS,1180.0,0.0014705882352941176,73.53,1 in 680
league_it,ATA - BOL,CS 0-4,CS,337.0,0.005147058823529412,73.46,1 in 194
league_it,MIL - PAR,CS 0-3,CS,124.0,0.013970588235294118,73.24,1 in 71
league_it,GEN - FIO,CS 5-1,CS,294.0,0.005886681383370125,73.07,1 in 169
league_it,MIL - LEC,CS 2-4,CS,336.0,0.005147058823529412,72.94,1 in 194
league_it,NAP - SAS,CS 1-5,CS,2350.0,0.0007358351729212656,72.92,1 in 1359
league_it,BOL - GEN,CS 0-6,CS,2350.0,0.0007352941176470588,72.79,1 in 1360
league_it,INT - VER,CS 1-5,CS,2350.0,0.0007352941176470588,72.79,1 in 1360
league_it,ATA - LEC,CS 0-4,CS,586.0,0.0029433406916850625,72.48,1 in 339
league_it,BOL - CAG,CS 1-5,CS,468.0,0.003679175864606328,72.19,1 in 271
league_it,INT - JUV,CS 0-5,CS,779.0,0.002207505518763797,71.96,1 in 453
league_it,VER - BOL,CS 5-1,CS,334.0,0.005147058823529412,71.91,1 in 194
league_it,SAS - VER,CS 6-0,CS,779.0,0.0022058823529411764,71.84,1 in 453
league_it,MIL - PIS,CS 2-4,CS,389.0,0.004411764705882353,71.62,1 in 226
league_it,JUV - LAZ,CS 1-5,CS,583.0,0.0029433406916850625,71.6,1 in 339
league_it,COM - PAR,CS 0-5,CS,1160.0,0.0014716703458425313,70.71,1 in 679
league_it,CAG - VER,CS 0-5,CS,772.0,0.0022058823529411764,70.29,1 in 453
league_it,JUV - UDI,CS 2-4,CS,231.0,0.007358351729212656,69.98,1 in 135
league_it,PIS - PAR,CS 0-5,CS,330.0,0.0051508462104488595,69.98,1 in 194
league_it,INT - JUV,CS 5-1,CS,154.0,0.011037527593818985,69.98,1 in 90
league_it,UDI - ATA,CS 1-5,CS,154.0,0.011029411764705883,69.85,1 in 90
league_it,LAZ - PAR,CS 0-4,CS,461.0,0.003679175864606328,69.61,1 in 271
league_it,MIL - CRE,CS 1-4,CS,461.0,0.003679175864606328,69.61,1 in 271
league_it,PIS - PAR,CS 1-5,CS,256.0,0.006622516556291391,69.54,1 in 151
league_it,SAS - ATA,CS 5-1,CS,576.0,0.0029411764705882353,69.41,1 in 340
league_it,VER - ROM,HT CS 3-0,HTCS,256.0,0.006617647058823529,69.41,1 in 151
league_it,BOL - ROM,CS 4-0,CS,164.0,0.010301692420897719,68.95,1 in 97
league_it,ATA - NAP,CS 5-1,CS,382.0,0.004415011037527594,68.65,1 in 226
league_it,COM - LAZ,CS 5-0,CS,382.0,0.004411764705882353,68.53,1 in 226
league_it,VER - BOL,CS 0-5,CS,229.0,0.007352941176470588,68.38,1 in 136
league_it,LAZ - ROM,CS 0-5,CS,327.0,0.005147058823529412,68.31,1 in 194
league_it,VER - PIS,CS 1-5,CS,381.0,0.004415011037527594,68.21,1 in 226
league_it,GEN - PAR,CS 0-6,CS,2280.0,0.0007358351729212656,67.77,1 in 1359
league_it,SAS - BOL,CS 0-6,CS,1130.0,0.0014716703458425313,66.3,1 in 679
league_it,TOR - SAS,CS 0-4,CS,205.0,0.008094186902133923,65.93,1 in 123
league_it,GEN - UDI,CS 5-1,CS,322.0,0.005147058823529412,65.74,1 in 194
league_it,INT - TOR,HT CS 0-3,HTCS,563.0,0.0029433406916850625,65.71,1 in 339
league_it,GEN - BOL,CS 5-1,CS,321.0,0.0051508462104488595,65.34,1 in 194
league_it,BOL - TOR,CS 1-5,CS,321.0,0.005147058823529412,65.22,1 in 194
league_it,JUV - MIL,CS 0-6,CS,2240.0,0.0007358351729212656,64.83,1 in 1359
league_it,NAP - SAS,CS 2-4,CS,448.0,0.003679175864606328,64.83,1 in 271
league_it,INT - ROM,CS 0-6,CS,2240.0,0.0007358351729212656,64.83,1 in 1359
league_it,PIS - TOR,CS 4-0,CS,140.0,0.011764705882352941,64.71,1 in 85
league_it,MIL - PIS,HT CS 0-3,HTCS,1120.0,0.0014705882352941176,64.71,1 in 680
league_it,PAR - ATA,CS 4-0,CS,172.0,0.009565857247976454,64.53,1 in 104
league_it,SAS - TOR,CS 5-1,CS,279.0,0.005886681383370125,64.24,1 in 169
league_it,PAR - CAG,CS 0-6,CS,2230.0,0.0007358351729212656,64.09,1 in 1359
league_it,TOR - BOL,CS 5-1,CS,223.0,0.007352941176470588,63.97,1 in 136
league_it,NAP - PIS,CS 0-2,CS,318.0,0.0051508462104488595,63.8,1 in 194
league_it,BOL - LEC,CS 6-0,CS,445.0,0.003676470588235294,63.6,1 in 272
league_it,PIS - FIO,CS 5-1,CS,444.0,0.003679175864606328,63.36,1 in 271
league_it,ATA - COM,CS 0-5,CS,1110.0,0.0014705882352941176,63.24,1 in 680
league_it,COM - UDI,CS 0-5,CS,444.0,0.003676470588235294,63.24,1 in 272
league_it,LAZ - TOR,CS 6-0,CS,317.0,0.005147058823529412,63.16,1 in 194
league_it,GEN - ROM,CS 0-6,CS,443.0,0.003679175864606328,62.99,1 in 271
league_it,VER - LEC,CS 0-4,CS,276.0,0.0058823529411764705,62.35,1 in 170
league_it,LEC - TOR,CS 5-1,CS,276.0,0.0058823529411764705,62.35,1 in 170
league_it,ROM - LEC,CS 1-4,CS,315.0,0.005147058823529412,62.13,1 in 194
league_it,SAS - CRE,CS 0-5,CS,734.0,0.0022058823529411764,61.91,1 in 453
league_it,ROM - NAP,CS 0-5,CS,200.0,0.008088235294117648,61.76,1 in 123
league_it,ATA - MIL,CS 6-0,CS,1100.0,0.0014705882352941176,61.76,1 in 680
league_it,TOR - MIL,CS 5-1,CS,549.0,0.0029433406916850625,61.59,1 in 339
league_it,MIL - CAG,HT CS 0-3,HTCS,547.0,0.0029411764705882353,60.88,1 in 340
league_it,SAS - CRE,CS 5-0,CS,168.0,0.009558823529411765,60.59,1 in 104
league_it,CRE - MIL,CS 4-1,CS,726.0,0.0022058823529411764,60.15,1 in 453
league_it,MIL - FIO,CS 1-4,CS,181.0,0.008830022075055188,59.82,1 in 113
league_it,MIL - INT,CS 0-5,CS,362.0,0.004415011037527594,59.82,1 in 226
league_it,VER - NAP,HT/FT 1/2,HTFT,67.8,0.0235467255334805,59.65,1 in 42
league_it,COM - JUV,CS 4-1,CS,155.0,0.010294117647058823,59.56,1 in 97
league_it,COM - JUV,CS 4-0,CS,271.0,0.0058823529411764705,59.41,1 in 170
league_it,PIS - FIO,CS 5-0,CS,722.0,0.002207505518763797,59.38,1 in 453
league_it,ATA - GEN,CS 1-5,CS,1080.0,0.0014716703458425313,58.94,1 in 679
league_it,ROM - CAG,CS 1-5,CS,1080.0,0.0014705882352941176,58.82,1 in 680
league_it,INT - LEC,CS 0-3,CS,240.0,0.006617647058823529,58.82,1 in 151
league_it,SAS - VER,CS 0-6,CS,2160.0,0.0007352941176470588,58.82,1 in 1360
league_it,CRE - NAP,CS 3-1,CS,240.0,0.006617647058823529,58.82,1 in 151
league_it,LAZ - MIL,CS 0-5,CS,359.0,0.004415011037527594,58.5,1 in 226
league_it,JUV - INT,CS 5-1,CS,269.0,0.0058823529411764705,58.24,1 in 170
league_it,MIL - UDI,CS 0-4,CS,537.0,0.0029433406916850625,58.06,1 in 339
league_it,COM - BOL,CS 5-0,CS,358.0,0.004411764705882353,57.94,1 in 226
league_it,CAG - ATA,CS 5-1,CS,536.0,0.0029433406916850625,57.76,1 in 339
league_it,TOR - COM,CS 2-4,CS,107.0,0.014716703458425313,57.47,1 in 67
league_it,TOR - BOL,CS 5-0,CS,305.0,0.005147058823529412,56.99,1 in 194
league_it,PIS - ROM,CS 3-2,CS,54.7,0.02869757174392936,56.98,1 in 34
league_it,LEC - SAS,CS 0-6,CS,2130.0,0.0007352941176470588,56.62,1 in 1360
league_it,INT - PAR,CS 0-3,CS,152.0,0.010301692420897719,56.59,1 in 97
league_it,FIO - TOR,CS 0-4,CS,125.0,0.012509197939661517,56.36,1 in 79
league_it,TOR - MIL,CS 0-6,CS,425.0,0.003679175864606328,56.36,1 in 271
league_it,NAP - CRE,CS 2-4,CS,531.0,0.0029433406916850625,56.29,1 in 339
league_it,INT - CRE,CS 2-4,CS,531.0,0.0029433406916850625,56.29,1 in 339
league_it,ROM - TOR,CS 1-4,CS,236.0,0.006622516556291391,56.29,1 in 151
league_it,COM - ROM,CS 1-5,CS,118.0,0.013235294117647059,56.18,1 in 75
league_it,ATA - FIO,CS 2-4,CS,212.0,0.007358351729212656,56.0,1 in 135
league_it,CAG - ROM,CS 5-0,CS,1060.0,0.0014716703458425313,56.0,1 in 679
league_it,VER - PIS,CS 0-6,CS,2120.0,0.0007358351729212656,56.0,1 in 1359
league_it,GEN - CAG,CS 0-6,CS,2120.0,0.0007352941176470588,55.88,1 in 1360
league_it,INT - VER,CS 0-3,CS,264.0,0.0058823529411764705,55.29,1 in 170
league_it,BOL - UDI,HT CS 0-3,HTCS,351.0,0.004415011037527594,54.97,1 in 226
league_it,CRE - INT,CS 3-2,CS,140.0,0.011037527593818985,54.53,1 in 90
league_it,PIS - INT,HT CS 2-0,HTCS,350.0,0.004415011037527594,54.53,1 in 226
league_it,FIO - PIS,CS 1-5,CS,1050.0,0.0014716703458425313,54.53,1 in 679
league_it,GEN - MIL,CS 5-0,CS,1050.0,0.0014705882352941176,54.41,1 in 680
league_it,PIS - LEC,CS 5-1,CS,262.0,0.005886681383370125,54.23,1 in 169
league_it,VER - LEC,CS 5-0,CS,699.0,0.0022058823529411764,54.19,1 in 453
league_it,UDI - INT,HT CS 3-0,HTCS,349.0,0.004415011037527594,54.08,1 in 226
league_it,TOR - COM,CS 0-4,CS,99.7,0.01545253863134658,54.06,1 in 64
league_it,JUV - COM,CS 1-4,CS,209.0,0.007358351729212656,53.79,1 in 135
league_it,CAG - BOL,HT CS 0-3,HTCS,87.0,0.017660044150110375,53.64,1 in 56
league_it,TOR - COM,CS 4-0,CS,90.7,0.01692420897718911,53.5,1 in 59
league_it,INT - PAR,CS 5-0,CS,47.4,0.03237674760853569,53.47,1 in 30
league_it,BOL - MIL,CS 1-5,CS,94.6,0.016188373804267846,53.14,1 in 61
league_it,ROM - COM,CS 1-5,CS,1040.0,0.0014716703458425313,53.05,1 in 679
league_it,JUV - ATA,CS 0-5,CS,1040.0,0.0014716703458425313,53.05,1 in 679
league_it,VER - TOR,HT CS 3-0,HTCS,90.4,0.01692420897718911,52.99,1 in 59
league_it,ROM - NAP,CS 1-5,CS,160.0,0.009558823529411765,52.94,1 in 104
league_it,MIL - PIS,CS 0-3,CS,231.0,0.006617647058823529,52.87,1 in 151
league_it,MIL - GEN,CS 0-4,CS,519.0,0.0029411764705882353,52.65,1 in 340
league_it,MIL - COM,HT CS 0-3,HTCS,519.0,0.0029411764705882353,52.65,1 in 340
league_it,INT - PIS,CS 1-3,CS,259.0,0.0058823529411764705,52.35,1 in 170
league_it,BOL - PIS,CS 1-4,CS,207.0,0.007358351729212656,52.32,1 in 135
league_it,ATA - PAR,CS 0-5,CS,2070.0,0.0007352941176470588,52.21,1 in 1360
league_it,PAR - VER,CS 6-0,CS,517.0,0.0029433406916850625,52.17,1 in 339
league_it,TOR - UDI,CS 1-5,CS,689.0,0.002207505518763797,52.1,1 in 453
league_it,VER - PAR,CS 1-5,CS,295.0,0.0051508462104488595,51.95,1 in 194
league_it,COM - NAP,CS 0-6,CS,258.0,0.005886681383370125,51.88,1 in 169
league_it,FIO - MIL,CS 5-1,CS,516.0,0.0029411764705882353,51.76,1 in 340
league_it,PAR - LAZ,CS 0-6,CS,515.0,0.0029433406916850625,51.58,1 in 339
league_it,GEN - CAG,CS 6-0,CS,1030.0,0.0014705882352941176,51.47,1 in 680
league_it,UDI - INT,CS 0-6,CS,294.0,0.0051508462104488595,51.43,1 in 194
league_it,PIS - BOL,CS 5-0,CS,686.0,0.0022058823529411764,51.32,1 in 453
league_it,JUV - PAR,CS 2-4,CS,257.0,0.005886681383370125,51.29,1 in 169
league_it,JUV - MIL,CS 1-5,CS,411.0,0.003679175864606328,51.21,1 in 271
league_it,MIL - CAG,CS 6-0,CS,158.0,0.009558823529411765,51.03,1 in 104
league_it,ROM - MIL,CS 0-4,CS,97.8,0.015441176470588236,51.01,1 in 64
league_it,LAZ - CAG,CS 5-1,CS,70.6,0.021339220014716703,50.65,1 in 46
league_it,PAR - ROM,CS 5-1,CS,512.0,0.0029411764705882353,50.59,1 in 340
league_it,FIO - LAZ,CS 5-0,CS,292.0,0.0051508462104488595,50.4,1 in 194
league_it,BOL - UDI,CS 5-1,CS,681.0,0.002207505518763797,50.33,1 in 453
league_it,JUV - LEC,CS 0-3,CS,227.0,0.006617647058823529,50.22,1 in 151
league_it,LEC - NAP,CS 4-0,CS,2040.0,0.0007358351729212656,50.11,1 in 1359
league_it,COM - TOR,CS 6-0,CS,1020.0,0.0014716703458425313,50.11,1 in 679
league_it,INT - LAZ,CS 0-5,CS,1020.0,0.0014716703458425313,50.11,1 in 679
league_it,ROM - PAR,CS 0-5,CS,2040.0,0.0007358351729212656,50.11,1 in 1359
league_it,LEC - PAR,CS 4-2,CS,97.1,0.01545253863134658,50.04,1 in 64
league_it,CAG - LAZ,CS 5-1,CS,408.0,0.003676470588235294,50.0,1 in 272
league_it,MIL - FIO,CS 6-0,CS,291.0,0.0051508462104488595,49.89,1 in 194
league_it,ATA - INT,CS 5-0,CS,509.0,0.0029411764705882353,49.71,1 in 340
league_it,LAZ - UDI,HT CS 0-3,HTCS,290.0,0.0051508462104488595,49.37,1 in 194
league_it,MIL - INT,CS 1-4,CS,70.0,0.021339220014716703,49.37,1 in 46
league_it,LAZ - UDI,CS 4-2,CS,59.7,0.025018395879323033,49.36,1 in 39
league_it,ROM - FIO,CS 1-5,CS,676.0,0.002207505518763797,49.23,1 in 453
league_it,ATA - NAP,CS 4-0,CS,156.0,0.009565857247976454,49.23,1 in 104
league_it,JUV - COM,CS 6-0,CS,225.0,0.006622516556291391,49.01,1 in 151
league_it,MIL - FIO,HT CS 0-3,HTCS,289.0,0.0051508462104488595,48.86,1 in 194
league_it,COM - TOR,CS 0-5,CS,404.0,0.003679175864606328,48.64,1 in 271
league_it,LAZ - INT,CS 6-0,CS,2020.0,0.0007358351729212656,48.64,1 in 1359
league_it,SAS - COM,CS 0-5,CS,404.0,0.003679175864606328,48.64,1 in 271
league_it,MIL - TOR,CS 0-5,CS,2020.0,0.0007358351729212656,48.64,1 in 1359
league_it,GEN - UDI,CS 1-5,CS,404.0,0.003676470588235294,48.53,1 in 272
league_it,PIS - FIO,CS 3-3,CS,61.0,0.024282560706401765,48.12,1 in 41
league_it,TOR - LEC,CS 6-0,CS,503.0,0.0029433406916850625,48.05,1 in 339
league_it,CRE - SAS,CS 1-5,CS,287.0,0.0051508462104488595,47.83,1 in 194
league_it,COM - JUV,CS 5-1,CS,670.0,0.0022058823529411764,47.79,1 in 453
league_it,TOR - INT,CS 0-6,CS,287.0,0.005147058823529412,47.72,1 in 194
league_it,LAZ - BOL,CS 6-0,CS,334.0,0.004415011037527594,47.46,1 in 226
league_it,PIS - LEC,CS 0-5,CS,334.0,0.004415011037527594,47.46,1 in 226
league_it,BOL - UDI,CS 4-0,CS,143.0,0.010301692420897719,47.31,1 in 97
league_it,INT - PIS,HT/FT 1/2,HTFT,77.0,0.01911764705882353,47.21,1 in 52
league_it,CAG - TOR,CS 2-4,CS,154.0,0.009558823529411765,47.21,1 in 104
league_it,INT - CAG,CS 2-4,CS,286.0,0.005147058823529412,47.21,1 in 194
league_it,ATA - LAZ,CS 6-0,CS,1000.0,0.0014716703458425313,47.17,1 in 679
league_it,CRE - FIO,HT CS 3-0,HTCS,200.0,0.007358351729212656,47.17,1 in 135
league_it,CRE - ATA,HT CS 3-0,HTCS,333.0,0.004411764705882353,46.91,1 in 226
league_it,LEC - VER,HT/FT 1/2,HTFT,36.3,0.04044117647058824,46.8,1 in 24
league_it,PAR - FIO,CS 1-5,CS,249.0,0.005886681383370125,46.58,1 in 169
league_it,VER - LAZ,CS 4-2,CS,166.0,0.008830022075055188,46.58,1 in 113
league_it,CAG - NAP,CS 4-2,CS,498.0,0.0029433406916850625,46.58,1 in 339
league_it,TOR - ATA,HT/FT 2/1,HTFT,32.1,0.04562178072111847,46.45,1 in 21
league_it,SAS - PAR,CS 1-5,CS,398.0,0.003679175864606328,46.43,1 in 271
league_it,BOL - INT,CS 5-0,CS,994.0,0.0014705882352941176,46.18,1 in 680
league_it,PAR - ROM,CS 4-2,CS,142.0,0.010294117647058823,46.18,1 in 97
league_it,ROM - GEN,HT/FT 2/1,HTFT,44.1,0.03308823529411765,45.92,1 in 30
league_it,FIO - TOR,CS 6-0,CS,990.0,0.0014716703458425313,45.7,1 in 679
league_it,PIS - UDI,CS 6-0,CS,1980.0,0.0007358351729212656,45.7,1 in 1359
league_it,ATA - PIS,CS 1-4,CS,283.0,0.005147058823529412,45.66,1 in 194
league_it,CAG - LAZ,CS 5-0,CS,660.0,0.0022058823529411764,45.59,1 in 453
league_it,JUV - GEN,CS 0-3,CS,132.0,0.011029411764705883,45.59,1 in 90
league_it,MIL - PAR,CS 0-5,CS,1980.0,0.0007352941176470588,45.59,1 in 1360
league_it,ATA - GEN,CS 6-0,CS,247.0,0.005886681383370125,45.4,1 in 169
league_it,BOL - UDI,CS 3-3,CS,247.0,0.005886681383370125,45.4,1 in 169
league_it,LEC - INT,CS 3-0,CS,395.0,0.003679175864606328,45.33,1 in 271
league_it,CRE - COM,CS 4-0,CS,152.0,0.009558823529411765,45.29,1 in 104
league_it,INT - COM,CS 2-4,CS,247.0,0.0058823529411764705,45.29,1 in 170
league_it,NAP - CAG,CS 2-4,CS,329.0,0.004415011037527594,45.25,1 in 226
league_it,COM - GEN,CS 0-5,CS,493.0,0.0029433406916850625,45.11,1 in 339
league_it,MIL - VER,CS 0-4,CS,985.0,0.0014716703458425313,44.96,1 in 679
league_it,JUV - PIS,CS 2-4,CS,394.0,0.003679175864606328,44.96,1 in 271
league_it,LEC - JUV,CS 1-5,CS,78.8,0.01839587932303164,44.96,1 in 54
league_it,CRE - CAG,CS 5-0,CS,394.0,0.003676470588235294,44.85,1 in 272
league_it,JUV - CAG,HT CS 0-3,HTCS,657.0,0.002204261572373255,44.82,1 in 453
league_it,JUV - ROM,CS 1-4,CS,98.4,0.014716703458425313,44.81,1 in 67
league_it,VER - NAP,CS 4-2,CS,492.0,0.0029433406916850625,44.81,1 in 339
league_it,JUV - VER,HT CS 1-2,HTCS,67.8,0.021323529411764706,44.57,1 in 46
league_it,PAR - TOR,CS 0-5,CS,393.0,0.003676470588235294,44.49,1 in 272
league_it,PIS - JUV,CS 3-3,CS,72.8,0.019838354151359296,44.42,1 in 50
league_it,COM - TOR,CS 2-4,CS,109.0,0.013245033112582781,44.37,1 in 75
league_it,MIL - LAZ,CS 4-2,CS,65.4,0.02207505518763797,44.37,1 in 45
league_it,TOR - CRE,CS 1-4,CS,196.0,0.007358351729212656,44.22,1 in 135
league_it,NAP - FIO,CS 5-1,CS,69.9,0.020588235294117647,43.91,1 in 48
league_it,VER - MIL,CS 4-0,CS,391.0,0.003676470588235294,43.75,1 in 272
league_it,JUV - LAZ,CS 4-2,CS,63.0,0.022810890360559236,43.71,1 in 43
league_it,NAP - INT,CS 1-5,CS,279.0,0.005147058823529412,43.6,1 in 194
league_it,GEN - CAG,CS 5-1,CS,217.0,0.006617647058823529,43.6,1 in 151
league_it,LAZ - PAR,CS 0-5,CS,1950.0,0.0007358351729212656,43.49,1 in 1359
league_it,INT - PAR,CS 6-0,CS,130.0,0.011037527593818985,43.49,1 in 90
league_it,PIS - COM,CS 5-0,CS,650.0,0.002207505518763797,43.49,1 in 453
league_it,FIO - JUV,CS 3-3,CS,88.6,0.016188373804267846,43.43,1 in 61
league_it,NAP - LEC,HT CS 0-2,HTCS,177.0,0.008094186902133923,43.27,1 in 123
league_it,ATA - COM,CS 2-3,CS,49.9,0.028676470588235293,43.1,1 in 34
league_it,COM - CRE,CS 2-3,CS,60.8,0.023529411764705882,43.06,1 in 42
league_it,CRE - GEN,CS 2-4,CS,108.0,0.013245033112582781,43.05,1 in 75
league_it,CAG - BOL,CS 0-4,CS,108.0,0.013245033112582781,43.05,1 in 75
league_it,PAR - SAS,CS 0-5,CS,648.0,0.0022058823529411764,42.94,1 in 453
league_it,NAP - GEN,CS 0-4,CS,647.0,0.002207505518763797,42.83,1 in 453
league_it,NAP - CRE,HT CS 0-2,HTCS,388.0,0.003679175864606328,42.75,1 in 271
league_it,BOL - FIO,CS 4-0,CS,92.2,0.01545253863134658,42.47,1 in 64
league_it,ROM - COM,CS 0-3,CS,121.0,0.01177336276674025,42.46,1 in 84
league_it,JUV - UDI,CS 0-4,CS,484.0,0.0029433406916850625,42.46,1 in 339
league_it,CRE - VER,CS 2-4,CS,121.0,0.01177336276674025,42.46,1 in 84
league_it,COM - MIL,CS 4-1,CS,129.0,0.011037527593818985,42.38,1 in 90
league_it,UDI - CAG,CS 3-3,CS,129.0,0.011037527593818985,42.38,1 in 90
league_it,COM - PAR,CS 3-3,CS,129.0,0.011037527593818985,42.38,1 in 90
league_it,PAR - LEC,HT CS 0-3,HTCS,121.0,0.011764705882352941,42.35,1 in 85
league_it,CRE - ROM,HT/FT 2/1,HTFT,36.5,0.03899926416482708,42.35,1 in 25
league_it,SAS - ATA,CS 0-6,CS,484.0,0.0029411764705882353,42.35,1 in 340
league_it,PAR - MIL,CS 5-0,CS,967.0,0.0014716703458425313,42.31,1 in 679
league_it,FIO - CRE,CS 6-0,CS,215.0,0.006617647058823529,42.28,1 in 151
league_it,CAG - PAR,CS 0-4,CS,129.0,0.011029411764705883,42.28,1 in 90
league_it,INT - VER,HT CS 0-2,HTCS,129.0,0.011029411764705883,42.28,1 in 90
league_it,SAS - GEN,CS 4-2,CS,138.0,0.010301692420897719,42.16,1 in 97
league_it,MIL - ATA,CS 1-5,CS,322.0,0.004415011037527594,42.16,1 in 226
league_it,UDI - LEC,CS 5-0,CS,161.0,0.008830022075055188,42.16,1 in 113
league_it,VER - MIL,CS 5-1,CS,966.0,0.0014705882352941176,42.06,1 in 680
league_it,LEC - COM,CS 1-4,CS,60.3,0.0235467255334805,41.99,1 in 42
league_it,ATA - VER,CS 1-4,CS,386.0,0.003676470588235294,41.91,1 in 272
league_it,FIO - COM,CS 5-1,CS,241.0,0.005886681383370125,41.87,1 in 169
league_it,SAS - GEN,CS 0-5,CS,482.0,0.0029433406916850625,41.87,1 in 339
league_it,ATA - UDI,CS 1-5,CS,964.0,0.0014716703458425313,41.87,1 in 679
league_it,PAR - PIS,CS 6-0,CS,482.0,0.0029411764705882353,41.76,1 in 340
league_it,FIO - SAS,CS 5-1,CS,107.0,0.013245033112582781,41.72,1 in 75
league_it,CAG - ROM,CS 5-1,CS,642.0,0.002207505518763797,41.72,1 in 453
league_it,BOL - SAS,CS 2-4,CS,175.0,0.008088235294117648,41.54,1 in 123
league_it,ATA - FIO,CS 0-3,CS,80.1,0.017660044150110375,41.46,1 in 56
league_it,CAG - CRE,CS 0-5,CS,961.0,0.0014705882352941176,41.32,1 in 680
league_it,GEN - COM,CS 6-0,CS,1920.0,0.0007358351729212656,41.28,1 in 1359
league_it,VER - CAG,CS 0-4,CS,128.0,0.011037527593818985,41.28,1 in 90
league_it,NAP - LEC,HT CS 0-3,HTCS,1920.0,0.0007358351729212656,41.28,1 in 1359
league_it,PIS - NAP,CS 3-1,CS,240.0,0.0058823529411764705,41.18,1 in 170
league_it,MIL - PAR,CS 0-4,CS,480.0,0.0029411764705882353,41.18,1 in 340
league_it,TOR - FIO,CS 0-5,CS,320.0,0.004411764705882353,41.18,1 in 226
league_it,ROM - FIO,HT/FT 1/2,HTFT,34.8,0.04047093451066961,40.84,1 in 24
league_it,CAG - MIL,CS 0-6,CS,319.0,0.004415011037527594,40.84,1 in 226
league_it,NAP - LEC,CS 3-3,CS,68.3,0.020603384841795438,40.72,1 in 48
league_it,SAS - PIS,CS 5-0,CS,191.0,0.007358351729212656,40.54,1 in 135
league_it,JUV - CAG,CS 3-3,CS,73.5,0.019103600293901544,40.41,1 in 52
league_it,BOL - JUV,CS 4-0,CS,212.0,0.006622516556291391,40.4,1 in 151
league_it,COM - ATA,CS 5-0,CS,477.0,0.0029433406916850625,40.4,1 in 339
league_it,UDI - BOL,CS 4-2,CS,106.0,0.013245033112582781,40.4,1 in 75
league_it,TOR - CAG,CS 0-5,CS,636.0,0.002207505518763797,40.4,1 in 453
league_it,INT - JUV,CS 6-0,CS,636.0,0.002207505518763797,40.4,1 in 453
league_it,JUV - TOR,CS 1-5,CS,954.0,0.0014705882352941176,40.29,1 in 680
league_it,INT - LEC,CS 1-3,CS,106.0,0.013235294117647059,40.29,1 in 75
league_it,MIL - VER,HT CS 0-2,HTCS,112.0,0.012509197939661517,40.1,1 in 79
league_it,ROM - PIS,CS 1-3,CS,95.2,0.014716703458425313,40.1,1 in 67
league_it,SAS - CAG,CS 5-0,CS,272.0,0.0051508462104488595,40.1,1 in 194
league_it,CAG - TOR,CS 4-0,CS,112.0,0.0125,40.0,1 in 80
league_it,FIO - GEN,HT CS 0-3,HTCS,238.0,0.0058823529411764705,40.0,1 in 170
league_it,PIS - SAS,CS 1-5,CS,272.0,0.005147058823529412,40.0,1 in 194
league_it,NAP - LAZ,HT/FT 2/1,HTFT,39.6,0.03532008830022075,39.87,1 in 28
league_it,CAG - SAS,HT CS 3-0,HTCS,76.0,0.01838235294117647,39.71,1 in 54
league_it,GEN - VER,CS 1-5,CS,949.0,0.0014716703458425313,39.66,1 in 679
league_it,JUV - BOL,HT/FT 2/X,HTFT,37.2,0.037527593818984545,39.6,1 in 26
league_it,CRE - SAS,HT CS 0-3,HTCS,75.8,0.01839587932303164,39.44,1 in 54
league_it,COM - VER,CS 6-0,CS,379.0,0.003679175864606328,39.44,1 in 271
league_it,ROM - ATA,CS 4-2,CS,67.6,0.020603384841795438,39.28,1 in 48
league_it,ROM - LAZ,CS 1-5,CS,315.0,0.004415011037527594,39.07,1 in 226
league_it,LEC - COM,CS 0-5,CS,270.0,0.0051508462104488595,39.07,1 in 194
league_it,CRE - LAZ,CS 0-6,CS,315.0,0.004415011037527594,39.07,1 in 226
league_it,MIL - ROM,HT CS 0-3,HTCS,99.4,0.013980868285504048,38.97,1 in 71
league_it,TOR - ATA,CS 4-1,CS,99.4,0.013980868285504048,38.97,1 in 71
league_it,COM - LEC,CS 4-2,CS,89.9,0.01545253863134658,38.92,1 in 64
league_it,BOL - LEC,CS 0-5,CS,944.0,0.0014705882352941176,38.82,1 in 680
league_it,PIS - CAG,CS 0-5,CS,377.0,0.003679175864606328,38.7,1 in 271
league_it,INT - CRE,HT/FT X/2,HTFT,75.4,0.01839587932303164,38.7,1 in 54
league_it,FIO - ROM,CS 0-6,CS,628.0,0.0022058823529411764,38.53,1 in 453
league_it,INT - JUV,CS 5-0,CS,171.0,0.008094186902133923,38.41,1 in 123
league_it,LEC - BOL,CS 6-0,CS,1880.0,0.0007358351729212656,38.34,1 in 1359
league_it,TOR - UDI,HT CS 0-3,HTCS,188.0,0.007358351729212656,38.34,1 in 135
league_it,BOL - MIL,CS 0-6,CS,376.0,0.003679175864606328,38.34,1 in 271
league_it,BOL - COM,CS 1-5,CS,268.0,0.0051508462104488595,38.04,1 in 194
league_it,VER - CRE,HT CS 0-3,HTCS,125.0,0.011037527593818985,37.97,1 in 90
league_it,BOL - COM,HT CS 0-3,HTCS,72.1,0.01913171449595291,37.94,1 in 52
league_it,BOL - PIS,CS 1-5,CS,937.0,0.0014716703458425313,37.9,1 in 679
league_it,UDI - JUV,CS 4-0,CS,312.0,0.004415011037527594,37.75,1 in 226
league_it,UDI - CRE,CS 5-1,CS,104.0,0.013245033112582781,37.75,1 in 75
league_it,FIO - PAR,CS 3-3,CS,78.1,0.01763409257898604,37.72,1 in 56
league_it,MIL - INT,HT CS 0-3,HTCS,69.3,0.019867549668874173,37.68,1 in 50
league_it,JUV - TOR,CS 2-4,CS,208.0,0.006617647058823529,37.65,1 in 151
league_it,NAP - SAS,CS 1-3,CS,110.0,0.012509197939661517,37.6,1 in 79
league_it,CRE - LEC,CS 1-4,CS,77.9,0.017660044150110375,37.57,1 in 56
league_it,PIS - GEN,CS 6-0,CS,1870.0,0.0007352941176470588,37.5,1 in 1360
league_it,PAR - COM,CS 3-3,CS,98.4,0.013970588235294118,37.47,1 in 71
league_it,VER - UDI,CS 5-0,CS,467.0,0.0029433406916850625,37.45,1 in 339
league_it,LAZ - FIO,HT CS 0-3,HTCS,233.0,0.0058823529411764705,37.06,1 in 170
league_it,VER - PIS,CS 2-4,CS,133.0,0.010301692420897719,37.01,1 in 97
league_it,VER - SAS,HT/FT 1/2,HTFT,32.1,0.042678440029433405,37.0,1 in 23
league_it,MIL - COM,CS 1-4,CS,266.0,0.005147058823529412,36.91,1 in 194
league_it,PAR - LAZ,CS 5-1,CS,372.0,0.003679175864606328,36.87,1 in 271
league_it,UDI - ROM,CS 4-2,CS,169.0,0.008094186902133923,36.79,1 in 123
league_it,BOL - ROM,CS 0-5,CS,143.0,0.009565857247976454,36.79,1 in 104
league_it,VER - FIO,CS 2-4,CS,74.4,0.01838235294117647,36.76,1 in 54
league_it,CAG - SAS,CS 5-1,CS,310.0,0.004411764705882353,36.76,1 in 226
league_it,INT - CRE,CS 1-2,CS,74.3,0.01839587932303164,36.68,1 in 54
league_it,ROM - INT,CS 5-0,CS,465.0,0.0029390154298310064,36.66,1 in 340
league_it,INT - SAS,CS 0-3,CS,232.0,0.005886681383370125,36.57,1 in 169
league_it,SAS - CRE,CS 6-0,CS,619.0,0.0022058823529411764,36.54,1 in 453
league_it,LEC - JUV,CS 4-0,CS,371.0,0.003679175864606328,36.5,1 in 271
league_it,COM - CRE,CS 5-0,CS,103.0,0.013235294117647059,36.32,1 in 75
league_it,NAP - VER,CS 2-3,CS,80.4,0.01692420897718911,36.07,1 in 59
league_it,CAG - TOR,CS 6-0,CS,1850.0,0.0007352941176470588,36.03,1 in 1360
league_it,UDI - SAS,CS 5-1,CS,154.0,0.008830022075055188,35.98,1 in 113
league_it,PAR - LEC,CS 0-3,CS,47.4,0.028676470588235293,35.93,1 in 34
league_it,FIO - TOR,HT/FT 2/1,HTFT,34.2,0.039735099337748346,35.89,1 in 25
league_it,COM - LEC,CS 1-4,CS,142.0,0.009565857247976454,35.84,1 in 104
league_it,INT - PAR,CS 0-4,CS,615.0,0.002207505518763797,35.76,1 in 453
league_it,PIS - PAR,CS 4-2,CS,123.0,0.011037527593818985,35.76,1 in 90
league_it,ATA - LEC,CS 5-1,CS,55.9,0.024282560706401765,35.74,1 in 41
league_it,INT - SAS,CS 1-4,CS,461.0,0.0029433406916850625,35.69,1 in 339
league_it,BOL - SAS,CS 0-4,CS,205.0,0.006617647058823529,35.66,1 in 151
league_it,BOL - GEN,HT CS 0-3,HTCS,123.0,0.011029411764705883,35.66,1 in 90
league_it,MIL - PAR,HT CS 0-2,HTCS,54.2,0.025,35.5,1 in 40
league_it,FIO - LEC,CS 5-1,CS,92.1,0.014705882352941176,35.44,1 in 68
league_it,BOL - LEC,CS 0-4,CS,230.0,0.0058823529411764705,35.29,1 in 170
league_it,VER - MIL,HT CS 3-0,HTCS,368.0,0.003676470588235294,35.29,1 in 272
league_it,ROM - BOL,CS 2-4,CS,167.0,0.008094186902133923,35.17,1 in 123
league_it,MIL - INT,HT/FT 1/2,HTFT,28.7,0.047093451066961,35.16,1 in 21
league_it,LAZ - ROM,CS 2-4,CS,87.5,0.015441176470588236,35.11,1 in 64
league_it,LAZ - SAS,HT CS 0-3,HTCS,612.0,0.002207505518763797,35.1,1 in 453
league_it,LAZ - COM,HT CS 0-3,HTCS,204.0,0.006622516556291391,35.1,1 in 151
league_it,SAS - NAP,CS 3-2,CS,96.7,0.013970588235294118,35.1,1 in 71
league_it,PIS - ROM,CS 4-2,CS,204.0,0.006622516556291391,35.1,1 in 151
league_it,PIS - COM,HT/FT 1/2,HTFT,34.0,0.039735099337748346,35.1,1 in 25
league_it,NAP - ATA,CS 6-0,CS,367.0,0.003676470588235294,34.93,1 in 272
league_it,GEN - CAG,CS 5-0,CS,262.0,0.005147058823529412,34.85,1 in 194
league_it,BOL - MIL,CS 5-1,CS,458.0,0.0029433406916850625,34.81,1 in 339
league_it,CRE - TOR,CS 4-2,CS,122.0,0.011037527593818985,34.66,1 in 90
league_it,TOR - PAR,CS 0-6,CS,1830.0,0.0007358351729212656,34.66,1 in 1359
league_it,UDI - GEN,CS 4-0,CS,122.0,0.011037527593818985,34.66,1 in 90
league_it,CAG - ROM,CS 3-3,CS,65.3,0.020603384841795438,34.54,1 in 48
league_it,MIL - CAG,CS 5-1,CS,59.0,0.022794117647058822,34.49,1 in 43
league_it,LEC - ROM,CS 4-2,CS,203.0,0.006622516556291391,34.44,1 in 151
league_it,LEC - PAR,HT/FT 2/1,HTFT,33.2,0.04047093451066961,34.36,1 in 24
league_it,JUV - COM,CS 1-5,CS,913.0,0.0014716703458425313,34.36,1 in 679
league_it,FIO - PIS,HT CS 0-2,HTCS,50.7,0.026490066225165563,34.3,1 in 37
league_it,ROM - LAZ,CS 5-1,CS,114.0,0.01177336276674025,34.22,1 in 84
league_it,SAS - PIS,CS 1-5,CS,456.0,0.0029433406916850625,34.22,1 in 339
league_it,COM - ATA,CS 4-2,CS,114.0,0.01177336276674025,34.22,1 in 84
league_it,INT - PAR,HT CS 0-3,HTCS,608.0,0.002207505518763797,34.22,1 in 453
league_it,ROM - BOL,CS 5-0,CS,79.2,0.01692420897718911,34.04,1 in 59
league_it,ROM - VER,CS 1-5,CS,1820.0,0.0007358351729212656,33.92,1 in 1359
league_it,GEN - SAS,CS 2-4,CS,182.0,0.007358351729212656,33.92,1 in 135
league_it,PIS - INT,HT/FT 1/X,HTFT,130.0,0.010301692420897719,33.92,1 in 97
league_it,TOR - UDI,CS 0-5,CS,910.0,0.0014716703458425313,33.92,1 in 679
league_it,LEC - VER,CS 4-2,CS,140.0,0.009558823529411765,33.82,1 in 104
league_it,PAR - PIS,CS 0-4,CS,260.0,0.005147058823529412,33.82,1 in 194
league_it,PIS - BOL,CS 5-1,CS,455.0,0.0029411764705882353,33.82,1 in 340
league_it,PIS - NAP,HT/FT 1/X,HTFT,130.0,0.010294117647058823,33.82,1 in 97
league_it,VER - SAS,CS 5-0,CS,303.0,0.004415011037527594,33.77,1 in 226
league_it,NAP - PIS,HT CS 1-2,HTCS,101.0,0.013245033112582781,33.77,1 in 75
league_it,ROM - PIS,HT CS 0-2,HTCS,101.0,0.013245033112582781,33.77,1 in 75
league_it,ATA - COM,HT/FT 1/2,HTFT,34.3,0.03897058823529412,33.67,1 in 25
league_it,ROM - COM,CS 0-4,CS,454.0,0.0029433406916850625,33.63,1 in 339
league_it,JUV - PIS,CS 1-4,CS,454.0,0.0029433406916850625,33.63,1 in 339
league_it,PIS - ROM,CS 3-0,CS,90.8,0.014716703458425313,33.63,1 in 67
league_it,INT - ATA,CS 1-5,CS,605.0,0.002207505518763797,33.55,1 in 453
league_it,ATA - NAP,CS 4-2,CS,121.0,0.011037527593818985,33.55,1 in 90
league_it,PAR - LEC,CS 0-5,CS,605.0,0.0022058823529411764,33.46,1 in 453
league_it,SAS - FIO,CS 4-0,CS,165.0,0.008088235294117648,33.46,1 in 123
league_it,FIO - PAR,CS 5-0,CS,165.0,0.008082292432035268,33.36,1 in 123
league_it,INT - LAZ,CS 5-1,CS,86.3,0.01545253863134658,33.36,1 in 64
league_it,GEN - VER,CS 5-0,CS,151.0,0.008830022075055188,33.33,1 in 113
league_it,TOR - LAZ,CS 5-0,CS,453.0,0.0029433406916850625,33.33,1 in 339
league_it,UDI - MIL,CS 4-0,CS,259.0,0.005147058823529412,33.31,1 in 194
league_it,ATA - INT,CS 4-1,CS,90.6,0.014705882352941176,33.24,1 in 68
league_it,MIL - BOL,HT/FT 2/1,HTFT,45.3,0.029411764705882353,33.24,1 in 34
league_it,MIL - TOR,CS 0-2,CS,43.1,0.03090507726269316,33.2,1 in 32
league_it,ATA - FIO,CS 1-4,CS,181.0,0.007358351729212656,33.19,1 in 135
league_it,CAG - COM,CS 5-1,CS,362.0,0.003676470588235294,33.09,1 in 272
league_it,ROM - LEC,CS 5-1,CS,46.4,0.028676470588235293,33.06,1 in 34
league_it,VER - SAS,CS 0-4,CS,113.0,0.01177336276674025,33.04,1 in 84
league_it,CRE - COM,CS 5-0,CS,603.0,0.0022058823529411764,33.01,1 in 453
league_it,PIS - CRE,HT/FT 2/1,HTFT,32.3,0.041176470588235294,33.0,1 in 24
league_it,NAP - VER,CS 1-3,CS,139.0,0.009565857247976454,32.97,1 in 104
league_it,CRE - ATA,CS 4-2,CS,226.0,0.0058823529411764705,32.94,1 in 170
league_it,SAS - VER,HT CS 0-3,HTCS,113.0,0.011764705882352941,32.94,1 in 85
league_it,LEC - MIL,CS 0-6,CS,301.0,0.004415011037527594,32.89,1 in 226
league_it,UDI - ROM,CS 0-5,CS,129.0,0.010301692420897719,32.89,1 in 97
league_it,GEN - COM,HT CS 0-3,HTCS,90.1,0.014716703458425313,32.6,1 in 67
league_it,PIS - JUV,HT/FT 2/1,HTFT,39.2,0.03379867744305658,32.49,1 in 29
league_it,SAS - CAG,CS 0-5,CS,450.0,0.0029433406916850625,32.45,1 in 339
league_it,LAZ - LEC,CS 0-4,CS,600.0,0.002207505518763797,32.45,1 in 453
league_it,CAG - GEN,CS 5-1,CS,360.0,0.003679175864606328,32.45,1 in 271
league_it,PIS - SAS,CS 4-0,CS,94.8,0.013970588235294118,32.44,1 in 71
league_it,PAR - COM,CS 0-6,CS,1800.0,0.0007352941176470588,32.35,1 in 1360
league_it,PIS - GEN,CS 5-1,CS,360.0,0.003676470588235294,32.35,1 in 272
league_it,FIO - ROM,CS 0-4,CS,56.2,0.023529411764705882,32.24,1 in 42
league_it,CRE - ROM,CS 4-0,CS,359.0,0.003679175864606328,32.08,1 in 271
league_it,JUV - ROM,CS 0-3,CS,48.5,0.027225901398086828,32.05,1 in 36
league_it,COM - VER,CS 1-5,CS,897.0,0.0014716703458425313,32.01,1 in 679
league_it,NAP - ATA,HT/FT 1/2,HTFT,36.6,0.03602941176470588,31.87,1 in 27
league_it,JUV - LEC,HT CS 1-2,HTCS,66.4,0.019852941176470587,31.82,1 in 50
league_it,ATA - BOL,CS 2-4,CS,224.0,0.0058823529411764705,31.76,1 in 170
league_it,NAP - FIO,CS 2-4,CS,224.0,0.0058823529411764705,31.76,1 in 170
league_it,FIO - TOR,CS 0-6,CS,1790.0,0.0007358351729212656,31.71,1 in 1359
league_it,VER - PIS,CS 6-0,CS,895.0,0.0014716703458425313,31.71,1 in 679
league_it,VER - NAP,CS 3-2,CS,99.4,0.013245033112582781,31.66,1 in 75
league_it,SAS - UDI,CS 6-0,CS,1790.0,0.0007352941176470588,31.62,1 in 1360
league_it,CRE - VER,CS 5-1,CS,298.0,0.004415011037527594,31.57,1 in 226
league_it,CRE - TOR,HT CS 3-0,HTCS,99.3,0.013245033112582781,31.52,1 in 75
league_it,CAG - PAR,CS 2-3,CS,44.7,0.029411764705882353,31.47,1 in 34
league_it,VER - ROM,CS 4-0,CS,298.0,0.004411764705882353,31.47,1 in 226
league_it,BOL - ROM,CS 4-1,CS,99.2,0.013245033112582781,31.39,1 in 75
league_it,JUV - LEC,CS 6-0,CS,105.0,0.0125,31.25,1 in 80
league_it,BOL - NAP,CS 5-1,CS,595.0,0.0022058823529411764,31.25,1 in 453
league_it,UDI - FIO,CS 4-2,CS,105.0,0.0125,31.25,1 in 80
league_it,GEN - SAS,CS 4-0,CS,68.6,0.01913171449595291,31.24,1 in 52
league_it,BOL - ATA,CS 0-5,CS,223.0,0.0058823529411764705,31.18,1 in 170
league_it,MIL - PIS,CS 1-4,CS,446.0,0.0029411764705882353,31.18,1 in 340
league_it,MIL - FIO,CS 3-3,CS,71.3,0.01839587932303164,31.16,1 in 54
league_it,LEC - INT,HT CS 2-1,HTCS,77.5,0.01692420897718911,31.16,1 in 59
league_it,INT - PAR,CS 1-4,CS,297.0,0.004415011037527594,31.13,1 in 226
league_it,ATA - VER,CS 0-2,CS,57.5,0.022794117647058822,31.07,1 in 43
league_it,FIO - PIS,CS 0-5,CS,1780.0,0.0007358351729212656,30.98,1 in 1359
league_it,NAP - LAZ,CS 1-3,CS,48.1,0.027225901398086828,30.96,1 in 36
league_it,LEC - TOR,CS 0-4,CS,84.8,0.015441176470588236,30.94,1 in 64
league_it,COM - UDI,CS 4-0,CS,77.4,0.016911764705882352,30.9,1 in 59
league_it,FIO - LEC,CS 1-5,CS,890.0,0.0014705882352941176,30.88,1 in 680
league_it,PIS - CAG,CS 0-4,CS,98.8,0.013245033112582781,30.86,1 in 75
league_it,PIS - LEC,CS 1-5,CS,254.0,0.0051508462104488595,30.83,1 in 194
league_it,COM - NAP,CS 4-0,CS,296.0,0.004415011037527594,30.68,1 in 226
league_it,COM - NAP,HT/FT 1/X,HTFT,26.9,0.04856512141280353,30.64,1 in 20
league_it,CAG - TOR,CS 4-1,CS,93.5,0.013970588235294118,30.63,1 in 71
league_it,LEC - LAZ,CS 4-2,CS,148.0,0.008823529411764706,30.59,1 in 113
league_it,CAG - PIS,CS 0-4,CS,197.0,0.006622516556291391,30.46,1 in 151
league_it,TOR - MIL,CS 2-4,CS,65.6,0.019867549668874173,30.33,1 in 50
league_it,ROM - FIO,CS 1-4,CS,161.0,0.008094186902133923,30.32,1 in 123
league_it,NAP - CRE,HT/FT 1/2,HTFT,77.0,0.01692420897718911,30.32,1 in 59
league_it,JUV - CAG,CS 2-3,CS,68.2,0.019103600293901544,30.29,1 in 52
league_it,CRE - FIO,CS 4-2,CS,177.0,0.007358351729212656,30.24,1 in 135
league_it,VER - BOL,CS 1-5,CS,177.0,0.007352941176470588,30.15,1 in 136
league_it,LAZ - ATA,CS 6-0,CS,885.0,0.0014705882352941176,30.15,1 in 680
league_it,CAG - COM,CS 6-0,CS,1770.0,0.0007352941176470588,30.15,1 in 1360
league_it,NAP - CRE,CS 2-2,CS,34.0,0.03826342899190582,30.1,1 in 26
league_it,CRE - MIL,HT/FT 1/2,HTFT,61.0,0.021323529411764706,30.07,1 in 46
league_it,NAP - CAG,HT CS 1-2,HTCS,50.5,0.025754231052244298,30.06,1 in 38
league_it,GEN - INT,HT/FT 1/X,HTFT,28.5,0.04562178072111847,30.02,1 in 21
league_it,TOR - UDI,HT CS 1-2,HTCS,31.0,0.04194260485651214,30.02,1 in 23
league_it,NAP - ATA,CS 5-1,CS,104.0,0.0125,30.0,1 in 80
league_it,LAZ - ATA,CS 2-4,CS,98.1,0.013235294117647059,29.84,1 in 75
league_it,NAP - ROM,CS 6-0,CS,441.0,0.0029433406916850625,29.8,1 in 339
league_it,UDI - COM,CS 5-0,CS,353.0,0.003676470588235294,29.78,1 in 272
league_it,JUV - TOR,CS 3-3,CS,63.0,0.020588235294117647,29.71,1 in 48
league_it,PIS - SAS,CS 0-4,CS,97.9,0.013235294117647059,29.57,1 in 75
league_it,CAG - LEC,CS 4-0,CS,67.7,0.01913171449595291,29.52,1 in 52
league_it,LEC - COM,CS 6-0,CS,1760.0,0.0007358351729212656,29.51,1 in 1359
league_it,ROM - GEN,CS 4-2,CS,47.6,0.027205882352941177,29.5,1 in 36
league_it,LEC - MIL,CS 0-5,CS,92.6,0.013980868285504048,29.46,1 in 71
league_it,JUV - PAR,CS 0-4,CS,586.0,0.002207505518763797,29.36,1 in 453
league_it,LAZ - NAP,CS 5-0,CS,586.0,0.0022058823529411764,29.26,1 in 453
league_it,JUV - ROM,CS 3-3,CS,65.0,0.019867549668874173,29.14,1 in 50
league_it,JUV - ROM,CS 5-1,CS,135.0,0.009565857247976454,29.14,1 in 104
league_it,COM - PIS,CS 0-4,CS,351.0,0.003676470588235294,29.04,1 in 272
league_it,VER - LEC,HT CS 0-3,HTCS,351.0,0.003676470588235294,29.04,1 in 272
league_it,LEC - ATA,CS 4-2,CS,219.0,0.005886681383370125,28.92,1 in 169
league_it,CAG - ROM,CS 1-5,CS,97.3,0.013245033112582781,28.87,1 in 75
league_it,CRE - GEN,CS 4-1,CS,103.0,0.012509197939661517,28.84,1 in 79
league_it,CAG - CRE,CS 5-0,CS,146.0,0.008823529411764706,28.82,1 in 113
league_it,TOR - VER,CS 0-4,CS,292.0,0.004411764705882353,28.82,1 in 226
league_it,BOL - LAZ,CS 2-4,CS,73.0,0.01764705882352941,28.82,1 in 56
league_it,ROM - MIL,CS 1-5,CS,250.0,0.005147058823529412,28.68,1 in 194
league_it,MIL - ATA,CS 4-0,CS,58.2,0.02207505518763797,28.48,1 in 45
league_it,COM - ATA,CS 0-5,CS,218.0,0.005886681383370125,28.33,1 in 169
league_it,TOR - LEC,CS 1-5,CS,581.0,0.002207505518763797,28.26,1 in 453
league_it,INT - ROM,CS 0-5,CS,581.0,0.002207505518763797,28.26,1 in 453
league_it,CAG - COM,CS 4-0,CS,109.0,0.011764705882352941,28.24,1 in 85
league_it,TOR - VER,CS 5-1,CS,109.0,0.011764705882352941,28.24,1 in 85
league_it,PAR - BOL,CS 3-2,CS,37.1,0.03455882352941177,28.21,1 in 28
league_it,NAP - PAR,CS 4-2,CS,49.8,0.025735294117647058,28.16,1 in 38
league_it,LEC - ROM,CS 1-5,CS,91.6,0.013980868285504048,28.06,1 in 71
league_it,FIO - LEC,CS 4-2,CS,64.5,0.019852941176470587,28.05,1 in 50
league_it,PAR - GEN,CS 0-6,CS,1740.0,0.0007358351729212656,28.04,1 in 1359
league_it,PAR - CAG,HT CS 0-3,HTCS,116.0,0.011037527593818985,28.04,1 in 90
league_it,LAZ - UDI,CS 6-0,CS,290.0,0.004415011037527594,28.04,1 in 226
league_it,ATA - LEC,CS 1-4,CS,290.0,0.004415011037527594,28.04,1 in 226
league_it,CAG - PIS,CS 5-1,CS,145.0,0.008830022075055188,28.04,1 in 113
league_it,BOL - NAP,CS 1-4,CS,29.0,0.04411764705882353,27.94,1 in 22
league_it,BOL - CRE,CS 0-4,CS,348.0,0.003676470588235294,27.94,1 in 272
league_it,PIS - JUV,HT CS 2-0,HTCS,54.4,0.02351212343864805,27.91,1 in 42
league_it,ROM - CRE,HT/FT 1/2,HTFT,49.7,0.025735294117647058,27.9,1 in 38
league_it,CAG - GEN,CS 4-2,CS,158.0,0.008094186902133923,27.89,1 in 123
league_it,BOL - INT,CS 1-5,CS,82.8,0.015441176470588236,27.85,1 in 64
league_it,MIL - FIO,CS 4-2,CS,59.9,0.021339220014716703,27.82,1 in 46
league_it,LEC - PIS,CS 5-0,CS,193.0,0.006622516556291391,27.81,1 in 151
league_it,BOL - VER,HT/FT 1/2,HTFT,38.6,0.033112582781456956,27.81,1 in 30
league_it,VER - SAS,CS 2-4,CS,124.0,0.010301692420897719,27.74,1 in 97
league_it,JUV - PIS,HT/FT 2/X,HTFT,52.6,0.024282560706401765,27.73,1 in 41
league_it,CRE - UDI,CS 3-2,CS,45.7,0.027941176470588237,27.69,1 in 35
league_it,CAG - LAZ,CS 4-2,CS,124.0,0.010294117647058823,27.65,1 in 97
league_it,JUV - TOR,CS 0-4,CS,434.0,0.0029411764705882353,27.65,1 in 340
league_it,GEN - UDI,CS 0-4,CS,124.0,0.010294117647058823,27.65,1 in 97
league_it,NAP - JUV,CS 3-3,CS,64.3,0.019852941176470587,27.65,1 in 50
league_it,SAS - BOL,CS 3-2,CS,42.3,0.03016924208977189,27.62,1 in 33
league_it,LAZ - PIS,CS 2-4,CS,289.0,0.004411764705882353,27.5,1 in 226
league_it,NAP - PAR,CS 1-3,CS,72.2,0.01764705882352941,27.41,1 in 56
league_it,VER - PAR,CS 5-0,CS,346.0,0.003679175864606328,27.3,1 in 271
league_it,BOL - SAS,CS 1-5,CS,577.0,0.0022058823529411764,27.28,1 in 453
league_it,MIL - LEC,CS 1-5,CS,1730.0,0.0007352941176470588,27.21,1 in 1360
league_it,NAP - FIO,CS 0-5,CS,1730.0,0.0007352941176470588,27.21,1 in 1360
league_it,COM - TOR,CS 1-5,CS,288.0,0.004415011037527594,27.15,1 in 226
league_it,LEC - CRE,HT CS 0-3,HTCS,144.0,0.008830022075055188,27.15,1 in 113
league_it,PIS - TOR,HT CS 3-0,HTCS,108.0,0.011764705882352941,27.06,1 in 85
league_it,CAG - COM,CS 5-0,CS,432.0,0.0029411764705882353,27.06,1 in 340
league_it,BOL - MIL,CS 3-3,CS,55.7,0.022810890360559236,27.06,1 in 43
league_it,PAR - ROM,HT/FT 2/1,HTFT,32.6,0.03897058823529412,27.04,1 in 25
league_it,ROM - PIS,HT/FT 1/2,HTFT,49.3,0.025754231052244298,26.97,1 in 38
league_it,NAP - LAZ,CS 5-0,CS,90.8,0.013980868285504048,26.95,1 in 71
league_it,LAZ - COM,CS 6-0,CS,431.0,0.0029433406916850625,26.86,1 in 339
league_it,TOR - GEN,CS 0-5,CS,431.0,0.0029433406916850625,26.86,1 in 339
league_it,FIO - PIS,HT CS 1-2,HTCS,38.3,0.033112582781456956,26.82,1 in 30
league_it,COM - VER,CS 4-2,CS,71.8,0.017660044150110375,26.8,1 in 56
league_it,INT - GEN,CS 1-3,CS,66.3,0.01911764705882353,26.75,1 in 52
league_it,UDI - JUV,HT CS 3-0,HTCS,287.0,0.004415011037527594,26.71,1 in 226
league_it,LEC - ATA,CS 5-1,CS,861.0,0.0014716703458425313,26.71,1 in 679
league_it,CAG - COM,HT CS 0-3,HTCS,90.6,0.013970588235294118,26.57,1 in 71
league_it,VER - SAS,CS 0-6,CS,1720.0,0.0007358351729212656,26.56,1 in 1359
league_it,ATA - GEN,CS 0-4,CS,430.0,0.0029433406916850625,26.56,1 in 339
league_it,MIL - BOL,HT CS 0-3,HTCS,430.0,0.0029411764705882353,26.47,1 in 340
league_it,VER - BOL,CS 0-4,CS,68.8,0.01838235294117647,26.47,1 in 54
league_it,CAG - SAS,CS 6-0,CS,1720.0,0.0007352941176470588,26.47,1 in 1360
league_it,MIL - TOR,CS 2-3,CS,66.1,0.01913171449595291,26.46,1 in 52
league_it,GEN - CAG,CS 4-1,CS,61.4,0.020588235294117647,26.41,1 in 48
league_it,JUV - ATA,CS 1-3,CS,40.9,0.03090507726269316,26.4,1 in 32
league_it,LEC - ROM,CS 0-5,CS,95.4,0.013245033112582781,26.36,1 in 75
league_it,TOR - UDI,CS 3-3,CS,143.0,0.008830022075055188,26.27,1 in 113
league_it,PAR - VER,CS 1-4,CS,132.0,0.009565857247976454,26.27,1 in 104
league_it,MIL - JUV,CS 5-0,CS,245.0,0.0051508462104488595,26.2,1 in 194
league_it,GEN - TOR,CS 5-0,CS,429.0,0.0029411764705882353,26.18,1 in 340
league_it,ATA - LAZ,CS 2-4,CS,95.2,0.013245033112582781,26.09,1 in 75
league_it,COM - NAP,HT CS 2-1,HTCS,27.2,0.046357615894039736,26.09,1 in 21
league_it,INT - SAS,HT/FT 1/2,HTFT,51.9,0.024282560706401765,26.03,1 in 41
league_it,ROM - LEC,HT CS 1-2,HTCS,45.1,0.027941176470588237,26.01,1 in 35
league_it,UDI - JUV,CS 4-2,CS,214.0,0.005886681383370125,25.97,1 in 169
league_it,PAR - NAP,CS 3-0,CS,85.6,0.014716703458425313,25.97,1 in 67
league_it,VER - NAP,HT CS 2-1,HTCS,81.5,0.01545253863134658,25.94,1 in 64
league_it,PAR - LAZ,HT CS 0-3,HTCS,29.5,0.042678440029433405,25.9,1 in 23
league_it,INT - LEC,CS 3-3,CS,81.5,0.015441176470588236,25.85,1 in 64
league_it,LAZ - CAG,HT/FT 2/1,HTFT,45.0,0.027961736571008096,25.83,1 in 35
league_it,CAG - JUV,CS 4-0,CS,342.0,0.003679175864606328,25.83,1 in 271
league_it,CAG - VER,CS 5-1,CS,171.0,0.007352941176470588,25.74,1 in 136
league_it,CRE - PAR,CS 0-5,CS,285.0,0.004411764705882353,25.74,1 in 226
league_it,TOR - BOL,CS 0-5,CS,342.0,0.003676470588235294,25.74,1 in 272
league_it,JUV - NAP,CS 3-3,CS,71.2,0.017660044150110375,25.74,1 in 56
league_it,PIS - SAS,CS 5-0,CS,342.0,0.003676470588235294,25.74,1 in 272
league_it,VER - TOR,CS 4-0,CS,122.0,0.010301692420897719,25.68,1 in 97
league_it,COM - CAG,CS 4-2,CS,81.3,0.01545253863134658,25.63,1 in 64
league_it,MIL - PIS,CS 4-2,CS,43.8,0.028676470588235293,25.6,1 in 34
league_it,GEN - CRE,CS 2-3,CS,74.2,0.01692420897718911,25.58,1 in 59
league_it,MIL - ATA,CS 1-4,CS,85.3,0.014716703458425313,25.53,1 in 67
league_it,VER - MIL,HT/FT 2/1,HTFT,37.1,0.033823529411764704,25.49,1 in 29
league_it,ROM - SAS,HT CS 0-3,HTCS,569.0,0.002204261572373255,25.42,1 in 453
league_it,CAG - ROM,CS 3-0,CS,74.1,0.01692420897718911,25.41,1 in 59
league_it,SAS - CAG,CS 1-4,CS,85.2,0.014716703458425313,25.39,1 in 67
league_it,ATA - LEC,CS 0-3,CS,142.0,0.008830022075055188,25.39,1 in 113
league_it,PAR - FIO,HT CS 3-0,HTCS,65.5,0.01913171449595291,25.31,1 in 52
league_it,TOR - SAS,CS 1-4,CS,131.0,0.009565857247976454,25.31,1 in 104
league_it,FIO - UDI,CS 4-2,CS,94.6,0.013245033112582781,25.3,1 in 75
league_it,COM - PIS,CS 1-4,CS,213.0,0.0058823529411764705,25.29,1 in 170
league_it,ROM - LEC,CS 2-4,CS,284.0,0.004411764705882353,25.29,1 in 226
league_it,NAP - FIO,CS 6-0,CS,213.0,0.0058823529411764705,25.29,1 in 170
league_it,UDI - INT,CS 0-5,CS,89.6,0.013980868285504048,25.27,1 in 71
league_it,LAZ - GEN,CS 3-3,CS,74.0,0.01692420897718911,25.24,1 in 59
league_it,CRE - ATA,CS 3-1,CS,51.6,0.02426470588235294,25.21,1 in 41
league_it,GEN - FIO,CS 4-1,CS,77.3,0.016188373804267846,25.14,1 in 61
league_it,CAG - UDI,CS 4-0,CS,100.0,0.012509197939661517,25.09,1 in 79
league_it,CRE - UDI,CS 5-1,CS,425.0,0.0029411764705882353,25.0,1 in 340
league_it,COM - JUV,CS 2-4,CS,60.7,0.020588235294117647,24.97,1 in 48
league_it,INT - FIO,CS 3-3,CS,65.3,0.01913171449595291,24.93,1 in 52
league_it,PIS - LAZ,CS 3-2,CS,54.8,0.022794117647058822,24.91,1 in 43
league_it,NAP - PAR,HT/FT 2/1,HTFT,45.9,0.027205882352941177,24.88,1 in 36
league_it,ATA - FIO,CS 5-1,CS,106.0,0.01177336276674025,24.8,1 in 84
league_it,LEC - PAR,CS 2-4,CS,113.0,0.011037527593818985,24.72,1 in 90
league_it,COM - INT,HT/FT 2/1,HTFT,33.9,0.03679175864606328,24.72,1 in 27
league_it,JUV - INT,HT/FT 1/X,HTFT,16.3,0.07647058823529412,24.65,1 in 13
league_it,GEN - INT,CS 5-1,CS,847.0,0.0014716703458425313,24.65,1 in 679
league_it,CRE - ATA,CS 2-4,CS,65.2,0.01911764705882353,24.65,1 in 52
league_it,ROM - PAR,HT CS 0-2,HTCS,60.5,0.020603384841795438,24.65,1 in 48
league_it,ROM - MIL,CS 2-4,CS,99.7,0.0125,24.63,1 in 80
league_it,LEC - PIS,CS 4-1,CS,49.8,0.025018395879323033,24.59,1 in 39
league_it,ROM - GEN,CS 0-3,CS,121.0,0.010294117647058823,24.56,1 in 97
league_it,BOL - NAP,CS 1-5,CS,77.0,0.016176470588235296,24.56,1 in 61
league_it,JUV - LEC,HT/FT 1/2,HTFT,51.3,0.02426470588235294,24.48,1 in 41
league_it,ROM - PIS,CS 6-0,CS,99.5,0.012509197939661517,24.47,1 in 79
league_it,CAG - ROM,Exact 6,ExactGoals,19.9,0.06254598969830757,24.47,1 in 15
league_it,COM - JUV,HT CS 2-1,HTCS,27.3,0.045588235294117645,24.46,1 in 21
league_it,CAG - TOR,HT CS 3-0,HTCS,94.0,0.013235294117647059,24.41,1 in 75
league_it,ROM - ATA,HT CS 0-3,HTCS,73.5,0.01692420897718911,24.39,1 in 59
league_it,TOR - MIL,CS 4-1,CS,130.0,0.009565857247976454,24.36,1 in 104
league_it,CAG - GEN,CS 6-0,CS,1690.0,0.0007358351729212656,24.36,1 in 1359
league_it,FIO - BOL,CS 5-0,CS,338.0,0.003679175864606328,24.36,1 in 271
league_it,NAP - BOL,CS 0-4,CS,563.0,0.002207505518763797,24.28,1 in 453
league_it,BOL - CRE,HT CS 0-3,HTCS,338.0,0.003676470588235294,24.26,1 in 272
league_it,GEN - PAR,HT/FT 2/1,HTFT,35.9,0.034584253127299486,24.16,1 in 28
league_it,CAG - FIO,CS 4-1,CS,80.4,0.015441176470588236,24.15,1 in 64
league_it,GEN - LEC,CS 0-5,CS,844.0,0.0014705882352941176,24.12,1 in 680
league_it,MIL - CRE,HT/FT 2/2,HTFT,27.2,0.04562178072111847,24.09,1 in 21
league_it,JUV - MIL,CS 0-5,CS,562.0,0.002207505518763797,24.06,1 in 453
league_it,TOR - SAS,CS 0-5,CS,843.0,0.0014716703458425313,24.06,1 in 679
league_it,MIL - BOL,CS 4-2,CS,54.4,0.022794117647058822,24.0,1 in 43
league_it,BOL - SAS,CS 4-2,CS,84.3,0.014705882352941176,23.97,1 in 68
league_it,MIL - ATA,CS 4-2,CS,70.2,0.017660044150110375,23.97,1 in 56
league_it,MIL - LEC,CS 3-3,CS,76.6,0.016176470588235296,23.91,1 in 61
league_it,INT - CRE,Away Win,1X2,26.7,0.046357615894039736,23.77,1 in 21
league_it,JUV - UDI,HT/FT 1/2,HTFT,38.2,0.03237674760853569,23.68,1 in 30
league_it,TOR - JUV,HT/FT 2/1,HTFT,34.3,0.036055923473142015,23.67,1 in 27
league_it,COM - PAR,CS 4-2,CS,140.0,0.008830022075055188,23.62,1 in 113
league_it,PIS - INT,CS 3-1,CS,240.0,0.0051508462104488595,23.62,1 in 194
league_it,NAP - BOL,CS 0-3,CS,140.0,0.008830022075055188,23.62,1 in 113
league_it,UDI - GEN,HT CS 3-0,HTCS,112.0,0.011037527593818985,23.62,1 in 90
league_it,GEN - PAR,CS 0-5,CS,560.0,0.002207505518763797,23.62,1 in 453
league_it,COM - INT,CS 3-3,CS,67.2,0.01839587932303164,23.62,1 in 54
league_it,BOL - MIL,Exact 6,ExactGoals,17.5,0.0706401766004415,23.62,1 in 14
league_it,CAG - MIL,CS 1-5,CS,88.4,0.013980868285504048,23.59,1 in 71
league_it,INT - MIL,CS 4-1,CS,57.9,0.021339220014716703,23.55,1 in 46
league_it,VER - CAG,CS 4-0,CS,73.0,0.01692420897718911,23.55,1 in 59
league_it,FIO - CRE,CS 0-3,CS,112.0,0.011029411764705883,23.53,1 in 90
league_it,NAP - JUV,CS 6-0,CS,840.0,0.0014705882352941176,23.53,1 in 680
league_it,GEN - LEC,CS 5-1,CS,168.0,0.007352941176470588,23.53,1 in 136
league_it,BOL - GEN,HT CS 3-0,HTCS,52.5,0.023529411764705882,23.53,1 in 42
league_it,COM - UDI,CS 2-4,CS,120.0,0.010294117647058823,23.53,1 in 97
league_it,BOL - ATA,CS 4-2,CS,93.3,0.013235294117647059,23.49,1 in 75
league_it,VER - PIS,CS 4-1,CS,55.9,0.02207505518763797,23.4,1 in 45
league_it,NAP - INT,CS 4-0,CS,64.5,0.01911764705882353,23.31,1 in 52
league_it,FIO - INT,CS 3-2,CS,47.9,0.025735294117647058,23.27,1 in 38
league_it,CRE - INT,HT/FT 2/1,HTFT,72.8,0.01692420897718911,23.21,1 in 59
league_it,PAR - VER,HT/FT 2/1,HTFT,36.4,0.03384841795437822,23.21,1 in 29
league_it,PAR - CAG,CS 0-5,CS,558.0,0.002207505518763797,23.18,1 in 453
league_it,FIO - TOR,CS 1-4,CS,88.1,0.013980868285504048,23.17,1 in 71
league_it,ROM - LAZ,HT CS 0-3,HTCS,98.4,0.012509197939661517,23.09,1 in 79
league_it,NAP - ATA,CS 1-4,CS,186.0,0.006617647058823529,23.09,1 in 151
league_it,LAZ - MIL,CS 4-0,CS,83.6,0.014716703458425313,23.03,1 in 67
league_it,ATA - CAG,CS 2-3,CS,64.3,0.01913171449595291,23.02,1 in 52
league_it,COM - LAZ,CS 0-5,CS,239.0,0.005147058823529412,23.01,1 in 194
league_it,LAZ - COM,CS 1-3,CS,39.8,0.03090507726269316,23.0,1 in 32
league_it,TOR - ATA,CS 0-4,CS,61.9,0.019867549668874173,22.98,1 in 50
league_it,BOL - GEN,CS 3-3,CS,83.6,0.014705882352941176,22.94,1 in 68
league_it,TOR - UDI,CS 2-3,CS,57.6,0.021339220014716703,22.91,1 in 46
league_it,MIL - UDI,HT CS 0-2,HTCS,66.8,0.01839587932303164,22.88,1 in 54
league_it,JUV - MIL,CS 4-0,CS,72.6,0.01692420897718911,22.87,1 in 59
league_it,INT - PAR,CS 5-1,CS,50.6,0.024282560706401765,22.87,1 in 41
league_it,SAS - VER,CS 0-5,CS,557.0,0.0022058823529411764,22.87,1 in 453
league_it,CRE - FIO,CS 3-2,CS,49.1,0.025018395879323033,22.84,1 in 39
league_it,LEC - GEN,CS 0-6,CS,1670.0,0.0007352941176470588,22.79,1 in 1360
league_it,ATA - FIO,CS 2-3,CS,55.6,0.02207505518763797,22.74,1 in 45
league_it,MIL - UDI,CS 1-4,CS,278.0,0.004415011037527594,22.74,1 in 226
league_it,ATA - CRE,HT CS 0-2,HTCS,69.5,0.017660044150110375,22.74,1 in 56
league_it,NAP - ROM,HT/FT 1/2,HTFT,32.7,0.037527593818984545,22.72,1 in 26
league_it,JUV - LAZ,HT/FT 2/1,HTFT,34.0,0.036055923473142015,22.59,1 in 27
league_it,GEN - PAR,CS 2-3,CS,49.0,0.025018395879323033,22.59,1 in 39
league_it,UDI - ROM,HT/FT 1/2,HTFT,34.7,0.03532008830022075,22.56,1 in 28
league_it,COM - PAR,Exact 6,ExactGoals,42.7,0.02869757174392936,22.54,1 in 34
league_it,ATA - GEN,CS 5-1,CS,79.3,0.01545253863134658,22.54,1 in 64
league_it,TOR - CRE,CS 0-4,CS,333.0,0.003679175864606328,22.52,1 in 271
league_it,LAZ - MIL,HT CS 3-0,HTCS,57.4,0.021339220014716703,22.49,1 in 46
league_it,JUV - FIO,CS 3-3,CS,69.4,0.01764705882352941,22.47,1 in 56
league_it,LEC - TOR,CS 4-1,CS,75.7,0.016176470588235296,22.46,1 in 61
league_it,FIO - NAP,HT CS 2-0,HTCS,32.0,0.03826342899190582,22.44,1 in 26
league_it,PIS - LEC,CS 4-2,CS,104.0,0.01177336276674025,22.44,1 in 84
league_it,LAZ - NAP,HT CS 3-0,HTCS,111.0,0.011029411764705883,22.43,1 in 90
league_it,COM - BOL,CS 4-2,CS,111.0,0.011029411764705883,22.43,1 in 90
league_it,PAR - FIO,CS 4-0,CS,92.4,0.013245033112582781,22.38,1 in 75
league_it,LEC - CRE,CS 4-1,CS,46.2,0.026490066225165563,22.38,1 in 37
league_it,GEN - CAG,CS 3-0,CS,26.0,0.047058823529411764,22.35,1 in 21
league_it,BOL - JUV,CS 5-0,CS,831.0,0.0014716703458425313,22.3,1 in 679
league_it,JUV - INT,HT CS 3-0,HTCS,69.3,0.01764705882352941,22.29,1 in 56
league_it,MIL - GEN,CS 4-2,CS,48.9,0.025,22.25,1 in 40
league_it,BOL - TOR,HT CS 0-3,HTCS,87.5,0.013970588235294118,22.24,1 in 71
league_it,CAG - ROM,CS 4-1,CS,151.0,0.008094186902133923,22.22,1 in 123
league_it,JUV - ATA,HT CS 0-2,HTCS,30.2,0.04047093451066961,22.22,1 in 24
league_it,GEN - LAZ,CS 0-4,CS,53.6,0.022794117647058822,22.18,1 in 43
league_it,CRE - BOL,CS 0-5,CS,166.0,0.007358351729212656,22.15,1 in 135
league_it,FIO - NAP,CS 4-2,CS,166.0,0.007358351729212656,22.15,1 in 135
league_it,FIO - JUV,CS 1-4,CS,41.5,0.029433406916850625,22.15,1 in 33
league_it,ATA - VER,CS 3-3,CS,79.1,0.015441176470588236,22.14,1 in 64
league_it,PAR - COM,CS 6-0,CS,1660.0,0.0007352941176470588,22.06,1 in 1360
league_it,LAZ - MIL,HT CS 0-3,HTCS,69.1,0.017660044150110375,22.03,1 in 56
league_it,PIS - ROM,CS 5-1,CS,829.0,0.0014716703458425313,22.0,1 in 679
league_it,VER - SAS,CS 4-1,CS,66.3,0.01839587932303164,21.96,1 in 54
league_it,JUV - LEC,CS 3-3,CS,87.3,0.013970588235294118,21.96,1 in 71
league_it,PIS - VER,CS 1-4,CS,75.3,0.016188373804267846,21.9,1 in 61
league_it,CAG - ROM,HT/FT 1/X,HTFT,25.1,0.04856512141280353,21.9,1 in 20
league_it,PAR - UDI,CS 1-5,CS,276.0,0.004415011037527594,21.85,1 in 226
league_it,GEN - ROM,HT/FT 2/1,HTFT,34.5,0.03532008830022075,21.85,1 in 28
league_it,BOL - UDI,CS 0-4,CS,276.0,0.004415011037527594,21.85,1 in 226
league_it,UDI - PAR,CS 0-4,CS,276.0,0.004411764705882353,21.76,1 in 226
league_it,COM - VER,CS 1-3,CS,51.7,0.0235467255334805,21.74,1 in 42
league_it,COM - JUV,CS 0-6,CS,331.0,0.003676470588235294,21.69,1 in 272
league_it,LAZ - CRE,CS 3-3,CS,82.7,0.014705882352941176,21.62,1 in 68
league_it,VER - ATA,CS 3-1,CS,45.9,0.026490066225165563,21.59,1 in 37
league_it,FIO - ATA,HT/FT 1/2,HTFT,29.5,0.041206769683590876,21.56,1 in 24
league_it,CAG - ROM,HT/FT 2/X,HTFT,12.9,0.094186902133922,21.5,1 in 10
league_it,CAG - FIO,CS 4-2,CS,118.0,0.010294117647058823,21.47,1 in 97
league_it,PAR - GEN,CS 1-5,CS,330.0,0.003679175864606328,21.41,1 in 271
league_it,SAS - FIO,HT/FT 1/2,HTFT,34.4,0.03529411764705882,21.41,1 in 28
league_it,UDI - VER,CS 5-0,CS,127.0,0.009558823529411765,21.4,1 in 104
league_it,LEC - SAS,HT CS 0-3,HTCS,110.0,0.011029411764705883,21.32,1 in 90
league_it,SAS - NAP,HT/FT 1/X,HTFT,75.0,0.016176470588235296,21.32,1 in 61
league_it,VER - MIL,CS 5-0,CS,1650.0,0.0007352941176470588,21.32,1 in 1360
league_it,SAS - TOR,CS 3-3,CS,78.5,0.01545253863134658,21.3,1 in 64
league_it,ROM - CRE,CS 1-3,CS,97.0,0.0125,21.25,1 in 80
league_it,PIS - INT,CS 2-0,CS,183.0,0.006622516556291391,21.19,1 in 151
league_it,JUV - LEC,HT/FT 2/X,HTFT,51.5,0.023529411764705882,21.18,1 in 42
league_it,UDI - BOL,HT CS 3-0,HTCS,68.6,0.017660044150110375,21.15,1 in 56
league_it,MIL - LAZ,CS 0-5,CS,823.0,0.0014716703458425313,21.12,1 in 679
league_it,SAS - ATA,CS 3-0,CS,61.0,0.019852941176470587,21.1,1 in 50
league_it,JUV - VER,HT/FT 2/1,HTFT,61.0,0.019852941176470587,21.1,1 in 50
league_it,PIS - JUV,CS 3-1,CS,61.0,0.019838354151359296,21.01,1 in 50
league_it,JUV - ROM,HT/FT 2/X,HTFT,20.3,0.059602649006622516,20.99,1 in 16
league_it,LEC - GEN,CS 1-4,CS,86.6,0.013970588235294118,20.99,1 in 71
league_it,ROM - PAR,CS 5-1,CS,56.7,0.021339220014716703,20.99,1 in 46
league_it,VER - COM,CS 5-0,CS,548.0,0.002207505518763797,20.97,1 in 453
league_it,CRE - FIO,CS 0-5,CS,137.0,0.008830022075055188,20.97,1 in 113
league_it,BOL - CRE,CS 6-0,CS,329.0,0.003676470588235294,20.96,1 in 272
league_it,FIO - PIS,HT/FT 2/X,HTFT,31.6,0.03826342899190582,20.91,1 in 26
league_it,INT - GEN,HT CS 1-2,HTCS,40.1,0.030147058823529412,20.89,1 in 33
league_it,INT - BOL,HT/FT 2/X,HTFT,39.1,0.03090507726269316,20.84,1 in 32
league_it,NAP - VER,HT/FT 1/2,HTFT,51.3,0.0235467255334805,20.79,1 in 42
league_it,CAG - GEN,HT CS 2-1,HTCS,22.8,0.052980132450331126,20.79,1 in 18
league_it,BOL - LEC,CS 0-3,CS,65.7,0.01838235294117647,20.77,1 in 54
league_it,NAP - JUV,HT/FT 2/1,HTFT,28.8,0.04191176470588235,20.71,1 in 23
league_it,FIO - NAP,HT/FT 2/1,HTFT,32.8,0.03679175864606328,20.68,1 in 27
league_it,GEN - NAP,CS 2-4,CS,52.9,0.022810890360559236,20.67,1 in 43
league_it,PAR - NAP,CS 1-5,CS,74.5,0.016188373804267846,20.6,1 in 61
league_it,INT - PAR,CS 3-3,CS,74.5,0.016188373804267846,20.6,1 in 61
league_it,PIS - LAZ,CS 4-2,CS,205.0,0.0058823529411764705,20.59,1 in 170
league_it,LEC - ATA,HT/FT 1/2,HTFT,39.0,0.03090507726269316,20.53,1 in 32
league_it,MIL - VER,CS 2-3,CS,91.0,0.013245033112582781,20.53,1 in 75
league_it,FIO - CAG,HT CS 0-3,HTCS,273.0,0.004415011037527594,20.53,1 in 226
league_it,LAZ - PAR,CS 5-0,CS,71.2,0.01692420897718911,20.5,1 in 59
league_it,CAG - GEN,HT/FT 1/2,HTFT,37.2,0.03237674760853569,20.44,1 in 30
league_it,CAG - PIS,HT/FT 2/1,HTFT,34.8,0.034584253127299486,20.35,1 in 28
league_it,INT - PIS,HT CS 0-1,HTCS,60.6,0.019852941176470587,20.31,1 in 50
league_it,SAS - UDI,CS 0-5,CS,409.0,0.0029411764705882353,20.29,1 in 340
league_it,PIS - JUV,HT/FT 1/X,HTFT,33.4,0.03600293901542983,20.25,1 in 27
league_it,COM - PIS,CS 5-0,CS,109.0,0.011029411764705883,20.22,1 in 90
league_it,CAG - UDI,CS 2-3,CS,38.9,0.03090507726269316,20.22,1 in 32
league_it,ATA - COM,CS 5-0,CS,109.0,0.011029411764705883,20.22,1 in 90
league_it,JUV - PIS,HT CS 1-2,HTCS,62.8,0.01913171449595291,20.15,1 in 52
league_it,FIO - VER,CS 3-3,CS,74.2,0.016188373804267846,20.12,1 in 61
league_it,FIO - VER,CS 0-4,CS,408.0,0.0029433406916850625,20.09,1 in 339
league_it,UDI - CRE,CS 0-4,CS,272.0,0.004415011037527594,20.09,1 in 226
league_it,BOL - CAG,CS 0-2,CS,20.4,0.05886681383370125,20.09,1 in 16
league_it,INT - ATA,HT CS 0-3,HTCS,204.0,0.005886681383370125,20.09,1 in 169
league_it,MIL - FIO,Exact 6,ExactGoals,19.9,0.06033848417954378,20.07,1 in 16
league_it,SAS - COM,CS 3-3,CS,77.7,0.01545253863134658,20.07,1 in 64
league_it,ROM - NAP,HT/FT 1/2,HTFT,31.4,0.03823529411764706,20.06,1 in 26
league_it,GEN - VER,CS 4-0,CS,46.6,0.025754231052244298,20.01,1 in 38
league_it,SAS - LAZ,CS 4-2,CS,136.0,0.008823529411764706,20.0,1 in 113
league_it,BOL - SAS,Exact 6,ExactGoals,25.9,0.04632352941176471,19.98,1 in 21
league_it,JUV - PAR,HT CS 0-2,HTCS,65.2,0.01839587932303164,19.94,1 in 54
league_it,ATA - UDI,CS 0-5,CS,1630.0,0.0007358351729212656,19.94,1 in 1359
league_it,TOR - CAG,CS 5-1,CS,163.0,0.007358351729212656,19.94,1 in 135
league_it,MIL - BOL,CS 1-4,CS,233.0,0.005147058823529412,19.93,1 in 194
league_it,CAG - SAS,CS 0-4,CS,233.0,0.005147058823529412,19.93,1 in 194
league_it,PAR - INT,CS 4-1,CS,181.0,0.006622516556291391,19.87,1 in 151
league_it,LAZ - UDI,CS 1-4,CS,181.0,0.006622516556291391,19.87,1 in 151
league_it,LEC - ROM,CS 4-1,CS,181.0,0.006622516556291391,19.87,1 in 151
league_it,CAG - PIS,CS 1-5,CS,543.0,0.002207505518763797,19.87,1 in 453
league_it,CAG - SAS,HT CS 0-2,HTCS,28.6,0.04191176470588235,19.87,1 in 23
league_it,INT - NAP,CS 2-3,CS,37.0,0.03237674760853569,19.79,1 in 30
league_it,GEN - LEC,HT CS 0-3,HTCS,181.0,0.006617647058823529,19.78,1 in 151
league_it,INT - GEN,HT CS 0-3,HTCS,543.0,0.0022058823529411764,19.78,1 in 453
league_it,VER - ROM,CS 4-2,CS,181.0,0.006617647058823529,19.78,1 in 151
league_it,LAZ - CRE,CS 0-1,CS,20.1,0.05955882352941176,19.71,1 in 16
league_it,FIO - MIL,HT/FT 2/1,HTFT,31.3,0.03823529411764706,19.68,1 in 26
league_it,COM - PAR,CS 1-5,CS,813.0,0.0014716703458425313,19.65,1 in 679
league_it,CAG - SAS,CS 4-0,CS,90.4,0.013235294117647059,19.65,1 in 75
league_it,SAS - GEN,CS 5-1,CS,325.0,0.003679175864606328,19.57,1 in 271
league_it,JUV - NAP,HT/FT 1/2,HTFT,32.5,0.03679175864606328,19.57,1 in 27
league_it,PAR - INT,HT/FT 1/X,HTFT,28.5,0.04194260485651214,19.54,1 in 23
league_it,LAZ - TOR,HT/FT 2/1,HTFT,37.8,0.03161764705882353,19.51,1 in 31
league_it,TOR - ATA,CS 0-5,CS,203.0,0.005886681383370125,19.5,1 in 169
league_it,BOL - UDI,CS 1-4,CS,232.0,0.0051508462104488595,19.5,1 in 194
league_it,TOR - BOL,CS 3-3,CS,62.5,0.01911764705882353,19.49,1 in 52
league_it,JUV - VER,HT CS 0-2,HTCS,116.0,0.010294117647058823,19.41,1 in 97
league_it,LEC - CAG,CS 3-0,CS,27.5,0.04338235294117647,19.3,1 in 23
league_it,MIL - GEN,HT/FT 1/2,HTFT,41.6,0.028676470588235293,19.29,1 in 34
league_it,VER - COM,CS 4-2,CS,135.0,0.008830022075055188,19.21,1 in 113
league_it,MIL - ATA,HT/FT 2/1,HTFT,30.0,0.039735099337748346,19.21,1 in 25
league_it,NAP - CRE,HT/FT 1/X,HTFT,22.5,0.052980132450331126,19.21,1 in 18
league_it,TOR - PIS,CS 4-1,CS,36.0,0.033112582781456956,19.21,1 in 30
league_it,INT - TOR,HT/FT 1/2,HTFT,40.5,0.029433406916850625,19.21,1 in 33
league_it,FIO - CAG,CS 5-1,CS,108.0,0.011037527593818985,19.21,1 in 90
league_it,TOR - LAZ,CS 1-5,CS,162.0,0.007358351729212656,19.21,1 in 135
league_it,ROM - PAR,HT/FT 1/2,HTFT,40.5,0.029433406916850625,19.21,1 in 33
league_it,GEN - SAS,HT/FT 1/2,HTFT,35.2,0.03384841795437822,19.15,1 in 29
league_it,LEC - FIO,HT/FT 1/2,HTFT,35.2,0.03384841795437822,19.15,1 in 29
league_it,CAG - TOR,Exact 6,ExactGoals,36.0,0.03308823529411765,19.12,1 in 30
league_it,NAP - JUV,CS 1-5,CS,270.0,0.004411764705882353,19.12,1 in 226
league_it,COM - CRE,CS 3-2,CS,30.0,0.039705882352941174,19.12,1 in 25
league_it,TOR - VER,CS 4-0,CS,39.5,0.030147058823529412,19.08,1 in 33
league_it,LEC - TOR,CS 3-2,CS,36.8,0.03235294117647059,19.06,1 in 30
league_it,TOR - ATA,CS 4-0,CS,147.0,0.008094186902133923,18.98,1 in 123
league_it,LEC - JUV,HT/FT 1/2,HTFT,38.5,0.03090507726269316,18.98,1 in 32
league_it,INT - CRE,HT/FT 1/2,HTFT,77.0,0.01545253863134658,18.98,1 in 64
league_it,CRE - VER,HT/FT 2/X,HTFT,17.2,0.06916850625459897,18.97,1 in 14
league_it,JUV - LAZ,CS 5-1,CS,101.0,0.01177336276674025,18.91,1 in 84
league_it,LAZ - BOL,CS 5-0,CS,101.0,0.01177336276674025,18.91,1 in 84
league_it,COM - TOR,CS 5-1,CS,202.0,0.005886681383370125,18.91,1 in 169
league_it,ROM - PIS,CS 1-4,CS,404.0,0.0029433406916850625,18.91,1 in 339
league_it,INT - CAG,CS 5-1,CS,49.0,0.02426470588235294,18.9,1 in 41
league_it,CRE - GEN,HT/FT 1/2,HTFT,35.9,0.033112582781456956,18.87,1 in 30
league_it,VER - SAS,CS 1-5,CS,323.0,0.003679175864606328,18.84,1 in 271
league_it,COM - INT,CS 1-5,CS,85.0,0.013980868285504048,18.84,1 in 71
league_it,UDI - LEC,CS 3-3,CS,76.9,0.01545253863134658,18.83,1 in 64
league_it,GEN - MIL,CS 0-6,CS,404.0,0.0029411764705882353,18.82,1 in 340
league_it,LAZ - JUV,CS 5-1,CS,269.0,0.004415011037527594,18.76,1 in 226
league_it,CAG - JUV,CS 0-6,CS,269.0,0.004415011037527594,18.76,1 in 226
league_it,JUV - NAP,CS 5-1,CS,269.0,0.004415011037527594,18.76,1 in 226
league_it,VER - PIS,CS 0-5,CS,538.0,0.002207505518763797,18.76,1 in 453
league_it,BOL - LEC,CS 0-1,CS,13.8,0.08602941176470588,18.72,1 in 11
league_it,MIL - FIO,HT/FT 2/1,HTFT,38.4,0.03090507726269316,18.68,1 in 32
league_it,PIS - LAZ,Exact 6,ExactGoals,22.1,0.05367647058823529,18.63,1 in 18
league_it,TOR - BOL,Exact 6,ExactGoals,22.1,0.05367647058823529,18.63,1 in 18
league_it,LAZ - COM,CS 5-0,CS,124.0,0.009565857247976454,18.62,1 in 104
league_it,PIS - FIO,HT/FT 2/1,HTFT,31.0,0.03826342899190582,18.62,1 in 26
league_it,MIL - VER,CS 2-4,CS,403.0,0.0029433406916850625,18.62,1 in 339
league_it,TOR - MIL,CS 0-5,CS,124.0,0.009565857247976454,18.62,1 in 104
league_it,COM - FIO,HT CS 0-3,HTCS,62.0,0.01913171449595291,18.62,1 in 52
league_it,BOL - LEC,CS 4-1,CS,38.4,0.030882352941176472,18.59,1 in 32
league_it,PIS - ATA,CS 4-1,CS,179.0,0.006622516556291391,18.54,1 in 151
league_it,COM - LEC,CS 4-0,CS,53.7,0.02207505518763797,18.54,1 in 45
league_it,MIL - NAP,CS 4-1,CS,62.0,0.01911764705882353,18.53,1 in 52
league_it,ROM - CRE,CS 0-1,CS,31.0,0.03823529411764706,18.53,1 in 26
league_it,VER - PIS,CS 2-3,CS,41.3,0.02869757174392936,18.52,1 in 34
league_it,VER - PAR,CS 2-4,CS,115.0,0.010301692420897719,18.47,1 in 97
league_it,ROM - ATA,HT CS 0-2,HTCS,16.1,0.07358351729212656,18.47,1 in 13
league_it,PIS - PAR,CS 6-0,CS,1610.0,0.0007358351729212656,18.47,1 in 1359
league_it,CAG - VER,CS 1-5,CS,537.0,0.0022058823529411764,18.46,1 in 453
league_it,LEC - SAS,CS 0-5,CS,537.0,0.0022058823529411764,18.46,1 in 453
league_it,BOL - SAS,HT CS 0-3,HTCS,179.0,0.006617647058823529,18.46,1 in 151
league_it,JUV - TOR,CS 0-3,CS,115.0,0.010294117647058823,18.38,1 in 97
league_it,ROM - ATA,CS 0-3,CS,38.3,0.03090507726269316,18.37,1 in 32
league_it,JUV - SAS,HT CS 0-3,HTCS,804.0,0.0014716703458425313,18.32,1 in 679
league_it,LAZ - MIL,CS 0-3,CS,32.8,0.036055923473142015,18.26,1 in 27
league_it,LEC - UDI,CS 1-5,CS,268.0,0.004411764705882353,18.24,1 in 226
league_it,UDI - LAZ,CS 5-1,CS,402.0,0.0029411764705882353,18.24,1 in 340
league_it,PIS - CRE,CS 3-3,CS,67.0,0.01764705882352941,18.24,1 in 56
league_it,PAR - MIL,HT CS 2-0,HTCS,31.5,0.037527593818984545,18.21,1 in 26
league_it,CAG - UDI,CS 4-1,CS,76.5,0.01545253863134658,18.21,1 in 64
league_it,JUV - COM,HT CS 1-2,HTCS,35.7,0.033112582781456956,18.21,1 in 30
league_it,ATA - MIL,HT CS 0-3,HTCS,64.3,0.01838235294117647,18.2,1 in 54
league_it,CAG - COM,HT/FT 2/X,HTFT,17.1,0.06911764705882353,18.19,1 in 14
league_it,CRE - SAS,CS 4-1,CS,73.0,0.016188373804267846,18.18,1 in 61
league_it,ROM - TOR,HT/FT X/2,HTFT,14.6,0.08094186902133922,18.18,1 in 12
league_it,PIS - FIO,HT/FT 1/X,HTFT,21.7,0.054451802796173655,18.16,1 in 18
league_it,COM - VER,CS 5-1,CS,107.0,0.011037527593818985,18.1,1 in 90
league_it,ROM - LEC,Exact 6,ExactGoals,14.6,0.08088235294117647,18.09,1 in 12
league_it,COM - ROM,HT/FT 1/X,HTFT,22.3,0.052941176470588235,18.06,1 in 18
league_it,ROM - MIL,Exact 6,ExactGoals,22.3,0.052941176470588235,18.06,1 in 18
league_it,LAZ - FIO,CS 0-2,CS,27.2,0.04338235294117647,18.0,1 in 23
league_it,PAR - ROM,HT/FT X/1,HTFT,11.3,0.10441176470588236,17.99,1 in 9
league_it,PIS - MIL,CS 4-1,CS,229.0,0.0051508462104488595,17.95,1 in 194
league_it,VER - PIS,Exact 5,ExactGoals,11.7,0.1008094186902134,17.95,1 in 9
league_it,TOR - VER,CS 6-0,CS,401.0,0.0029411764705882353,17.94,1 in 340
league_it,CRE - MIL,Exact 0,ExactGoals,24.3,0.04852941176470588,17.93,1 in 20
league_it,CRE - MIL,CS 0-0,CS,24.3,0.04852941176470588,17.93,1 in 20
league_it,PIS - INT,CS 2-2,CS,32.7,0.036055923473142015,17.9,1 in 27
league_it,CRE - ATA,CS 0-4,CS,33.4,0.03529411764705882,17.88,1 in 28
league_it,LAZ - FIO,CS 4-0,CS,39.1,0.030147058823529412,17.87,1 in 33
league_it,UDI - NAP,CS 0-5,CS,84.3,0.013980868285504048,17.86,1 in 71
league_it,MIL - VER,HT/FT X/2,HTFT,20.8,0.05665930831493746,17.85,1 in 17
league_it,UDI - INT,HT/FT 2/1,HTFT,36.4,0.03237674760853569,17.85,1 in 30
league_it,ATA - LAZ,CS 1-3,CS,23.9,0.049300956585724795,17.83,1 in 20
league_it,LEC - COM,CS 3-3,CS,69.6,0.01692420897718911,17.79,1 in 59
league_it,TOR - UDI,Over 4.5,OU,13.8,0.08535688005886681,17.79,1 in 11
league_it,ROM - JUV,CS 4-1,CS,69.6,0.01692420897718911,17.79,1 in 59
league_it,ATA - PAR,CS 5-0,CS,61.6,0.01911764705882353,17.76,1 in 52
league_it,CRE - NAP,HT/FT 2/1,HTFT,72.8,0.016176470588235296,17.76,1 in 61
league_it,JUV - INT,CS 3-1,CS,23.9,0.04926470588235294,17.74,1 in 20
league_it,PIS - PAR,HT CS 3-0,HTCS,84.2,0.013980868285504048,17.72,1 in 71
league_it,TOR - NAP,HT/FT 1/X,HTFT,27.6,0.04264705882352941,17.71,1 in 23
league_it,PAR - UDI,CS 3-2,CS,37.2,0.03164091243561442,17.7,1 in 31
league_it,INT - UDI,CS 6-0,CS,160.0,0.007352941176470588,17.65,1 in 136
league_it,COM - ROM,HT CS 3-0,HTCS,160.0,0.007352941176470588,17.65,1 in 136
league_it,INT - UDI,HT CS 0-3,HTCS,533.0,0.0022058823529411764,17.57,1 in 453
league_it,ATA - INT,CS 0-3,CS,24.6,0.04779411764705882,17.57,1 in 20
league_it,INT - CAG,CS 6-0,CS,123.0,0.009558823529411765,17.57,1 in 104
league_it,ROM - INT,CS 1-5,CS,200.0,0.005878030859662013,17.56,1 in 170
league_it,UDI - COM,HT CS 0-3,HTCS,69.5,0.016911764705882352,17.54,1 in 59
league_it,PIS - TOR,CS 3-0,CS,44.4,0.026470588235294117,17.53,1 in 37
league_it,TOR - UDI,CS 3-2,CS,51.5,0.022810890360559236,17.48,1 in 43
league_it,GEN - FIO,CS 3-3,CS,79.8,0.014716703458425313,17.44,1 in 67
league_it,FIO - UDI,CS 2-4,CS,133.0,0.008830022075055188,17.44,1 in 113
league_it,VER - CRE,CS 6-0,CS,798.0,0.0014716703458425313,17.44,1 in 679
league_it,VER - JUV,CS 2-4,CS,55.0,0.021339220014716703,17.37,1 in 46
league_it,JUV - NAP,HT/FT 2/1,HTFT,31.9,0.03679175864606328,17.37,1 in 27
league_it,PIS - LAZ,CS 3-3,CS,76.0,0.015441176470588236,17.35,1 in 64
league_it,CRE - NAP,CS 3-0,CS,798.0,0.0014705882352941176,17.35,1 in 680
league_it,LEC - GEN,CS 3-3,CS,84.0,0.013970588235294118,17.35,1 in 71
league_it,JUV - LEC,HT/FT 2/1,HTFT,59.1,0.019852941176470587,17.33,1 in 50
league_it,CRE - LEC,CS 3-3,CS,83.9,0.013980868285504048,17.3,1 in 71
league_it,COM - NAP,CS 3-3,CS,61.3,0.01913171449595291,17.28,1 in 52
league_it,PAR - FIO,CS 2-3,CS,33.9,0.034584253127299486,17.24,1 in 28
league_it,NAP - PIS,CS 2-4,CS,531.0,0.002207505518763797,17.22,1 in 453
league_it,GEN - ROM,CS 4-2,CS,177.0,0.006622516556291391,17.22,1 in 151
league_it,JUV - NAP,CS 0-4,CS,93.7,0.012509197939661517,17.21,1 in 79
league_it,ATA - MIL,CS 4-0,CS,83.9,0.013970588235294118,17.21,1 in 71
league_it,UDI - MIL,HT/FT 1/X,HTFT,24.9,0.047058823529411764,17.18,1 in 21
league_it,PAR - UDI,CS 4-0,CS,99.5,0.01177336276674025,17.14,1 in 84
league_it,FIO - CAG,CS 1-5,CS,796.0,0.0014716703458425313,17.14,1 in 679
league_it,CRE - LEC,CS 5-0,CS,398.0,0.0029433406916850625,17.14,1 in 339
league_it,UDI - MIL,HT/FT 1/2,HTFT,35.4,0.03308823529411765,17.13,1 in 30
league_it,INT - PAR,Exact 6,ExactGoals,15.6,0.07505518763796909,17.09,1 in 13
league_it,ATA - TOR,CS 0-2,CS,34.6,0.033823529411764704,17.03,1 in 29
league_it,TOR - BOL,HT CS 0-3,HTCS,69.2,0.016911764705882352,17.03,1 in 59
league_it,NAP - FIO,HT CS 1-2,HTCS,34.6,0.033823529411764704,17.03,1 in 29
league_it,COM - TOR,CS 5-0,CS,265.0,0.004415011037527594,17.0,1 in 226
league_it,NAP - CRE,CS 0-2,CS,318.0,0.003679175864606328,17.0,1 in 271
league_it,LEC - MIL,CS 4-0,CS,318.0,0.003679175864606328,17.0,1 in 271
league_it,LEC - JUV,CS 5-0,CS,1590.0,0.0007358351729212656,17.0,1 in 1359
league_it,INT - CRE,CS 0-2,CS,318.0,0.003679175864606328,17.0,1 in 271
league_it,INT - VER,HT/FT 2/2,HTFT,30.6,0.03823529411764706,17.0,1 in 26
league_it,LEC - MIL,CS 1-5,CS,88.3,0.013245033112582781,16.95,1 in 75
league_it,LEC - UDI,CS 5-1,CS,265.0,0.004411764705882353,16.91,1 in 226
league_it,JUV - INT,CS 2-2,CS,15.0,0.07794117647058824,16.91,1 in 12
league_it,ATA - VER,CS 0-4,CS,795.0,0.0014705882352941176,16.91,1 in 680
league_it,SAS - BOL,HT/FT 2/1,HTFT,33.1,0.03532008830022075,16.91,1 in 28
league_it,LEC - CAG,CS 0-6,CS,1590.0,0.0007352941176470588,16.91,1 in 1360
league_it,ROM - UDI,HT CS 0-2,HTCS,61.1,0.01913171449595291,16.89,1 in 52
league_it,PAR - ATA,CS 2-0,CS,20.9,0.05592347314201619,16.88,1 in 17
league_it,MIL - PIS,CS 2-3,CS,88.3,0.013235294117647059,16.87,1 in 75
league_it,PAR - VER,CS 4-2,CS,72.1,0.016188373804267846,16.72,1 in 61
league_it,COM - CRE,Exact 5,ExactGoals,11.1,0.10514705882352941,16.71,1 in 9
league_it,INT - GEN,HT/FT 2/X,HTFT,36.9,0.03161764705882353,16.67,1 in 31
league_it,ATA - JUV,CS 3-3,CS,66.1,0.01764705882352941,16.65,1 in 56
league_it,MIL - TOR,HT/FT 1/2,HTFT,41.7,0.027961736571008096,16.6,1 in 35
league_it,VER - PIS,HT CS 3-0,HTCS,46.6,0.025018395879323033,16.59,1 in 39
league_it,BOL - CAG,CS 5-0,CS,176.0,0.006622516556291391,16.56,1 in 151
league_it,ATA - LAZ,CS 5-0,CS,264.0,0.004415011037527594,16.56,1 in 226
league_it,ATA - LAZ,HT CS 3-0,HTCS,51.1,0.022810890360559236,16.56,1 in 43
league_it,LAZ - GEN,CS 1-4,CS,198.0,0.005886681383370125,16.56,1 in 169
league_it,BOL - UDI,HT CS 1-2,HTCS,49.5,0.0235467255334805,16.56,1 in 42
league_it,FIO - UDI,CS 3-2,CS,33.7,0.034584253127299486,16.55,1 in 28
league_it,LAZ - GEN,HT CS 1-2,HTCS,33.7,0.034584253127299486,16.55,1 in 28
league_it,PIS - SAS,HT/FT 2/1,HTFT,31.7,0.03676470588235294,16.54,1 in 27
league_it,NAP - JUV,CS 4-0,CS,68.9,0.016911764705882352,16.52,1 in 59
league_it,NAP - CRE,HT/FT X/2,HTFT,75.4,0.01545253863134658,16.51,1 in 64
league_it,UDI - ATA,CS 4-2,CS,144.0,0.008088235294117648,16.47,1 in 123
league_it,BOL - ATA,HT CS 3-0,HTCS,72.0,0.016176470588235296,16.47,1 in 61
league_it,CAG - TOR,Over 4.5,OU,11.0,0.10588235294117647,16.47,1 in 9
league_it,LAZ - ATA,CS 1-5,CS,264.0,0.004411764705882353,16.47,1 in 226
league_it,GEN - CRE,CS 1-3,CS,58.6,0.019867549668874173,16.42,1 in 50
league_it,GEN - NAP,CS 0-4,CS,29.3,0.039735099337748346,16.42,1 in 25
league_it,UDI - LEC,CS 0-5,CS,791.0,0.0014716703458425313,16.41,1 in 679
league_it,ATA - JUV,CS 4-1,CS,68.8,0.016911764705882352,16.35,1 in 59
league_it,FIO - ATA,CS 2-3,CS,31.0,0.037527593818984545,16.34,1 in 26
league_it,MIL - BOL,CS 6-0,CS,226.0,0.005147058823529412,16.32,1 in 194
league_it,PIS - VER,CS 5-0,CS,316.0,0.003679175864606328,16.26,1 in 271
league_it,LAZ - LEC,CS 6-0,CS,158.0,0.007358351729212656,16.26,1 in 135
league_it,JUV - COM,CS 0-4,CS,395.0,0.0029433406916850625,16.26,1 in 339
league_it,BOL - UDI,CS 0-5,CS,1580.0,0.0007358351729212656,16.26,1 in 1359
league_it,VER - FIO,CS 5-1,CS,527.0,0.0022058823529411764,16.25,1 in 453
league_it,ROM - SAS,HT/FT 2/1,HTFT,45.2,0.025716385011021307,16.24,1 in 38
league_it,GEN - JUV,CS 0-4,CS,33.6,0.034584253127299486,16.2,1 in 28
league_it,VER - PIS,CS 3-2,CS,32.9,0.03532008830022075,16.2,1 in 28
league_it,MIL - COM,HT/FT 1/2,HTFT,42.7,0.027205882352941177,16.17,1 in 36
league_it,JUV - TOR,CS 5-0,CS,58.5,0.019852941176470587,16.14,1 in 50
league_it,LAZ - CRE,HT/FT 2/X,HTFT,37.6,0.030882352941176472,16.12,1 in 32
league_it,NAP - TOR,HT/FT 2/X,HTFT,36.7,0.03164091243561442,16.12,1 in 31
league_it,PIS - ROM,CS 0-4,CS,32.2,0.036055923473142015,16.1,1 in 27
league_it,VER - ROM,CS 3-0,CS,83.1,0.013970588235294118,16.1,1 in 71
league_it,ROM - TOR,HT/FT 2/X,HTFT,34.3,0.03384841795437822,16.1,1 in 29
league_it,FIO - NAP,CS 1-5,CS,92.8,0.012509197939661517,16.09,1 in 79
league_it,MIL - ROM,CS 0-3,CS,43.8,0.026490066225165563,16.03,1 in 37
league_it,VER - BOL,HT/FT 2/1,HTFT,32.2,0.03602941176470588,16.01,1 in 27
league_it,LAZ - LEC,HT/FT X/1,HTFT,7.58,0.15305371596762327,16.01,1 in 6
league_it,CAG - PIS,CS 3-3,CS,78.8,0.014716703458425313,15.97,1 in 67
league_it,ATA - UDI,CS 3-1,CS,13.7,0.08462104488594555,15.93,1 in 11
league_it,LEC - PAR,CS 2-2,CS,13.7,0.08462104488594555,15.93,1 in 11
league_it,TOR - SAS,HT CS 0-3,HTCS,175.0,0.006622516556291391,15.89,1 in 151
league_it,VER - CRE,CS 5-1,CS,175.0,0.006622516556291391,15.89,1 in 151
league_it,JUV - SAS,CS 2-3,CS,75.0,0.01545253863134658,15.89,1 in 64
league_it,UDI - BOL,CS 0-3,CS,33.5,0.034584253127299486,15.86,1 in 28
league_it,CRE - VER,HT/FT 2/1,HTFT,33.5,0.034584253127299486,15.86,1 in 28
league_it,LAZ - COM,HT/FT 1/2,HTFT,32.8,0.03532008830022075,15.85,1 in 28
league_it,INT - MIL,CS 3-0,CS,24.6,0.047093451066961,15.85,1 in 21
league_it,LAZ - UDI,HT/FT 2/1,HTFT,38.4,0.03016924208977189,15.85,1 in 33
league_it,ROM - MIL,HT CS 0-3,HTCS,68.5,0.016911764705882352,15.85,1 in 59
league_it,PIS - PAR,HT/FT 2/1,HTFT,32.8,0.03532008830022075,15.85,1 in 28
league_it,GEN - JUV,CS 0-5,CS,92.6,0.012509197939661517,15.84,1 in 79
league_it,LAZ - NAP,CS 0-6,CS,525.0,0.0022058823529411764,15.81,1 in 453
league_it,COM - SAS,HT/FT 2/1,HTFT,37.5,0.030882352941176472,15.81,1 in 32
league_it,MIL - PIS,HT/FT 1/2,HTFT,50.8,0.022794117647058822,15.79,1 in 43
league_it,CAG - NAP,HT/FT X/2,HTFT,9.31,0.1243561442236939,15.78,1 in 8
league_it,CAG - BOL,CS 4-2,CS,143.0,0.008094186902133923,15.75,1 in 123
league_it,MIL - LEC,CS 0-4,CS,787.0,0.0014705882352941176,15.74,1 in 680
league_it,SAS - CRE,CS 4-2,CS,78.7,0.014705882352941176,15.74,1 in 68
league_it,CAG - VER,HT CS 0-2,HTCS,25.8,0.04485294117647059,15.72,1 in 22
league_it,PIS - GEN,HT CS 2-0,HTCS,18.3,0.06323529411764706,15.72,1 in 15
league_it,PIS - GEN,CS 0-4,CS,87.4,0.013235294117647059,15.68,1 in 75
league_it,SAS - GEN,CS 1-5,CS,393.0,0.0029433406916850625,15.67,1 in 339
league_it,LEC - NAP,HT/FT 2/1,HTFT,52.4,0.02207505518763797,15.67,1 in 45
league_it,ROM - VER,CS 0-2,CS,65.5,0.017660044150110375,15.67,1 in 56
league_it,PIS - BOL,CS 4-2,CS,143.0,0.008088235294117648,15.66,1 in 123
league_it,BOL - UDI,CS 1-3,CS,50.7,0.022810890360559236,15.65,1 in 43
league_it,ATA - SAS,HT/FT 1/2,HTFT,40.3,0.02869757174392936,15.65,1 in 34
league_it,LEC - CAG,CS 5-0,CS,262.0,0.004411764705882353,15.59,1 in 226
league_it,INT - SAS,CS 1-2,CS,30.2,0.03826342899190582,15.56,1 in 26
league_it,LEC - VER,CS 3-2,CS,44.9,0.025735294117647058,15.55,1 in 38
league_it,PIS - ATA,CS 5-1,CS,785.0,0.0014716703458425313,15.53,1 in 679
league_it,TOR - GEN,CS 1-5,CS,314.0,0.003679175864606328,15.53,1 in 271
league_it,LEC - UDI,CS 3-3,CS,71.4,0.016176470588235296,15.5,1 in 61
league_it,BOL - CRE,CS 0-2,CS,30.8,0.0375,15.5,1 in 26
league_it,NAP - CAG,CS 5-0,CS,43.6,0.026490066225165563,15.5,1 in 37
league_it,LAZ - ATA,HT/FT 1/X,HTFT,15.4,0.075,15.5,1 in 13
league_it,PIS - COM,CS 3-1,CS,32.7,0.03532008830022075,15.5,1 in 28
league_it,NAP - JUV,HT/FT 1/X,HTFT,15.7,0.07352941176470588,15.44,1 in 13
league_it,UDI - INT,HT CS 2-0,HTCS,42.4,0.027225901398086828,15.44,1 in 36
league_it,ROM - VER,HT/FT 2/2,HTFT,24.9,0.046357615894039736,15.43,1 in 21
league_it,BOL - PAR,CS 3-1,CS,18.9,0.061074319352465045,15.43,1 in 16
league_it,ATA - PAR,CS 1-3,CS,65.4,0.01764705882352941,15.41,1 in 56
league_it,BOL - ATA,CS 3-0,CS,36.5,0.03161764705882353,15.4,1 in 31
league_it,UDI - CRE,CS 5-0,CS,112.0,0.010301692420897719,15.38,1 in 97
league_it,PIS - COM,CS 0-5,CS,196.0,0.005886681383370125,15.38,1 in 169
league_it,VER - TOR,CS 2-4,CS,82.5,0.013980868285504048,15.34,1 in 71
league_it,LEC - MIL,HT/FT 1/X,HTFT,27.5,0.04194260485651214,15.34,1 in 23
league_it,ATA - BOL,CS 1-4,CS,196.0,0.0058823529411764705,15.29,1 in 170
league_it,SAS - UDI,CS 1-4,CS,87.1,0.013235294117647059,15.28,1 in 75
league_it,VER - MIL,HT CS 2-0,HTCS,46.1,0.025,15.25,1 in 40
league_it,CRE - VER,CS 3-2,CS,38.2,0.03016924208977189,15.25,1 in 33
league_it,LEC - NAP,HT CS 2-0,HTCS,174.0,0.006622516556291391,15.23,1 in 151
league_it,LAZ - UDI,CS 0-3,CS,87.0,0.013245033112582781,15.23,1 in 75
league_it,JUV - ATA,CS 4-2,CS,78.3,0.014716703458425313,15.23,1 in 67
league_it,MIL - INT,HT CS 3-0,HTCS,50.5,0.022810890360559236,15.19,1 in 43
league_it,CAG - FIO,HT/FT 1/X,HTFT,17.8,0.06470588235294118,15.18,1 in 15
league_it,VER - TOR,CS 5-1,CS,313.0,0.003679175864606328,15.16,1 in 271
league_it,BOL - LEC,HT/FT X/2,HTFT,10.8,0.10661764705882353,15.15,1 in 9
league_it,UDI - LAZ,CS 0-5,CS,174.0,0.006617647058823529,15.15,1 in 151
league_it,CRE - ATA,CS 3-3,CS,78.3,0.014705882352941176,15.15,1 in 68
league_it,UDI - TOR,CS 1-5,CS,261.0,0.004411764705882353,15.15,1 in 226
league_it,VER - PAR,CS 0-5,CS,391.0,0.0029433406916850625,15.08,1 in 339
league_it,JUV - PIS,CS 6-0,CS,92.0,0.012509197939661517,15.08,1 in 79
league_it,UDI - SAS,CS 3-3,CS,68.0,0.01692420897718911,15.08,1 in 59
league_it,CRE - CAG,HT/FT X/1,HTFT,8.15,0.1411764705882353,15.06,1 in 7
league_it,LAZ - FIO,CS 4-2,CS,65.2,0.01764705882352941,15.06,1 in 56
league_it,PAR - LAZ,HT/FT 1/X,HTFT,20.3,0.05665930831493746,15.02,1 in 17
league_it,CAG - PAR,CS 1-5,CS,391.0,0.0029411764705882353,15.0,1 in 340
league_it,MIL - UDI,CS 4-1,CS,25.2,0.04562178072111847,14.97,1 in 21
league_it,GEN - SAS,HT CS 3-0,HTCS,50.4,0.022810890360559236,14.97,1 in 43
league_it,BOL - UDI,HT CS 2-1,HTCS,37.2,0.03090507726269316,14.97,1 in 32
league_it,ROM - LAZ,CS 0-4,CS,142.0,0.008094186902133923,14.94,1 in 123
league_it,MIL - ATA,CS 5-1,CS,142.0,0.008094186902133923,14.94,1 in 123
league_it,PIS - ATA,CS 3-1,CS,48.8,0.0235467255334805,14.91,1 in 42
league_it,CAG - MIL,HT/FT 1/X,HTFT,25.6,0.044885945548197206,14.91,1 in 22
league_it,TOR - UDI,Exact 6,ExactGoals,48.8,0.0235467255334805,14.91,1 in 42
league_it,VER - GEN,CS 4-1,CS,74.4,0.015441176470588236,14.88,1 in 64
league_it,UDI - ATA,CS 3-3,CS,78.1,0.014705882352941176,14.85,1 in 68
league_it,UDI - TOR,HT CS 0-3,HTCS,71.0,0.016176470588235296,14.85,1 in 61
league_it,COM - SAS,HT/FT 1/X,HTFT,13.7,0.0838235294117647,14.84,1 in 11
league_it,LEC - COM,HT CS 1-2,HTCS,15.3,0.07505518763796909,14.83,1 in 13
league_it,INT - NAP,CS 4-2,CS,97.5,0.01177336276674025,14.79,1 in 84
league_it,GEN - VER,CS 0-4,CS,312.0,0.003679175864606328,14.79,1 in 271
league_it,PIS - INT,CS 3-3,CS,120.0,0.009565857247976454,14.79,1 in 104
league_it,TOR - CRE,CS 5-0,CS,104.0,0.011037527593818985,14.79,1 in 90
league_it,SAS - LEC,HT/FT 2/2,HTFT,6.07,0.18910963944076528,14.79,1 in 5
league_it,CRE - VER,CS 6-0,CS,1560.0,0.0007358351729212656,14.79,1 in 1359
league_it,SAS - PIS,HT CS 0-2,HTCS,22.6,0.05077262693156733,14.75,1 in 19
league_it,MIL - COM,CS 4-2,CS,57.8,0.019852941176470587,14.75,1 in 50
league_it,LAZ - ATA,HT CS 3-0,HTCS,45.9,0.025,14.75,1 in 40
league_it,INT - PIS,CS 1-2,CS,74.3,0.015441176470588236,14.73,1 in 64
league_it,SAS - VER,CS 2-4,CS,130.0,0.008823529411764706,14.71,1 in 113
league_it,INT - VER,CS 3-2,CS,26.0,0.04411764705882353,14.71,1 in 22
league_it,NAP - SAS,CS 2-3,CS,97.4,0.01177336276674025,14.67,1 in 84
league_it,CRE - FIO,HT CS 2-0,HTCS,29.4,0.03899926416482708,14.66,1 in 25
league_it,JUV - TOR,HT CS 0-2,HTCS,50.3,0.022794117647058822,14.65,1 in 43
league_it,INT - SAS,HT/FT X/2,HTFT,20.5,0.05592347314201619,14.64,1 in 17
league_it,PIS - BOL,HT/FT 2/1,HTFT,31.8,0.03602941176470588,14.57,1 in 27
league_it,COM - NAP,CS 2-4,CS,51.9,0.02207505518763797,14.57,1 in 45
league_it,PIS - BOL,HT CS 2-0,HTCS,22.9,0.05,14.5,1 in 20
league_it,BOL - MIL,CS 5-0,CS,778.0,0.0014716703458425313,14.5,1 in 679
league_it,LAZ - TOR,CS 4-0,CS,34.6,0.03308823529411765,14.49,1 in 30
league_it,SAS - UDI,CS 3-3,CS,97.3,0.011764705882352941,14.47,1 in 85
league_it,INT - COM,CS 3-2,CS,28.3,0.04044117647058824,14.45,1 in 24
league_it,ROM - COM,HT/FT 2/2,HTFT,15.1,0.07579102281089035,14.44,1 in 13
league_it,CRE - COM,CS 0-6,CS,778.0,0.0014705882352941176,14.41,1 in 680
league_it,ROM - BOL,HT/FT 1/2,HTFT,33.8,0.03384841795437822,14.41,1 in 29
league_it,GEN - LAZ,CS 3-3,CS,64.8,0.01764705882352941,14.35,1 in 56
league_it,GEN - PIS,CS 1-4,CS,222.0,0.0051508462104488595,14.35,1 in 194
league_it,INT - CRE,CS 1-3,CS,259.0,0.004415011037527594,14.35,1 in 226
league_it,SAS - LAZ,HT/FT 2/1,HTFT,31.1,0.03676470588235294,14.34,1 in 27
league_it,TOR - GEN,CS 3-3,CS,70.6,0.016188373804267846,14.29,1 in 61
league_it,CRE - COM,CS 1-4,CS,51.8,0.022058823529411766,14.26,1 in 45
league_it,PAR - BOL,CS 4-2,CS,111.0,0.010294117647058823,14.26,1 in 97
league_it,LEC - PAR,CS 4-1,CS,64.7,0.017660044150110375,14.26,1 in 56
league_it,LAZ - UDI,Exact 6,ExactGoals,19.9,0.05739514348785872,14.22,1 in 17
league_it,GEN - UDI,HT/FT 1/2,HTFT,35.3,0.03235294117647059,14.21,1 in 30
league_it,NAP - PIS,HT CS 0-2,HTCS,388.0,0.0029433406916850625,14.2,1 in 339
league_it,LAZ - SAS,CS 1-3,CS,70.5,0.016188373804267846,14.13,1 in 61
league_it,CAG - LEC,CS 3-0,CS,23.5,0.04856512141280353,14.13,1 in 20
league_it,SAS - TOR,HT/FT 2/X,HTFT,16.5,0.06916850625459897,14.13,1 in 14
league_it,CAG - VER,CS 5-0,CS,194.0,0.0058823529411764705,14.12,1 in 170
league_it,PIS - LAZ,Over 4.5,OU,7.46,0.15294117647058825,14.09,1 in 6
league_it,BOL - MIL,CS 1-4,CS,33.7,0.03384841795437822,14.07,1 in 29
league_it,PAR - CRE,HT/FT 1/2,HTFT,36.9,0.03090507726269316,14.04,1 in 32
league_it,BOL - ROM,HT CS 0-3,HTCS,28.7,0.039735099337748346,14.04,1 in 25
league_it,UDI - CRE,HT/FT 2/X,HTFT,25.4,0.044885945548197206,14.01,1 in 22
league_it,JUV - TOR,CS 4-2,CS,45.6,0.025,14.0,1 in 40
league_it,CRE - COM,CS 0-4,CS,62.0,0.01838235294117647,13.97,1 in 54
league_it,CAG - FIO,CS 0-5,CS,310.0,0.003676470588235294,13.97,1 in 272
league_it,INT - MIL,CS 3-3,CS,81.5,0.013980868285504048,13.94,1 in 71
league_it,GEN - PIS,CS 0-3,CS,86.0,0.013245033112582781,13.91,1 in 75
league_it,COM - CAG,CS 0-4,CS,172.0,0.006622516556291391,13.91,1 in 151
league_it,CAG - ROM,CS 4-2,CS,172.0,0.006622516556291391,13.91,1 in 151
league_it,VER - LAZ,HT CS 0-3,HTCS,21.8,0.05224429727740986,13.89,1 in 19
league_it,JUV - CAG,CS 1-4,CS,310.0,0.0036737692872887582,13.89,1 in 272
league_it,FIO - JUV,Over 4.5,OU,8.1,0.14054451802796172,13.84,1 in 7
league_it,NAP - MIL,CS 5-1,CS,129.0,0.008823529411764706,13.82,1 in 113
league_it,CAG - TOR,HT/FT 1/2,HTFT,36.0,0.03161764705882353,13.82,1 in 31
league_it,FIO - LEC,Exact 6,ExactGoals,21.5,0.052941176470588235,13.82,1 in 18
league_it,INT - VER,CS 1-4,CS,516.0,0.0022058823529411764,13.82,1 in 453
league_it,JUV - INT,HT CS 2-0,HTCS,14.2,0.08014705882352942,13.81,1 in 12
league_it,CAG - TOR,CS 3-2,CS,46.9,0.02426470588235294,13.8,1 in 41
league_it,NAP - JUV,CS 1-4,CS,73.7,0.015441176470588236,13.8,1 in 64
league_it,MIL - LEC,HT/FT 2/X,HTFT,45.5,0.025,13.75,1 in 40
league_it,GEN - TOR,CS 4-1,CS,91.0,0.0125,13.75,1 in 80
league_it,LAZ - MIL,HT/FT 1/X,HTFT,16.8,0.06769683590875644,13.73,1 in 14
league_it,TOR - UDI,Exact 5,ExactGoals,18.4,0.06181015452538632,13.73,1 in 16
league_it,CAG - PIS,HT CS 3-0,HTCS,33.6,0.03384841795437822,13.73,1 in 29
league_it,UDI - JUV,CS 0-5,CS,103.0,0.011037527593818985,13.69,1 in 90
league_it,CRE - ROM,CS 3-1,CS,51.5,0.02207505518763797,13.69,1 in 45
league_it,GEN - TOR,CS 0-3,CS,36.8,0.030882352941176472,13.65,1 in 32
league_it,FIO - LAZ,CS 4-0,CS,85.8,0.013245033112582781,13.64,1 in 75
league_it,JUV - CAG,HT/FT 1/2,HTFT,41.8,0.02718589272593681,13.64,1 in 36
league_it,NAP - SAS,HT/FT 1/X,HTFT,13.2,0.08609271523178808,13.64,1 in 11
league_it,JUV - COM,HT/FT 2/1,HTFT,42.9,0.026490066225165563,13.64,1 in 37
league_it,UDI - ROM,Exact 5,ExactGoals,10.8,0.10522442972774099,13.64,1 in 9
league_it,NAP - GEN,HT CS 0-2,HTCS,70.2,0.016188373804267846,13.64,1 in 61
league_it,TOR - FIO,CS 0-4,CS,90.9,0.0125,13.63,1 in 80
league_it,CRE - VER,CS 5-0,CS,386.0,0.0029433406916850625,13.61,1 in 339
league_it,JUV - LEC,CS 1-3,CS,103.0,0.011029411764705883,13.6,1 in 90
league_it,CRE - ATA,CS 0-6,CS,309.0,0.003676470588235294,13.6,1 in 272
league_it,GEN - TOR,CS 1-4,CS,103.0,0.011029411764705883,13.6,1 in 90
league_it,BOL - UDI,CS 3-1,CS,35.9,0.03164091243561442,13.59,1 in 31
league_it,VER - JUV,HT/FT 1/X,HTFT,31.5,0.036055923473142015,13.58,1 in 27
league_it,BOL - INT,CS 0-4,CS,35.1,0.03235294117647059,13.56,1 in 30
league_it,BOL - GEN,Exact 6,ExactGoals,28.6,0.039705882352941174,13.56,1 in 25
league_it,CRE - NAP,HT/FT 2/X,HTFT,19.8,0.057352941176470586,13.56,1 in 17
league_it,LEC - GEN,Exact 6,ExactGoals,29.7,0.03823529411764706,13.56,1 in 26
league_it,ROM - TOR,CS 2-3,CS,64.3,0.017660044150110375,13.55,1 in 56
league_it,LAZ - ATA,CS 0-5,CS,386.0,0.0029411764705882353,13.53,1 in 340
league_it,NAP - ATA,CS 1-2,CS,16.6,0.06838235294117648,13.51,1 in 14
league_it,PIS - LAZ,CS 2-4,CS,67.1,0.016911764705882352,13.48,1 in 59
league_it,FIO - TOR,CS 5-0,CS,257.0,0.004415011037527594,13.47,1 in 226
league_it,TOR - PIS,HT CS 1-2,HTCS,32.8,0.034584253127299486,13.44,1 in 28
league_it,UDI - ROM,HT/FT 2/1,HTFT,32.8,0.034584253127299486,13.44,1 in 28
league_it,BOL - MIL,HT/FT 1/2,HTFT,32.8,0.034584253127299486,13.44,1 in 28
league_it,LEC - PAR,CS 3-2,CS,33.5,0.03384841795437822,13.39,1 in 29
league_it,FIO - NAP,HT CS 0-3,HTCS,21.4,0.052980132450331126,13.38,1 in 18
league_it,VER - PIS,Over 4.5,OU,8.24,0.13760117733627666,13.38,1 in 7
league_it,PIS - FIO,Exact 6,ExactGoals,19.5,0.058130978660779986,13.36,1 in 17
league_it,PAR - TOR,HT CS 3-0,HTCS,73.4,0.015441176470588236,13.34,1 in 64
league_it,CRE - SAS,CS 0-5,CS,385.0,0.0029433406916850625,13.32,1 in 339
league_it,CRE - SAS,CS 0-6,CS,1540.0,0.0007358351729212656,13.32,1 in 1359
league_it,CAG - INT,CS 5-0,CS,1540.0,0.0007358351729212656,13.32,1 in 1359
league_it,ROM - ATA,CS 0-4,CS,110.0,0.010301692420897719,13.32,1 in 97
league_it,PAR - UDI,HT/FT X/2,HTFT,8.28,0.1368653421633554,13.32,1 in 7
league_it,LEC - CRE,HT/FT 1/X,HTFT,14.0,0.08094186902133922,13.32,1 in 12
league_it,GEN - SAS,HT CS 0-3,HTCS,154.0,0.007358351729212656,13.32,1 in 135
league_it,JUV - PIS,HT CS 0-2,HTCS,110.0,0.010301692420897719,13.32,1 in 97
league_it,UDI - ROM,CS 4-1,CS,140.0,0.008094186902133923,13.32,1 in 123
league_it,ROM - JUV,CS 0-6,CS,1540.0,0.0007358351729212656,13.32,1 in 1359
league_it,INT - FIO,CS 4-0,CS,30.8,0.03679175864606328,13.32,1 in 27
league_it,VER - FIO,Exact 6,ExactGoals,23.0,0.04926470588235294,13.31,1 in 20
league_it,SAS - UDI,HT CS 0-3,HTCS,85.6,0.013235294117647059,13.29,1 in 75
league_it,JUV - PIS,CS 5-0,CS,35.8,0.03164091243561442,13.27,1 in 31
league_it,CRE - LAZ,CS 2-0,CS,29.6,0.03826342899190582,13.26,1 in 26
league_it,CRE - SAS,HT/FT 2/X,HTFT,16.2,0.06990434142752024,13.25,1 in 14
league_it,ROM - LEC,CS 4-2,CS,44.0,0.025735294117647058,13.24,1 in 38
league_it,SAS - NAP,CS 3-1,CS,140.0,0.008088235294117648,13.24,1 in 123
league_it,PAR - COM,CS 0-4,CS,110.0,0.010294117647058823,13.24,1 in 97
league_it,VER - ROM,CS 1-3,CS,14.0,0.08088235294117647,13.24,1 in 12
league_it,GEN - CAG,HT CS 3-0,HTCS,53.1,0.021323529411764706,13.23,1 in 46
league_it,PIS - CAG,CS 0-3,CS,31.4,0.036055923473142015,13.22,1 in 27
league_it,MIL - UDI,CS 3-3,CS,66.9,0.01692420897718911,13.22,1 in 59
league_it,NAP - JUV,HT/FT 1/2,HTFT,28.5,0.039705882352941174,13.16,1 in 25
league_it,NAP - COM,CS 3-3,CS,81.0,0.013970588235294118,13.16,1 in 71
league_it,INT - ATA,CS 0-3,CS,69.9,0.016188373804267846,13.16,1 in 61
league_it,TOR - CAG,CS 4-1,CS,49.6,0.022810890360559236,13.14,1 in 43
league_it,BOL - ATA,HT CS 2-1,HTCS,15.7,0.07205882352941176,13.13,1 in 13
league_it,FIO - CAG,CS 3-3,CS,80.9,0.013980868285504048,13.11,1 in 71
league_it,ROM - INT,CS 0-4,CS,73.3,0.015429831006612785,13.1,1 in 64
league_it,VER - SAS,HT/FT 2/1,HTFT,32.7,0.034584253127299486,13.09,1 in 28
league_it,COM - INT,CS 1-3,CS,14.1,0.08020603384841796,13.09,1 in 12
league_it,PIS - VER,Exact 0,ExactGoals,12.1,0.09345106696100074,13.08,1 in 10
league_it,PIS - VER,CS 0-0,CS,12.1,0.09345106696100074,13.08,1 in 10
league_it,LEC - JUV,CS 2-4,CS,59.1,0.01913171449595291,13.07,1 in 52
league_it,NAP - ROM,CS 3-3,CS,66.8,0.01692420897718911,13.05,1 in 59
league_it,CAG - GEN,HT/FT 1/X,HTFT,16.7,0.06769683590875644,13.05,1 in 14
league_it,COM - LAZ,CS 3-3,CS,61.5,0.01838235294117647,13.05,1 in 54
league_it,NAP - FIO,Exact 6,ExactGoals,18.3,0.061764705882352944,13.03,1 in 16
league_it,NAP - ROM,CS 5-0,CS,128.0,0.008830022075055188,13.02,1 in 113
league_it,NAP - UDI,CS 3-3,CS,80.9,0.013970588235294118,13.02,1 in 71
league_it,SAS - LEC,CS 0-1,CS,12.0,0.094186902133922,13.02,1 in 10
league_it,ROM - JUV,CS 0-5,CS,384.0,0.0029433406916850625,13.02,1 in 339
league_it,CRE - BOL,CS 3-1,CS,34.9,0.03237674760853569,12.99,1 in 30
league_it,TOR - PAR,HT/FT 2/X,HTFT,18.5,0.061074319352465045,12.99,1 in 16
league_it,COM - ATA,CS 3-0,CS,40.4,0.027961736571008096,12.97,1 in 35
league_it,LAZ - LEC,HT/FT 1/2,HTFT,40.4,0.027961736571008096,12.97,1 in 35
league_it,PAR - ATA,CS 3-2,CS,40.4,0.027961736571008096,12.97,1 in 35
league_it,INT - NAP,HT/FT 1/2,HTFT,30.7,0.03679175864606328,12.95,1 in 27
league_it,CAG - PAR,CS 0-5,CS,512.0,0.0022058823529411764,12.94,1 in 453
league_it,FIO - UDI,HT CS 3-0,HTCS,49.5,0.022810890360559236,12.91,1 in 43
league_it,BOL - LEC,CS 3-3,CS,69.8,0.016176470588235296,12.91,1 in 61
league_it,JUV - INT,Exact 4,ExactGoals,6.19,0.18235294117647058,12.88,1 in 5
league_it,MIL - VER,HT/FT 2/X,HTFT,52.9,0.021339220014716703,12.88,1 in 46
league_it,FIO - GEN,CS 1-3,CS,40.4,0.027941176470588237,12.88,1 in 35
league_it,UDI - ROM,CS 2-3,CS,29.5,0.03826342899190582,12.88,1 in 26
league_it,CRE - VER,CS 4-2,CS,118.0,0.009565857247976454,12.88,1 in 104
league_it,LEC - FIO,HT/FT 1/X,HTFT,21.6,0.05224429727740986,12.85,1 in 19
league_it,COM - LAZ,HT CS 0-3,HTCS,46.5,0.02426470588235294,12.83,1 in 41
league_it,CAG - JUV,HT/FT 1/2,HTFT,37.4,0.03016924208977189,12.83,1 in 33
league_it,GEN - MIL,HT CS 2-1,HTCS,27.9,0.04044117647058824,12.83,1 in 24
league_it,JUV - SAS,HT/FT 1/2,HTFT,45.1,0.025018395879323033,12.83,1 in 39
league_it,COM - GEN,CS 5-1,CS,219.0,0.0051508462104488595,12.8,1 in 194
league_it,JUV - GEN,HT CS 0-2,HTCS,59.0,0.01911764705882353,12.79,1 in 52
league_it,SAS - FIO,HT CS 2-1,HTCS,23.6,0.04779411764705882,12.79,1 in 20
league_it,SAS - PIS,CS 0-2,CS,19.4,0.058130978660779986,12.77,1 in 17
league_it,TOR - VER,HT/FT 1/2,HTFT,37.4,0.030147058823529412,12.75,1 in 33
league_it,UDI - ROM,CS 3-3,CS,76.6,0.014716703458425313,12.73,1 in 67
league_it,CRE - LAZ,CS 5-1,CS,766.0,0.0014716703458425313,12.73,1 in 679
league_it,INT - MIL,HT/FT 2/1,HTFT,33.3,0.03384841795437822,12.72,1 in 29
league_it,BOL - PAR,HT/FT 1/2,HTFT,33.3,0.03384841795437822,12.72,1 in 29
league_it,ROM - ATA,CS 0-2,CS,17.6,0.0640176600441501,12.67,1 in 15
league_it,MIL - LAZ,HT CS 1-2,HTCS,23.2,0.04856512141280353,12.67,1 in 20
league_it,LEC - INT,CS 2-1,CS,35.6,0.03164091243561442,12.64,1 in 31
league_it,VER - FIO,CS 2-0,CS,22.2,0.05073529411764706,12.63,1 in 19
league_it,NAP - FIO,HT/FT 2/1,HTFT,40.3,0.027941176470588237,12.6,1 in 35
league_it,JUV - INT,HT/FT 2/X,HTFT,17.4,0.06470588235294118,12.59,1 in 15
league_it,VER - INT,CS 2-2,CS,26.4,0.04264705882352941,12.59,1 in 23
league_it,JUV - MIL,CS 5-0,CS,255.0,0.004415011037527594,12.58,1 in 226
league_it,COM - ATA,HT/FT 1/2,HTFT,30.6,0.03679175864606328,12.58,1 in 27
league_it,MIL - UDI,HT/FT 1/2,HTFT,43.7,0.025754231052244298,12.55,1 in 38
league_it,COM - ATA,CS 3-3,CS,69.5,0.016188373804267846,12.51,1 in 61
league_it,BOL - UDI,CS 4-1,CS,139.0,0.008094186902133923,12.51,1 in 123
league_it,NAP - PAR,CS 1-4,CS,306.0,0.003676470588235294,12.5,1 in 272
league_it,UDI - PIS,CS 1-3,CS,43.7,0.025735294117647058,12.46,1 in 38
league_it,VER - COM,CS 5-1,CS,382.0,0.0029433406916850625,12.44,1 in 339
league_it,FIO - UDI,Exact 6,ExactGoals,25.9,0.04341427520235467,12.44,1 in 23
league_it,SAS - TOR,CS 0-5,CS,382.0,0.0029433406916850625,12.44,1 in 339
league_it,ROM - CAG,HT/FT X/2,HTFT,15.6,0.07205882352941176,12.41,1 in 13
league_it,UDI - JUV,CS 3-0,CS,80.4,0.013980868285504048,12.41,1 in 71
league_it,PIS - ATA,HT/FT 1/2,HTFT,40.2,0.027961736571008096,12.41,1 in 35
league_it,JUV - UDI,CS 4-1,CS,23.5,0.047829286239882265,12.4,1 in 20
league_it,PAR - LEC,HT/FT 2/X,HTFT,20.1,0.05588235294117647,12.32,1 in 17
league_it,PIS - COM,HT/FT 2/X,HTFT,14.4,0.07799852832965416,12.32,1 in 12
league_it,INT - FIO,CS 4-1,CS,28.8,0.03899926416482708,12.32,1 in 25
league_it,TOR - MIL,CS 1-5,CS,109.0,0.010301692420897719,12.29,1 in 97
league_it,LAZ - LEC,CS 5-0,CS,54.5,0.020603384841795438,12.29,1 in 48
league_it,TOR - MIL,Exact 6,ExactGoals,20.9,0.05371596762325239,12.27,1 in 18
league_it,SAS - BOL,CS 0-4,CS,80.3,0.013980868285504048,12.27,1 in 71
league_it,CRE - CAG,HT/FT 1/2,HTFT,34.7,0.03235294117647059,12.26,1 in 30
league_it,INT - VER,HT CS 1-2,HTCS,72.7,0.015441176470588236,12.26,1 in 64
league_it,ROM - FIO,CS 3-3,CS,56.5,0.019867549668874173,12.25,1 in 50
league_it,ATA - TOR,HT CS 0-2,HTCS,47.7,0.023529411764705882,12.24,1 in 42
league_it,LAZ - ROM,HT/FT 1/2,HTFT,28.8,0.03897058823529412,12.24,1 in 25
league_it,JUV - PAR,CS 5-1,CS,49.2,0.022810890360559236,12.23,1 in 43
league_it,ROM - VER,HT/FT 2/X,HTFT,49.2,0.022810890360559236,12.23,1 in 43
league_it,MIL - ATA,HT CS 0-2,HTCS,18.6,0.06033848417954378,12.23,1 in 16
league_it,PIS - CAG,CS 1-5,CS,305.0,0.003679175864606328,12.21,1 in 271
league_it,SAS - CAG,HT CS 0-3,HTCS,89.7,0.012509197939661517,12.21,1 in 79
league_it,SAS - INT,HT/FT 1/2,HTFT,61.0,0.01839587932303164,12.21,1 in 54
league_it,LAZ - INT,CS 3-3,CS,72.6,0.01545253863134658,12.19,1 in 64
league_it,UDI - LEC,Exact 6,ExactGoals,24.2,0.046357615894039736,12.19,1 in 21
league_it,TOR - CRE,HT CS 1-2,HTCS,36.3,0.03090507726269316,12.19,1 in 32
league_it,MIL - INT,HT CS 0-2,HTCS,14.8,0.07579102281089035,12.17,1 in 13
league_it,FIO - CRE,CS 4-2,CS,52.6,0.021323529411764706,12.16,1 in 46
league_it,MIL - VER,Away Win,1X2,9.77,0.11479028697571744,12.15,1 in 8
league_it,PAR - NAP,HT CS 3-0,HTCS,254.0,0.004415011037527594,12.14,1 in 226
league_it,PAR - UDI,CS 2-3,CS,38.1,0.029433406916850625,12.14,1 in 33
league_it,NAP - CRE,Draw,1X2,12.7,0.08830022075055188,12.14,1 in 11
league_it,ATA - LEC,CS 4-2,CS,50.8,0.02207505518763797,12.14,1 in 45
league_it,CRE - PIS,CS 2-4,CS,127.0,0.008830022075055188,12.14,1 in 113
league_it,COM - CRE,CS 0-3,CS,89.7,0.0125,12.13,1 in 80
league_it,JUV - PIS,CS 3-3,CS,80.2,0.013980868285504048,12.13,1 in 71
league_it,BOL - INT,HT CS 0-3,HTCS,19.8,0.05661764705882353,12.1,1 in 17
league_it,PAR - TOR,CS 4-1,CS,76.2,0.014705882352941176,12.06,1 in 68
league_it,PIS - VER,HT CS 2-1,HTCS,16.2,0.06916850625459897,12.05,1 in 14
league_it,NAP - LAZ,CS 4-2,CS,56.4,0.019867549668874173,12.05,1 in 50
league_it,ROM - SAS,HT CS 0-2,HTCS,66.3,0.01689933872152829,12.04,1 in 59
league_it,SAS - GEN,CS 0-2,CS,14.5,0.0772626931567329,12.03,1 in 12
league_it,CAG - COM,CS 2-3,CS,44.8,0.025,12.0,1 in 40
league_it,ROM - LEC,HT/FT 1/2,HTFT,42.3,0.026470588235294117,11.97,1 in 37
league_it,COM - PIS,HT CS 0-2,HTCS,43.5,0.025735294117647058,11.95,1 in 38
league_it,JUV - INT,HT CS 2-1,HTCS,17.3,0.06470588235294118,11.94,1 in 15
league_it,SAS - UDI,HT/FT 1/2,HTFT,34.6,0.03235294117647059,11.94,1 in 30
league_it,CRE - TOR,CS 2-4,CS,84.5,0.013245033112582781,11.92,1 in 75
league_it,CAG - GEN,CS 1-4,CS,117.0,0.009565857247976454,11.92,1 in 104
league_it,GEN - PAR,HT CS 0-3,HTCS,117.0,0.009565857247976454,11.92,1 in 104
league_it,TOR - COM,Exact 6,ExactGoals,23.4,0.047829286239882265,11.92,1 in 20
league_it,INT - PIS,Away Win,1X2,26.7,0.04191176470588235,11.9,1 in 23
league_it,BOL - INT,HT CS 2-0,HTCS,31.7,0.03529411764705882,11.88,1 in 28
league_it,BOL - VER,CS 4-2,CS,72.4,0.01545253863134658,11.88,1 in 64
league_it,JUV - LAZ,CS 6-0,CS,380.0,0.0029433406916850625,11.85,1 in 339
league_it,CAG - LEC,CS 2-4,CS,190.0,0.005886681383370125,11.85,1 in 169
league_it,NAP - LAZ,CS 2-4,CS,190.0,0.005886681383370125,11.85,1 in 169
league_it,CAG - UDI,CS 6-0,CS,1520.0,0.0007358351729212656,11.85,1 in 1359
league_it,LEC - BOL,CS 1-5,CS,190.0,0.005886681383370125,11.85,1 in 169
league_it,BOL - PAR,CS 2-4,CS,152.0,0.007358351729212656,11.85,1 in 135
league_it,COM - BOL,CS 2-4,CS,117.0,0.009558823529411765,11.84,1 in 104
league_it,GEN - MIL,CS 0-5,CS,117.0,0.009558823529411765,11.84,1 in 104
league_it,PAR - COM,CS 0-3,CS,33.8,0.03308823529411765,11.84,1 in 30
league_it,PIS - FIO,HT CS 1-2,HTCS,11.6,0.0963944076526858,11.82,1 in 10
league_it,UDI - ROM,Over 4.5,OU,7.56,0.1479028697571744,11.81,1 in 6
league_it,ROM - NAP,HT CS 0-3,HTCS,40.0,0.027941176470588237,11.76,1 in 35
league_it,MIL - COM,HT CS 0-2,HTCS,60.8,0.01838235294117647,11.76,1 in 54
league_it,CRE - MIL,HT/FT 2/1,HTFT,52.4,0.021323529411764706,11.74,1 in 46
league_it,LEC - PIS,HT/FT 1/X,HTFT,14.6,0.07652685798381163,11.73,1 in 13
league_it,LEC - PAR,Exact 6,ExactGoals,24.1,0.046357615894039736,11.72,1 in 21
league_it,BOL - GEN,CS 3-1,CS,21.4,0.05220588235294118,11.72,1 in 19
league_it,CAG - ATA,HT CS 2-1,HTCS,24.1,0.046357615894039736,11.72,1 in 21
league_it,ATA - JUV,CS 0-4,CS,84.4,0.013235294117647059,11.71,1 in 75
league_it,PAR - UDI,HT/FT 2/1,HTFT,32.3,0.034584253127299486,11.71,1 in 28
league_it,CAG - UDI,CS 0-3,CS,32.3,0.034584253127299486,11.71,1 in 28
league_it,MIL - FIO,HT/FT 2/X,HTFT,27.6,0.04047093451066961,11.7,1 in 24
league_it,MIL - SAS,CS 3-3,CS,75.9,0.014716703458425313,11.7,1 in 67
league_it,CRE - GEN,HT/FT 2/1,HTFT,34.5,0.03237674760853569,11.7,1 in 30
league_it,TOR - JUV,CS 2-4,CS,66.0,0.01692420897718911,11.7,1 in 59
league_it,JUV - SAS,CS 0-4,CS,759.0,0.0014716703458425313,11.7,1 in 679
league_it,JUV - BOL,HT CS 1-2,HTCS,46.0,0.024282560706401765,11.7,1 in 41
league_it,UDI - VER,HT CS 0-3,HTCS,217.0,0.005147058823529412,11.69,1 in 194
league_it,LEC - CRE,HT CS 3-0,HTCS,35.3,0.03164091243561442,11.69,1 in 31
league_it,VER - SAS,CS 1-3,CS,27.1,0.041206769683590876,11.67,1 in 24
league_it,UDI - JUV,HT/FT 1/2,HTFT,37.0,0.03016924208977189,11.63,1 in 33
league_it,INT - UDI,CS 3-3,CS,75.9,0.014705882352941176,11.62,1 in 68
league_it,FIO - NAP,Exact 6,ExactGoals,19.7,0.05665930831493746,11.62,1 in 17
league_it,JUV - CAG,HT CS 2-1,HTCS,9.8,0.11388684790595151,11.61,1 in 8
league_it,CAG - COM,HT/FT 2/1,HTFT,35.3,0.03161764705882353,11.61,1 in 31
league_it,GEN - PAR,HT/FT 2/X,HTFT,19.2,0.058130978660779986,11.61,1 in 17
league_it,CAG - PIS,CS 3-2,CS,31.6,0.03532008830022075,11.61,1 in 28
league_it,INT - SAS,Away Win,1X2,9.66,0.11552612214863871,11.6,1 in 8
league_it,INT - BOL,HT CS 1-2,HTCS,48.9,0.022810890360559236,11.55,1 in 43
league_it,ATA - TOR,HT CS 3-0,HTCS,18.5,0.060294117647058824,11.54,1 in 16
league_it,LAZ - TOR,HT CS 3-0,HTCS,20.5,0.054411764705882354,11.54,1 in 18
league_it,CAG - FIO,HT/FT 2/1,HTFT,31.6,0.03529411764705882,11.53,1 in 28
league_it,GEN - UDI,HT/FT 2/1,HTFT,36.1,0.030882352941176472,11.49,1 in 32
league_it,GEN - FIO,CS 4-0,CS,101.0,0.011037527593818985,11.48,1 in 90
league_it,PAR - FIO,CS 4-2,CS,101.0,0.011037527593818985,11.48,1 in 90
league_it,NAP - PIS,Exact 0,ExactGoals,101.0,0.011037527593818985,11.48,1 in 90
league_it,NAP - PIS,CS 0-0,CS,101.0,0.011037527593818985,11.48,1 in 90
league_it,INT - CRE,HT CS 1-2,HTCS,101.0,0.011037527593818985,11.48,1 in 90
league_it,ROM - PAR,CS 0-4,CS,505.0,0.002207505518763797,11.48,1 in 453
league_it,UDI - PIS,CS 4-2,CS,68.9,0.016176470588235296,11.46,1 in 61
league_it,SAS - LEC,CS 3-2,CS,29.7,0.037527593818984545,11.46,1 in 26
league_it,FIO - PIS,HT/FT X/2,HTFT,13.4,0.08314937454010302,11.42,1 in 12
league_it,TOR - LAZ,Exact 0,ExactGoals,13.4,0.08314937454010302,11.42,1 in 12
league_it,TOR - LAZ,CS 0-0,CS,13.4,0.08314937454010302,11.42,1 in 12
league_it,INT - UDI,HT CS 0-2,HTCS,60.6,0.01838235294117647,11.4,1 in 54
league_it,ATA - PAR,CS 0-4,CS,505.0,0.0022058823529411764,11.4,1 in 453
league_it,PIS - LAZ,CS 1-5,CS,101.0,0.011029411764705883,11.4,1 in 90
league_it,CAG - FIO,CS 5-1,CS,303.0,0.003676470588235294,11.4,1 in 272
league_it,CRE - ROM,CS 0-5,CS,84.1,0.013245033112582781,11.39,1 in 75
league_it,VER - COM,Draw,1X2,3.16,0.3524650478292862,11.38,1 in 2
league_it,LAZ - JUV,HT/FT 2/X,HTFT,17.2,0.06475349521707138,11.38,1 in 15
league_it,COM - GEN,HT/FT 1/2,HTFT,32.2,0.034584253127299486,11.36,1 in 28
league_it,BOL - COM,HT/FT 1/X,HTFT,16.1,0.06916850625459897,11.36,1 in 14
league_it,JUV - CRE,CS 0-1,CS,32.2,0.034584253127299486,11.36,1 in 28
league_it,MIL - FIO,HT CS 3-0,HTCS,19.4,0.05739514348785872,11.35,1 in 17
league_it,GEN - NAP,HT/FT 1/2,HTFT,38.8,0.02869757174392936,11.35,1 in 34
league_it,BOL - GEN,HT/FT 2/1,HTFT,35.2,0.03161764705882353,11.29,1 in 31
league_it,JUV - FIO,CS 4-0,CS,32.2,0.03455882352941177,11.28,1 in 28
league_it,PIS - SAS,HT/FT 1/2,HTFT,32.2,0.03455882352941177,11.28,1 in 28
league_it,SAS - LAZ,CS 3-2,CS,40.9,0.027205882352941177,11.27,1 in 36
league_it,VER - COM,HT/FT X/X,HTFT,4.99,0.2229580573951435,11.26,1 in 4
league_it,UDI - CRE,CS 4-1,CS,36.0,0.03090507726269316,11.26,1 in 32
league_it,TOR - MIL,CS 3-0,CS,63.0,0.017660044150110375,11.26,1 in 56
league_it,SAS - CAG,CS 5-1,CS,216.0,0.0051508462104488595,11.26,1 in 194
league_it,GEN - SAS,CS 1-4,CS,126.0,0.008830022075055188,11.26,1 in 113
league_it,COM - VER,HT CS 0-2,HTCS,42.0,0.026490066225165563,11.26,1 in 37
league_it,FIO - PIS,CS 0-3,CS,108.0,0.010301692420897719,11.26,1 in 97
league_it,ROM - PAR,CS 1-4,CS,252.0,0.004415011037527594,11.26,1 in 226
league_it,CRE - VER,Exact 6,ExactGoals,28.0,0.039735099337748346,11.26,1 in 25
league_it,TOR - NAP,HT CS 0-3,HTCS,17.8,0.0625,11.25,1 in 16
league_it,BOL - INT,CS 2-3,CS,24.4,0.045588235294117645,11.24,1 in 21
league_it,CAG - CRE,CS 1-3,CS,39.8,0.027941176470588237,11.21,1 in 35
league_it,ROM - GEN,CS 1-3,CS,60.5,0.01838235294117647,11.21,1 in 54
league_it,ATA - GEN,HT/FT 1/X,HTFT,12.7,0.0875643855776306,11.21,1 in 11
league_it,MIL - TOR,Away Win,1X2,6.6,0.16850625459896984,11.21,1 in 5
league_it,CAG - CRE,HT/FT 1/X,HTFT,14.0,0.07941176470588235,11.18,1 in 12
league_it,UDI - ATA,CS 4-0,CS,168.0,0.006617647058823529,11.18,1 in 151
league_it,UDI - LAZ,HT CS 2-0,HTCS,21.6,0.051470588235294115,11.18,1 in 19
league_it,PIS - BOL,CS 1-3,CS,18.0,0.061764705882352944,11.18,1 in 16
league_it,ATA - PIS,HT/FT 2/1,HTFT,43.2,0.025735294117647058,11.18,1 in 38
league_it,LEC - LAZ,CS 0-5,CS,126.0,0.008823529411764706,11.18,1 in 113
league_it,CAG - GEN,CS 2-2,CS,18.2,0.061074319352465045,11.16,1 in 16
league_it,UDI - TOR,CS 4-0,CS,88.9,0.0125,11.13,1 in 80
league_it,MIL - INT,CS 4-2,CS,83.9,0.013245033112582781,11.13,1 in 75
league_it,COM - CRE,Over 4.5,OU,7.75,0.14338235294117646,11.12,1 in 6
league_it,MIL - TOR,HT CS 0-2,HTCS,60.4,0.01839587932303164,11.11,1 in 54
league_it,FIO - BOL,HT/FT X/1,HTFT,7.78,0.14275202354672553,11.06,1 in 7
league_it,VER - LAZ,HT/FT 2/1,HTFT,34.3,0.03237674760853569,11.05,1 in 30
league_it,MIL - CRE,CS 1-2,CS,30.8,0.036055923473142015,11.05,1 in 27
league_it,TOR - NAP,CS 0-5,CS,83.9,0.013235294117647059,11.04,1 in 75
league_it,ATA - PAR,HT CS 0-2,HTCS,60.4,0.01838235294117647,11.03,1 in 54
league_it,CAG - LAZ,HT/FT 2/1,HTFT,30.2,0.03676470588235294,11.03,1 in 27
league_it,SAS - MIL,CS 1-4,CS,32.8,0.03384841795437822,11.02,1 in 29
league_it,UDI - BOL,CS 4-0,CS,94.3,0.01177336276674025,11.02,1 in 84
league_it,JUV - TOR,Exact 6,ExactGoals,15.4,0.07205882352941176,10.97,1 in 13
league_it,MIL - PAR,HT/FT 2/X,HTFT,34.3,0.03235294117647059,10.97,1 in 30
league_it,COM - MIL,CS 0-5,CS,116.0,0.009565857247976454,10.96,1 in 104
league_it,FIO - ATA,CS 5-0,CS,377.0,0.0029433406916850625,10.96,1 in 339
league_it,ROM - SAS,CS 0-3,CS,151.0,0.0073475385745775165,10.95,1 in 136
league_it,CRE - FIO,HT/FT 1/2,HTFT,35.9,0.03090507726269316,10.95,1 in 32
league_it,LEC - UDI,CS 3-0,CS,32.8,0.033823529411764704,10.94,1 in 29
league_it,CAG - BOL,CS 0-3,CS,33.5,0.033112582781456956,10.93,1 in 30
league_it,TOR - CRE,CS 3-0,CS,15.7,0.0706401766004415,10.91,1 in 14
league_it,BOL - ROM,CS 3-1,CS,31.4,0.03532008830022075,10.91,1 in 28
league_it,ATA - LAZ,CS 2-2,CS,13.7,0.08094186902133922,10.89,1 in 12
league_it,JUV - INT,CS 2-4,CS,116.0,0.009558823529411765,10.88,1 in 104
league_it,LAZ - FIO,HT/FT 2/1,HTFT,37.7,0.029411764705882353,10.88,1 in 34
league_it,LAZ - BOL,CS 1-2,CS,16.2,0.0684326710816777,10.86,1 in 14
league_it,FIO - NAP,HT/FT 1/X,HTFT,25.1,0.04415011037527594,10.82,1 in 22
league_it,ROM - ATA,CS 1-5,CS,251.0,0.004415011037527594,10.82,1 in 226
league_it,FIO - ROM,CS 1-5,CS,137.0,0.008088235294117648,10.81,1 in 123
league_it,ROM - VER,HT CS 0-1,HTCS,19.3,0.05739514348785872,10.77,1 in 17
league_it,PAR - FIO,CS 0-2,CS,14.2,0.07799852832965416,10.76,1 in 12
league_it,GEN - CRE,CS 4-1,CS,43.0,0.025754231052244298,10.74,1 in 38
league_it,GEN - TOR,CS 0-5,CS,502.0,0.0022058823529411764,10.74,1 in 453
league_it,TOR - LAZ,CS 0-5,CS,215.0,0.0051508462104488595,10.74,1 in 194
league_it,JUV - MIL,HT CS 0-2,HTCS,19.8,0.05592347314201619,10.73,1 in 17
league_it,FIO - JUV,Exact 5,ExactGoals,11.4,0.09713024282560706,10.73,1 in 10
league_it,UDI - BOL,HT/FT 2/1,HTFT,32.7,0.03384841795437822,10.68,1 in 29
league_it,CRE - TOR,HT/FT 1/X,HTFT,18.8,0.05886681383370125,10.67,1 in 16
league_it,GEN - NAP,CS 4-1,CS,188.0,0.005886681383370125,10.67,1 in 169
league_it,VER - PIS,HT/FT 1/2,HTFT,32.0,0.034584253127299486,10.67,1 in 28
league_it,TOR - COM,HT/FT 1/2,HTFT,32.0,0.034584253127299486,10.67,1 in 28
league_it,NAP - MIL,HT/FT 2/X,HTFT,21.5,0.051470588235294115,10.66,1 in 19
league_it,LEC - SAS,CS 4-1,CS,60.2,0.01838235294117647,10.66,1 in 54
league_it,CAG - TOR,Exact 5,ExactGoals,15.2,0.07279411764705883,10.65,1 in 13
league_it,CAG - LEC,HT/FT 1/X,HTFT,14.6,0.07579102281089035,10.65,1 in 13
league_it,JUV - BOL,CS 3-3,CS,71.6,0.01545253863134658,10.64,1 in 64
league_it,BOL - UDI,Over 3.5,OU,7.37,0.15011037527593818,10.63,1 in 6
league_it,INT - LAZ,Exact 0,ExactGoals,15.5,0.07137601177336277,10.63,1 in 14
league_it,INT - LAZ,CS 0-0,CS,15.5,0.07137601177336277,10.63,1 in 14
league_it,SAS - JUV,HT CS 2-1,HTCS,30.7,0.03602941176470588,10.61,1 in 27
league_it,UDI - COM,HT/FT 2/1,HTFT,32.7,0.033823529411764704,10.6,1 in 29
league_it,BOL - LEC,CS 3-1,CS,16.0,0.06911764705882353,10.59,1 in 14
league_it,SAS - FIO,CS 0-6,CS,752.0,0.0014705882352941176,10.59,1 in 680
league_it,COM - CAG,CS 2-3,CS,44.2,0.025018395879323033,10.58,1 in 39
league_it,NAP - VER,CS 3-3,CS,68.3,0.016188373804267846,10.57,1 in 61
league_it,FIO - NAP,CS 2-4,CS,60.1,0.01839587932303164,10.56,1 in 54
league_it,SAS - CAG,HT/FT 1/2,HTFT,31.3,0.03532008830022075,10.55,1 in 28
league_it,LEC - ROM,HT CS 2-1,HTCS,31.3,0.03532008830022075,10.55,1 in 28
league_it,JUV - LAZ,Exact 6,ExactGoals,20.3,0.054451802796173655,10.54,1 in 18
league_it,LEC - ROM,HT CS 0-3,HTCS,20.3,0.054451802796173655,10.54,1 in 18
league_it,INT - BOL,CS 1-3,CS,75.1,0.014716703458425313,10.52,1 in 67
league_it,BOL - PAR,CS 3-3,CS,75.1,0.014716703458425313,10.52,1 in 67
league_it,LAZ - ATA,CS 2-3,CS,33.4,0.03308823529411765,10.51,1 in 30
league_it,VER - INT,CS 3-3,CS,88.4,0.0125,10.5,1 in 80
league_it,INT - VER,HT/FT 2/X,HTFT,57.8,0.01911764705882353,10.5,1 in 52
league_it,VER - MIL,CS 3-2,CS,57.8,0.01911764705882353,10.5,1 in 52
league_it,TOR - ATA,Exact 6,ExactGoals,23.1,0.047829286239882265,10.49,1 in 20
league_it,LAZ - GEN,HT CS 0-2,HTCS,42.9,0.025754231052244298,10.49,1 in 38
league_it,CRE - NAP,HT/FT 1/1,HTFT,60.1,0.01838235294117647,10.48,1 in 54
league_it,FIO - TOR,HT CS 0-2,HTCS,19.0,0.058130978660779986,10.45,1 in 17
league_it,COM - INT,Exact 6,ExactGoals,19.0,0.058130978660779986,10.45,1 in 17
league_it,PAR - UDI,Exact 5,ExactGoals,12.2,0.09050772626931568,10.42,1 in 11
league_it,UDI - SAS,CS 3-1,CS,18.3,0.06033848417954378,10.42,1 in 16
league_it,INT - SAS,CS 0-2,CS,68.2,0.016188373804267846,10.4,1 in 61
league_it,SAS - ROM,CS 0-5,CS,100.0,0.011037527593818985,10.38,1 in 90
league_it,BOL - PIS,CS 0-5,CS,1500.0,0.0007358351729212656,10.38,1 in 1359
league_it,LEC - NAP,HT/FT 1/X,HTFT,75.0,0.014716703458425313,10.38,1 in 67
league_it,VER - LAZ,CS 3-0,CS,75.0,0.014716703458425313,10.38,1 in 67
league_it,ATA - FIO,CS 6-0,CS,375.0,0.0029433406916850625,10.38,1 in 339
league_it,UDI - NAP,CS 5-0,CS,1500.0,0.0007358351729212656,10.38,1 in 1359
league_it,VER - ROM,HT/FT 1/X,HTFT,26.8,0.041176470588235294,10.35,1 in 24
league_it,CRE - MIL,CS 2-4,CS,36.6,0.030147058823529412,10.34,1 in 33
league_it,UDI - NAP,HT/FT 2/1,HTFT,35.7,0.03090507726269316,10.33,1 in 32
league_it,ROM - UDI,CS 4-0,CS,26.3,0.04194260485651214,10.31,1 in 23
league_it,CRE - PAR,CS 5-1,CS,300.0,0.003676470588235294,10.29,1 in 272
league_it,COM - JUV,CS 0-5,CS,100.0,0.011029411764705883,10.29,1 in 90
league_it,TOR - BOL,CS 2-4,CS,100.0,0.011029411764705883,10.29,1 in 90
league_it,LEC - PIS,CS 1-4,CS,107.0,0.010301692420897719,10.23,1 in 97
league_it,ROM - JUV,CS 4-2,CS,107.0,0.010301692420897719,10.23,1 in 97
league_it,FIO - VER,CS 2-3,CS,62.4,0.017660044150110375,10.2,1 in 56
league_it,LAZ - INT,HT/FT 2/1,HTFT,28.8,0.03826342899190582,10.2,1 in 26
league_it,GEN - TOR,HT/FT 2/X,HTFT,18.5,0.05955882352941176,10.18,1 in 16
league_it,COM - ROM,CS 2-0,CS,22.7,0.04852941176470588,10.16,1 in 20
league_it,UDI - COM,CS 2-4,CS,107.0,0.010294117647058823,10.15,1 in 97
league_it,PIS - ROM,CS 3-1,CS,49.9,0.02207505518763797,10.15,1 in 45
league_it,SAS - UDI,Under 1.5,OU,3.18,0.3463235294117647,10.13,1 in 2
league_it,CRE - COM,HT CS 2-0,HTCS,20.8,0.052941176470588235,10.12,1 in 18
league_it,NAP - JUV,Exact 6,ExactGoals,20.8,0.052941176470588235,10.12,1 in 18
league_it,CRE - UDI,Exact 5,ExactGoals,12.8,0.08602941176470588,10.12,1 in 11
league_it,VER - MIL,CS 2-4,CS,57.6,0.01911764705882353,10.12,1 in 52
league_it,JUV - COM,CS 4-2,CS,51.6,0.021339220014716703,10.11,1 in 46
league_it,CRE - ATA,Exact 6,ExactGoals,21.7,0.05073529411764706,10.1,1 in 19
league_it,COM - CRE,Over 3.5,OU,3.38,0.32573529411764707,10.1,1 in 3
league_it,TOR - LEC,CS 1-4,CS,136.0,0.008094186902133923,10.08,1 in 123
league_it,FIO - UDI,CS 1-5,CS,374.0,0.0029433406916850625,10.08,1 in 339
league_it,TOR - SAS,CS 5-1,CS,136.0,0.008094186902133923,10.08,1 in 123
league_it,PAR - MIL,CS 4-1,CS,136.0,0.008094186902133923,10.08,1 in 123
league_it,SAS - CAG,CS 3-0,CS,27.2,0.04047093451066961,10.08,1 in 24
league_it,NAP - LAZ,CS 1-5,CS,748.0,0.0014716703458425313,10.08,1 in 679
league_it,TOR - PIS,CS 6-0,CS,374.0,0.0029433406916850625,10.08,1 in 339
league_it,ATA - LEC,Exact 6,ExactGoals,17.0,0.06475349521707138,10.08,1 in 15
league_it,SAS - TOR,Exact 6,ExactGoals,27.2,0.04047093451066961,10.08,1 in 24
league_it,NAP - PIS,HT/FT 2/2,HTFT,83.1,0.013245033112582781,10.07,1 in 75
league_it,VER - FIO,CS 3-1,CS,36.5,0.030147058823529412,10.04,1 in 33
league_it,GEN - ROM,CS 1-5,CS,115.0,0.009565857247976454,10.01,1 in 104
league_it,NAP - BOL,HT CS 0-2,HTCS,65.0,0.01692420897718911,10.01,1 in 59
league_it,SAS - BOL,HT CS 0-3,HTCS,57.5,0.01913171449595291,10.01,1 in 52
league_it,LEC - SAS,CS 0-4,CS,136.0,0.008088235294117648,10.0,1 in 123
league_it,CRE - UDI,CS 3-0,CS,44.0,0.025,10.0,1 in 40
league_it,TOR - CRE,HT/FT 2/X,HTFT,28.2,0.03899926416482708,9.98,1 in 25
league_it,NAP - GEN,CS 0-2,CS,48.2,0.022810890360559236,9.95,1 in 43
league_it,COM - JUV,HT/FT 1/2,HTFT,35.6,0.030882352941176472,9.94,1 in 32
league_it,PIS - LAZ,HT/FT 1/X,HTFT,26.7,0.041176470588235294,9.94,1 in 24
league_it,BOL - TOR,HT/FT 1/2,HTFT,32.5,0.033823529411764704,9.93,1 in 29
league_it,PIS - VER,HT CS 0-3,HTCS,74.7,0.014716703458425313,9.93,1 in 67
league_it,LEC - TOR,CS 0-5,CS,299.0,0.003676470588235294,9.93,1 in 272
league_it,BOL - PAR,CS 5-1,CS,166.0,0.006622516556291391,9.93,1 in 151
league_it,PIS - PAR,HT CS 2-0,HTCS,16.6,0.06622516556291391,9.93,1 in 15
league_it,CAG - PIS,Exact 6,ExactGoals,24.9,0.04415011037527594,9.93,1 in 22
league_it,NAP - LEC,HT/FT 2/2,HTFT,38.3,0.02869757174392936,9.91,1 in 34
league_it,NAP - BOL,HT CS 2-1,HTCS,10.3,0.10669610007358352,9.9,1 in 9
league_it,MIL - UDI,HT CS 3-0,HTCS,13.7,0.08020603384841796,9.88,1 in 12
league_it,PAR - VER,HT CS 2-0,HTCS,8.68,0.12656364974245768,9.86,1 in 7
league_it,ROM - LEC,CS 0-3,CS,166.0,0.006617647058823529,9.85,1 in 151
league_it,ROM - CAG,HT/FT 1/2,HTFT,38.3,0.028676470588235293,9.83,1 in 34
league_it,JUV - CRE,CS 0-2,CS,74.6,0.014716703458425313,9.79,1 in 67
league_it,BOL - JUV,HT CS 0-3,HTCS,22.6,0.04856512141280353,9.76,1 in 20
league_it,LEC - PAR,HT CS 2-0,HTCS,13.2,0.08314937454010302,9.76,1 in 12
league_it,VER - FIO,HT CS 0-3,HTCS,31.1,0.03529411764705882,9.76,1 in 28
league_it,ATA - UDI,HT CS 0-2,HTCS,48.1,0.022810890360559236,9.72,1 in 43
league_it,NAP - SAS,CS 3-3,CS,87.7,0.012509197939661517,9.71,1 in 79
league_it,CRE - ATA,HT CS 2-1,HTCS,34.7,0.03161764705882353,9.71,1 in 31
league_it,GEN - ROM,CS 3-2,CS,49.7,0.02207505518763797,9.71,1 in 45
league_it,MIL - CRE,Away Win,1X2,9.94,0.11037527593818984,9.71,1 in 9
league_it,TOR - ROM,CS 3-2,CS,45.2,0.02426470588235294,9.68,1 in 41
league_it,UDI - TOR,CS 3-1,CS,22.6,0.04852941176470588,9.68,1 in 20
league_it,COM - MIL,CS 3-3,CS,64.8,0.01692420897718911,9.67,1 in 59
league_it,JUV - PAR,CS 0-3,CS,149.0,0.007358351729212656,9.64,1 in 135
league_it,PAR - UDI,CS 6-0,CS,1490.0,0.0007358351729212656,9.64,1 in 1359
league_it,UDI - INT,CS 2-3,CS,29.8,0.03679175864606328,9.64,1 in 27
league_it,PAR - LEC,HT CS 0-2,HTCS,21.3,0.051470588235294115,9.63,1 in 19
league_it,VER - NAP,HT/FT 2/1,HTFT,57.3,0.01913171449595291,9.62,1 in 52
league_it,MIL - VER,CS 0-1,CS,30.4,0.036055923473142015,9.61,1 in 27
league_it,NAP - SAS,HT/FT 1/2,HTFT,53.2,0.020603384841795438,9.61,1 in 48
league_it,PIS - GEN,HT/FT 1/X,HTFT,18.4,0.05955882352941176,9.59,1 in 16
league_it,TOR - SAS,HT/FT X/2,HTFT,10.2,0.10743193524650478,9.58,1 in 9
league_it,ROM - CAG,CS 6-0,CS,149.0,0.007352941176470588,9.56,1 in 136
league_it,CRE - CAG,CS 0-6,CS,1490.0,0.0007352941176470588,9.56,1 in 1360
league_it,BOL - LAZ,CS 4-1,CS,59.6,0.01838235294117647,9.56,1 in 54
league_it,INT - COM,CS 1-3,CS,57.3,0.01911764705882353,9.54,1 in 52
league_it,CRE - JUV,HT/FT 2/1,HTFT,57.3,0.01911764705882353,9.54,1 in 52
league_it,COM - TOR,Exact 6,ExactGoals,22.9,0.047829286239882265,9.53,1 in 20
league_it,LAZ - SAS,HT CS 1-2,HTCS,45.1,0.024282560706401765,9.51,1 in 41
league_it,PIS - ROM,HT/FT 2/1,HTFT,36.3,0.03016924208977189,9.51,1 in 33
league_it,SAS - TOR,Draw,1X2,3.3,0.3318616629874908,9.51,1 in 3
league_it,VER - JUV,HT/FT 2/1,HTFT,37.2,0.029433406916850625,9.49,1 in 33
league_it,LEC - NAP,CS 2-0,CS,99.2,0.011037527593818985,9.49,1 in 90
league_it,PAR - UDI,CS 5-0,CS,372.0,0.0029433406916850625,9.49,1 in 339
league_it,VER - CAG,CS 3-3,CS,74.4,0.014716703458425313,9.49,1 in 67
league_it,PAR - CAG,CS 3-2,CS,37.2,0.029433406916850625,9.49,1 in 33
league_it,PIS - LEC,HT CS 1-2,HTCS,17.3,0.06328182487122884,9.48,1 in 15
league_it,JUV - COM,Exact 6,ExactGoals,17.3,0.06328182487122884,9.48,1 in 15
league_it,GEN - FIO,HT/FT 2/X,HTFT,17.1,0.0640176600441501,9.47,1 in 15
league_it,ROM - VER,Away Win,1X2,9.24,0.11846946284032377,9.47,1 in 8
league_it,ROM - INT,HT/FT 1/2,HTFT,31.7,0.034533431300514325,9.47,1 in 28
league_it,CRE - BOL,Exact 0,ExactGoals,12.5,0.0875643855776306,9.46,1 in 11
league_it,CRE - BOL,CS 0-0,CS,12.5,0.0875643855776306,9.46,1 in 11
league_it,MIL - ATA,Exact 6,ExactGoals,20.1,0.054451802796173655,9.45,1 in 18
league_it,MIL - GEN,HT/FT 1/X,HTFT,12.2,0.08970588235294118,9.44,1 in 11
league_it,MIL - GEN,CS 0-2,CS,45.1,0.02426470588235294,9.43,1 in 41
league_it,VER - COM,HT/FT 2/1,HTFT,33.8,0.03237674760853569,9.43,1 in 30
league_it,PAR - BOL,Exact 0,ExactGoals,12.1,0.09044117647058823,9.43,1 in 11
league_it,PAR - BOL,CS 0-0,CS,12.1,0.09044117647058823,9.43,1 in 11
league_it,ATA - TOR,HT CS 0-3,HTCS,372.0,0.0029411764705882353,9.41,1 in 340
league_it,SAS - UDI,Exact 0,ExactGoals,9.92,0.11029411764705882,9.41,1 in 9
league_it,SAS - UDI,CS 0-0,CS,9.92,0.11029411764705882,9.41,1 in 9
league_it,CRE - MIL,HT CS 0-0,HTCS,7.33,0.14926470588235294,9.41,1 in 6
league_it,NAP - JUV,HT/FT X/2,HTFT,9.3,0.11764705882352941,9.41,1 in 8
league_it,MIL - NAP,HT CS 0-2,HTCS,12.4,0.08823529411764706,9.41,1 in 11
league_it,FIO - JUV,Exact 6,ExactGoals,25.2,0.04341427520235467,9.4,1 in 23
league_it,VER - ROM,HT/FT 2/1,HTFT,34.6,0.03161764705882353,9.4,1 in 31
league_it,NAP - PIS,CS 1-2,CS,74.3,0.014716703458425313,9.35,1 in 67
league_it,PIS - JUV,CS 4-2,CS,248.0,0.00440852314474651,9.33,1 in 226
league_it,COM - LAZ,HT/FT 1/X,HTFT,17.7,0.061764705882352944,9.32,1 in 16
league_it,CRE - INT,HT/FT 2/X,HTFT,19.8,0.05518763796909492,9.27,1 in 18
league_it,LEC - COM,HT/FT 2/X,HTFT,15.0,0.0728476821192053,9.27,1 in 13
league_it,VER - NAP,HT CS 1-0,HTCS,30.3,0.036055923473142015,9.25,1 in 27
league_it,INT - CRE,CS 6-0,CS,14.7,0.07431935246504782,9.25,1 in 13
league_it,CRE - UDI,Over 4.5,OU,9.06,0.12058823529411765,9.25,1 in 8
league_it,LEC - NAP,CS 0-6,CS,57.1,0.01913171449595291,9.24,1 in 52
league_it,LEC - ROM,HT CS 0-2,HTCS,6.97,0.15673289183222958,9.24,1 in 6
league_it,TOR - PAR,HT CS 0-2,HTCS,18.1,0.06033848417954378,9.21,1 in 16
league_it,GEN - CRE,CS 0-4,CS,371.0,0.0029433406916850625,9.2,1 in 339
league_it,ROM - VER,CS 0-3,CS,212.0,0.0051508462104488595,9.2,1 in 194
league_it,INT - ATA,CS 6-0,CS,371.0,0.0029433406916850625,9.2,1 in 339
league_it,BOL - VER,CS 5-1,CS,106.0,0.010301692420897719,9.2,1 in 97
league_it,GEN - ATA,HT/FT 1/2,HTFT,33.0,0.03308823529411765,9.19,1 in 30
league_it,UDI - PAR,HT CS 1-2,HTCS,49.5,0.022058823529411766,9.19,1 in 45
league_it,FIO - PAR,CS 0-5,CS,743.0,0.0014695077149155032,9.18,1 in 680
league_it,SAS - MIL,CS 2-1,CS,16.3,0.06696100073583518,9.15,1 in 14
league_it,VER - UDI,CS 2-0,CS,16.3,0.06696100073583518,9.15,1 in 14
league_it,COM - FIO,CS 3-3,CS,67.4,0.016188373804267846,9.11,1 in 61
league_it,PIS - PAR,HT/FT 1/2,HTFT,33.7,0.03237674760853569,9.11,1 in 30
league_it,LAZ - NAP,CS 1-4,CS,40.1,0.027205882352941177,9.1,1 in 36
league_it,CRE - COM,Exact 5,ExactGoals,11.5,0.09485294117647058,9.08,1 in 10
league_it,LEC - CAG,HT/FT 1/2,HTFT,30.9,0.03529411764705882,9.06,1 in 28
league_it,TOR - GEN,CS 2-3,CS,39.0,0.027961736571008096,9.05,1 in 35
league_it,CAG - LEC,CS 3-2,CS,38.0,0.02869757174392936,9.05,1 in 34
league_it,CAG - ROM,CS 0-4,CS,38.0,0.02869757174392936,9.05,1 in 34
league_it,MIL - TOR,CS 0-4,CS,494.0,0.002207505518763797,9.05,1 in 453
league_it,BOL - ROM,CS 0-6,CS,494.0,0.002207505518763797,9.05,1 in 453
league_it,INT - FIO,HT/FT 2/1,HTFT,38.0,0.02869757174392936,9.05,1 in 34
league_it,LAZ - VER,Under 1.5,OU,4.48,0.24338235294117647,9.04,1 in 4
league_it,INT - TOR,HT/FT 2/1,HTFT,44.9,0.024282560706401765,9.03,1 in 41
league_it,LEC - UDI,CS 2-3,CS,35.3,0.030882352941176472,9.01,1 in 32
league_it,INT - JUV,CS 4-0,CS,52.9,0.020603384841795438,8.99,1 in 48
league_it,JUV - TOR,HT/FT 2/2,HTFT,13.0,0.0838235294117647,8.97,1 in 11
league_it,FIO - MIL,CS 1-5,CS,114.0,0.009558823529411765,8.97,1 in 104
league_it,COM - LAZ,HT CS 3-0,HTCS,74.1,0.014705882352941176,8.97,1 in 68
league_it,PIS - NAP,HT CS 1-0,HTCS,39.0,0.027941176470588237,8.97,1 in 35
league_it,TOR - LAZ,Under 1.5,OU,4.16,0.2619573215599706,8.97,1 in 3
league_it,BOL - LAZ,HT/FT 1/2,HTFT,28.5,0.03823529411764706,8.97,1 in 26
league_it,PAR - CAG,HT/FT X/2,HTFT,8.71,0.12509197939661515,8.96,1 in 7
league_it,BOL - PAR,CS 3-0,CS,22.1,0.049300956585724795,8.96,1 in 20
league_it,PAR - FIO,CS 3-1,CS,23.5,0.046357615894039736,8.94,1 in 21
league_it,ATA - FIO,HT/FT 1/2,HTFT,36.1,0.03016924208977189,8.91,1 in 33
league_it,JUV - CAG,Over 4.5,OU,5.49,0.19838354151359294,8.91,1 in 5
league_it,SAS - BOL,HT/FT 1/X,HTFT,18.5,0.05886681383370125,8.9,1 in 16
league_it,BOL - VER,CS 0-5,CS,1480.0,0.0007358351729212656,8.9,1 in 1359
league_it,BOL - UDI,Exact 4,ExactGoals,10.8,0.1008094186902134,8.87,1 in 9
league_it,BOL - COM,HT/FT 2/X,HTFT,17.2,0.06328182487122884,8.84,1 in 15
league_it,CRE - LEC,HT/FT 2/X,HTFT,17.2,0.06328182487122884,8.84,1 in 15
league_it,COM - NAP,Exact 6,ExactGoals,17.2,0.06328182487122884,8.84,1 in 15
league_it,ATA - INT,CS 1-5,CS,185.0,0.0058823529411764705,8.82,1 in 170
league_it,LAZ - CRE,CS 1-4,CS,296.0,0.003676470588235294,8.82,1 in 272
league_it,FIO - LEC,HT/FT 2/1,HTFT,40.0,0.027205882352941177,8.82,1 in 36
league_it,PIS - NAP,Exact 0,ExactGoals,37.0,0.029411764705882353,8.82,1 in 34
league_it,PIS - NAP,CS 0-0,CS,37.0,0.029411764705882353,8.82,1 in 34
league_it,MIL - JUV,HT/FT 1/X,HTFT,15.9,0.0684326710816777,8.81,1 in 14
league_it,NAP - UDI,CS 3-2,CS,26.9,0.04044117647058824,8.79,1 in 24
league_it,TOR - SAS,CS 0-2,CS,22.4,0.04856512141280353,8.79,1 in 20
league_it,MIL - TOR,CS 3-3,CS,67.2,0.016188373804267846,8.79,1 in 61
league_it,SAS - PAR,CS 0-3,CS,38.9,0.027961736571008096,8.77,1 in 35
league_it,COM - SAS,CS 3-1,CS,17.2,0.06323529411764706,8.76,1 in 15
league_it,GEN - LEC,CS 2-1,CS,9.36,0.1161764705882353,8.74,1 in 8
league_it,UDI - SAS,CS 0-2,CS,19.7,0.05518763796909492,8.72,1 in 18
league_it,INT - LEC,CS 6-0,CS,92.4,0.011764705882352941,8.71,1 in 85
league_it,UDI - COM,HT CS 2-1,HTCS,16.8,0.06470588235294118,8.71,1 in 15
league_it,PAR - GEN,HT CS 2-1,HTCS,16.6,0.06548933038999265,8.71,1 in 15
league_it,UDI - PAR,HT CS 0-2,HTCS,33.6,0.03235294117647059,8.71,1 in 30
league_it,NAP - LEC,HT/FT 1/X,HTFT,16.6,0.06548933038999265,8.71,1 in 15
league_it,VER - CRE,CS 5-0,CS,211.0,0.0051508462104488595,8.68,1 in 194
league_it,MIL - COM,CS 3-3,CS,73.9,0.014705882352941176,8.68,1 in 68
league_it,LEC - INT,HT/FT X/1,HTFT,28.4,0.03826342899190582,8.67,1 in 26
league_it,LEC - ROM,Exact 6,ExactGoals,20.8,0.05224429727740986,8.67,1 in 19
league_it,LAZ - PIS,CS 3-3,CS,82.1,0.013235294117647059,8.66,1 in 75
league_it,LEC - CAG,HT CS 0-3,HTCS,82.1,0.013235294117647059,8.66,1 in 75
league_it,UDI - ROM,HT CS 2-1,HTCS,25.9,0.04194260485651214,8.63,1 in 23
league_it,NAP - INT,CS 3-1,CS,18.7,0.05808823529411765,8.62,1 in 17
league_it,GEN - CRE,CS 2-1,CS,9.0,0.12067696835908756,8.61,1 in 8
league_it,MIL - ROM,CS 6-0,CS,738.0,0.0014716703458425313,8.61,1 in 679
league_it,GEN - INT,HT CS 0-3,HTCS,18.0,0.06033848417954378,8.61,1 in 16
league_it,VER - TOR,HT CS 2-0,HTCS,18.0,0.06033848417954378,8.61,1 in 16
league_it,LEC - SAS,CS 0-3,CS,42.2,0.025735294117647058,8.6,1 in 38
league_it,PIS - LEC,HT/FT 2/1,HTFT,31.4,0.034584253127299486,8.59,1 in 28
league_it,FIO - LAZ,CS 1-3,CS,21.7,0.05003679175864607,8.58,1 in 19
league_it,VER - CRE,CS 4-2,CS,86.8,0.012509197939661517,8.58,1 in 79
league_it,BOL - CAG,HT CS 0-2,HTCS,23.8,0.04562178072111847,8.58,1 in 21
league_it,SAS - VER,HT/FT 1/2,HTFT,32.1,0.033823529411764704,8.57,1 in 29
league_it,NAP - TOR,HT/FT X/X,HTFT,6.83,0.15894039735099338,8.56,1 in 6
league_it,PAR - INT,HT CS 3-0,HTCS,295.0,0.003679175864606328,8.54,1 in 271
league_it,GEN - UDI,HT CS 1-2,HTCS,24.2,0.04485294117647059,8.54,1 in 22
league_it,LEC - SAS,CS 1-4,CS,98.4,0.011029411764705883,8.53,1 in 90
league_it,LAZ - TOR,CS 4-1,CS,32.8,0.03308823529411765,8.53,1 in 30
league_it,CRE - JUV,CS 3-1,CS,164.0,0.006617647058823529,8.53,1 in 151
league_it,VER - INT,CS 3-1,CS,164.0,0.006617647058823529,8.53,1 in 151
league_it,CRE - CAG,CS 0-5,CS,369.0,0.0029411764705882353,8.53,1 in 340
league_it,CAG - ROM,HT/FT 2/1,HTFT,34.3,0.03164091243561442,8.53,1 in 31
league_it,MIL - COM,CS 0-4,CS,492.0,0.0022058823529411764,8.53,1 in 453
league_it,MIL - INT,CS 0-3,CS,34.3,0.03164091243561442,8.53,1 in 31
league_it,LAZ - MIL,CS 0-4,CS,98.3,0.011037527593818985,8.5,1 in 90
league_it,CRE - PAR,CS 1-3,CS,21.7,0.05,8.5,1 in 20
league_it,CAG - INT,CS 2-2,CS,15.2,0.07137601177336277,8.49,1 in 14
league_it,LAZ - INT,CS 2-4,CS,77.6,0.013980868285504048,8.49,1 in 71
league_it,SAS - LEC,CS 0-2,CS,19.4,0.05592347314201619,8.49,1 in 17
league_it,VER - UDI,CS 3-0,CS,38.8,0.027961736571008096,8.49,1 in 35
league_it,VER - ATA,HT/FT 1/2,HTFT,37.8,0.02869757174392936,8.48,1 in 34
league_it,VER - COM,CS 3-3,CS,64.1,0.01692420897718911,8.48,1 in 59
league_it,VER - CAG,HT CS 2-0,HTCS,11.7,0.09271523178807947,8.48,1 in 10
league_it,ATA - BOL,CS 2-1,CS,8.73,0.12426470588235294,8.48,1 in 8
league_it,PIS - CAG,HT CS 2-1,HTCS,22.0,0.049300956585724795,8.46,1 in 20
league_it,ROM - SAS,CS 0-2,CS,49.2,0.02204261572373255,8.45,1 in 45
league_it,ROM - INT,CS 4-0,CS,123.0,0.00881704628949302,8.45,1 in 113
league_it,FIO - PAR,CS 1-5,CS,492.0,0.002204261572373255,8.45,1 in 453
league_it,GEN - PIS,HT/FT 2/X,HTFT,27.8,0.03899926416482708,8.42,1 in 25
league_it,CAG - LAZ,CS 1-3,CS,16.2,0.06691176470588235,8.4,1 in 14
league_it,LAZ - CRE,HT CS 0-1,HTCS,12.6,0.08602941176470588,8.4,1 in 11
league_it,SAS - TOR,HT/FT X/X,HTFT,5.24,0.20676968359087564,8.35,1 in 4
league_it,JUV - GEN,HT CS 2-1,HTCS,10.6,0.10220588235294117,8.34,1 in 9
league_it,MIL - JUV,CS 3-3,CS,70.1,0.01545253863134658,8.32,1 in 64
league_it,ROM - COM,Away Win,1X2,6.4,0.1692420897718911,8.31,1 in 5
league_it,JUV - FIO,CS 3-2,CS,26.3,0.041176470588235294,8.29,1 in 24
league_it,UDI - PIS,HT/FT X/X,HTFT,5.73,0.1889705882352941,8.28,1 in 5
league_it,PIS - TOR,CS 5-1,CS,368.0,0.0029411764705882353,8.24,1 in 340
league_it,BOL - INT,CS 3-0,CS,73.6,0.014705882352941176,8.24,1 in 68
league_it,ROM - GEN,CS 6-0,CS,184.0,0.0058823529411764705,8.24,1 in 170
league_it,UDI - LAZ,CS 3-3,CS,66.9,0.016176470588235296,8.22,1 in 61
league_it,SAS - LEC,CS 4-2,CS,77.4,0.013980868285504048,8.21,1 in 71
league_it,FIO - COM,HT CS 1-2,HTCS,21.0,0.051508462104488596,8.17,1 in 19
league_it,LAZ - COM,HT/FT 1/X,HTFT,14.0,0.0772626931567329,8.17,1 in 12
league_it,CRE - TOR,CS 5-0,CS,490.0,0.002207505518763797,8.17,1 in 453
league_it,MIL - JUV,CS 2-3,CS,35.0,0.03090507726269316,8.17,1 in 32
league_it,BOL - PAR,CS 6-0,CS,735.0,0.0014716703458425313,8.17,1 in 679
league_it,ROM - PAR,HT CS 0-3,HTCS,490.0,0.002207505518763797,8.17,1 in 453
league_it,CRE - LEC,HT/FT 2/1,HTFT,33.4,0.03237674760853569,8.14,1 in 30
league_it,INT - GEN,Exact 0,ExactGoals,17.3,0.0625,8.13,1 in 16
league_it,INT - GEN,CS 0-0,CS,17.3,0.0625,8.13,1 in 16
league_it,TOR - COM,HT CS 2-1,HTCS,15.8,0.0684326710816777,8.12,1 in 14
league_it,PAR - INT,HT/FT X/1,HTFT,13.0,0.08314937454010302,8.09,1 in 12
league_it,COM - ROM,CS 4-2,CS,147.0,0.007352941176470588,8.09,1 in 136
league_it,MIL - ROM,HT CS 3-0,HTCS,39.7,0.027225901398086828,8.09,1 in 36
league_it,CRE - CAG,CS 4-0,CS,105.0,0.010294117647058823,8.09,1 in 97
league_it,SAS - CRE,CS 3-3,CS,73.5,0.014705882352941176,8.09,1 in 68
league_it,COM - CRE,CS 0-5,CS,1470.0,0.0007352941176470588,8.09,1 in 1360
league_it,LEC - TOR,CS 6-0,CS,1470.0,0.0007352941176470588,8.09,1 in 1360
league_it,LAZ - ROM,HT/FT 2/1,HTFT,29.4,0.03676470588235294,8.09,1 in 27
league_it,FIO - COM,HT/FT X/1,HTFT,7.65,0.141280353200883,8.08,1 in 7
league_it,NAP - VER,HT/FT 2/X,HTFT,86.4,0.012509197939661517,8.08,1 in 79
league_it,COM - TOR,HT/FT 1/2,HTFT,30.6,0.03532008830022075,8.08,1 in 28
league_it,CRE - UDI,HT/FT X/1,HTFT,8.85,0.12205882352941176,8.02,1 in 8
league_it,BOL - VER,CS 6-0,CS,367.0,0.0029433406916850625,8.02,1 in 339
league_it,INT - LAZ,CS 0-3,CS,73.4,0.014716703458425313,8.02,1 in 67
league_it,UDI - JUV,HT CS 0-2,HTCS,7.16,0.15084621044885946,8.01,1 in 6
league_it,BOL - LEC,CS 1-3,CS,39.7,0.027205882352941177,8.01,1 in 36
league_it,LAZ - PIS,CS 2-1,CS,8.54,0.1264705882352941,8.01,1 in 7
league_it,CAG - VER,CS 0-3,CS,54.4,0.019852941176470587,8.0,1 in 50
league_it,JUV - GEN,HT/FT X/2,HTFT,15.3,0.07058823529411765,8.0,1 in 14
league_it,PAR - JUV,HT/FT 1/X,HTFT,27.2,0.039705882352941174,8.0,1 in 25
league_it,VER - TOR,HT/FT 1/2,HTFT,31.9,0.03384841795437822,7.98,1 in 29
league_it,FIO - PAR,HT CS 0-2,HTCS,23.7,0.045554739162380606,7.96,1 in 21
league_it,FIO - LAZ,HT/FT 2/X,HTFT,16.3,0.06622516556291391,7.95,1 in 15
league_it,MIL - LAZ,HT CS 0-3,HTCS,163.0,0.006622516556291391,7.95,1 in 151
league_it,FIO - PIS,CS 5-1,CS,77.2,0.013980868285504048,7.93,1 in 71
league_it,BOL - ATA,CS 1-4,CS,50.6,0.021323529411764706,7.9,1 in 46
league_it,ATA - FIO,CS 4-0,CS,37.6,0.02869757174392936,7.9,1 in 34
league_it,MIL - PIS,HT/FT 2/1,HTFT,58.7,0.01838235294117647,7.9,1 in 54
league_it,ATA - LAZ,HT/FT 1/X,HTFT,15.6,0.06916850625459897,7.9,1 in 14
league_it,COM - FIO,HT CS 2-1,HTCS,15.6,0.06916850625459897,7.9,1 in 14
league_it,SAS - BOL,HT/FT 1/2,HTFT,34.1,0.03164091243561442,7.9,1 in 31
league_it,ATA - FIO,HT CS 0-1,HTCS,8.94,0.12067696835908756,7.89,1 in 8
league_it,PAR - GEN,HT/FT 2/X,HTFT,18.1,0.059602649006622516,7.88,1 in 16
league_it,LEC - TOR,Exact 5,ExactGoals,11.2,0.09632352941176471,7.88,1 in 10
league_it,SAS - NAP,HT/FT 2/1,HTFT,52.4,0.020588235294117647,7.88,1 in 48
league_it,INT - COM,HT CS 0-2,HTCS,48.9,0.022058823529411766,7.87,1 in 45
league_it,TOR - JUV,HT CS 2-0,HTCS,34.9,0.03090507726269316,7.86,1 in 32
league_it,JUV - CAG,Exact 5,ExactGoals,8.2,0.13152094048493754,7.85,1 in 7
league_it,PAR - COM,HT/FT X/X,HTFT,5.04,0.2139705882352941,7.84,1 in 4
league_it,CAG - MIL,CS 3-1,CS,43.1,0.025018395879323033,7.83,1 in 39
league_it,TOR - NAP,CS 2-0,CS,31.2,0.03455882352941177,7.82,1 in 28
league_it,INT - COM,HT/FT 1/2,HTFT,37.6,0.028676470588235293,7.82,1 in 34
league_it,MIL - PIS,Exact 6,ExactGoals,14.1,0.07647058823529412,7.82,1 in 13
league_it,COM - UDI,CS 4-1,CS,61.1,0.01764705882352941,7.82,1 in 56
league_it,PAR - INT,HT CS 2-1,HTCS,29.9,0.036055923473142015,7.81,1 in 27
league_it,MIL - TOR,HT/FT X/2,HTFT,14.8,0.0728476821192053,7.81,1 in 13
league_it,INT - FIO,CS 5-0,CS,81.4,0.013245033112582781,7.81,1 in 75
league_it,ATA - LAZ,HT/FT 1/2,HTFT,29.3,0.03679175864606328,7.8,1 in 27
league_it,VER - CAG,CS 4-1,CS,58.6,0.01839587932303164,7.8,1 in 54
league_it,NAP - GEN,CS 2-4,CS,293.0,0.003679175864606328,7.8,1 in 271
league_it,MIL - BOL,HT CS 1-2,HTCS,39.6,0.027205882352941177,7.74,1 in 36
league_it,UDI - CRE,HT CS 2-1,HTCS,12.1,0.08903605592347315,7.73,1 in 11
league_it,UDI - BOL,CS 0-5,CS,366.0,0.0029433406916850625,7.73,1 in 339
league_it,BOL - COM,CS 5-1,CS,244.0,0.004415011037527594,7.73,1 in 226
league_it,JUV - ATA,CS 0-4,CS,244.0,0.004415011037527594,7.73,1 in 226
league_it,ROM - PAR,HT/FT 2/X,HTFT,35.7,0.03016924208977189,7.7,1 in 33
league_it,COM - CAG,CS 0-1,CS,11.8,0.09124356144223694,7.67,1 in 10
league_it,CAG - CRE,CS 2-4,CS,183.0,0.0058823529411764705,7.65,1 in 170
league_it,ATA - BOL,CS 5-1,CS,97.6,0.011029411764705883,7.65,1 in 90
league_it,CAG - COM,CS 4-1,CS,91.5,0.011764705882352941,7.65,1 in 85
league_it,JUV - PIS,HT/FT X/1,HTFT,7.74,0.1390728476821192,7.64,1 in 7
league_it,ROM - FIO,HT CS 2-1,HTCS,9.95,0.10816777041942605,7.63,1 in 9
league_it,SAS - PAR,CS 2-0,CS,12.5,0.08609271523178808,7.62,1 in 11
league_it,CRE - VER,HT CS 1-2,HTCS,19.5,0.05518763796909492,7.62,1 in 18
league_it,INT - CRE,CS 2-2,CS,34.0,0.03164091243561442,7.58,1 in 31
league_it,ROM - JUV,CS 3-3,CS,86.0,0.012509197939661517,7.58,1 in 79
league_it,SAS - VER,CS 0-2,CS,19.0,0.05661764705882353,7.57,1 in 17
league_it,INT - NAP,HT/FT 2/1,HTFT,31.1,0.034584253127299486,7.56,1 in 28
league_it,MIL - ROM,HT/FT X/2,HTFT,9.37,0.11479028697571744,7.56,1 in 8
league_it,CRE - CAG,Exact 0,ExactGoals,10.6,0.10147058823529412,7.56,1 in 9
league_it,CRE - CAG,CS 0-0,CS,10.6,0.10147058823529412,7.56,1 in 9
league_it,PIS - ATA,CS 2-4,CS,60.9,0.017660044150110375,7.55,1 in 56
league_it,TOR - LEC,CS 0-2,CS,23.2,0.046357615894039736,7.55,1 in 21
league_it,PIS - TOR,Exact 0,ExactGoals,12.5,0.08602941176470588,7.54,1 in 11
league_it,PIS - TOR,CS 0-0,CS,12.5,0.08602941176470588,7.54,1 in 11
league_it,PIS - LAZ,CS 0-2,CS,9.14,0.11764705882352941,7.53,1 in 8
league_it,TOR - PAR,CS 4-1,CS,56.2,0.01913171449595291,7.52,1 in 52
league_it,CAG - ROM,CS 3-2,CS,48.7,0.02207505518763797,7.51,1 in 45
league_it,SAS - TOR,CS 1-4,CS,76.9,0.013980868285504048,7.51,1 in 71
league_it,ATA - TOR,HT/FT 2/1,HTFT,43.0,0.025,7.5,1 in 40
league_it,LEC - UDI,HT/FT 1/X,HTFT,17.0,0.06323529411764706,7.5,1 in 15
league_it,PAR - LEC,CS 4-2,CS,81.2,0.013235294117647059,7.47,1 in 75
league_it,GEN - INT,HT/FT X/1,HTFT,12.7,0.08462104488594555,7.47,1 in 11
league_it,COM - ATA,HT/FT 2/1,HTFT,29.8,0.036055923473142015,7.45,1 in 27
league_it,LAZ - JUV,CS 0-4,CS,85.9,0.012509197939661517,7.45,1 in 79
league_it,NAP - COM,CS 4-2,CS,56.2,0.01911764705882353,7.44,1 in 52
league_it,LAZ - VER,Exact 1,ExactGoals,5.94,0.18088235294117647,7.44,1 in 5
league_it,INT - NAP,CS 5-0,CS,292.0,0.003679175864606328,7.43,1 in 271
league_it,PAR - PIS,CS 4-2,CS,76.9,0.013970588235294118,7.43,1 in 71
league_it,PAR - SAS,CS 0-3,CS,48.7,0.022058823529411766,7.43,1 in 45
league_it,CAG - JUV,CS 5-0,CS,1460.0,0.0007358351729212656,7.43,1 in 1359
league_it,CRE - LEC,CS 0-6,CS,1460.0,0.0007358351729212656,7.43,1 in 1359
league_it,JUV - INT,Over 3.5,OU,3.68,0.29191176470588237,7.42,1 in 3
league_it,GEN - INT,CS 1-5,CS,81.1,0.013245033112582781,7.42,1 in 75
league_it,PIS - ROM,CS 3-3,CS,69.5,0.01545253863134658,7.4,1 in 64
league_it,JUV - PAR,HT/FT 2/X,HTFT,38.4,0.027961736571008096,7.37,1 in 35
league_it,SAS - COM,HT CS 3-0,HTCS,76.8,0.013980868285504048,7.37,1 in 71
league_it,UDI - INT,CS 2-0,CS,30.4,0.03532008830022075,7.37,1 in 28
league_it,CAG - ROM,HT CS 1-2,HTCS,11.4,0.094186902133922,7.37,1 in 10
league_it,INT - BOL,Exact 0,ExactGoals,15.2,0.0706401766004415,7.37,1 in 14
league_it,INT - BOL,CS 0-0,CS,15.2,0.0706401766004415,7.37,1 in 14
league_it,JUV - UDI,HT/FT X/2,HTFT,15.2,0.0706401766004415,7.37,1 in 14
league_it,PIS - GEN,CS 2-2,CS,14.9,0.07205882352941176,7.37,1 in 13
league_it,LEC - TOR,Over 4.5,OU,7.85,0.13676470588235295,7.36,1 in 7
league_it,FIO - LEC,CS 0-5,CS,1460.0,0.0007352941176470588,7.35,1 in 1360
league_it,FIO - LEC,CS 3-1,CS,14.6,0.07352941176470588,7.35,1 in 13
league_it,BOL - SAS,CS 3-0,CS,20.0,0.05367647058823529,7.35,1 in 18
league_it,LAZ - GEN,CS 3-0,CS,14.3,0.07505518763796909,7.33,1 in 13
league_it,JUV - VER,CS 6-0,CS,97.3,0.011029411764705883,7.32,1 in 90
league_it,FIO - JUV,CS 2-3,CS,31.7,0.03384841795437822,7.3,1 in 29
league_it,SAS - INT,Exact 0,ExactGoals,24.3,0.04415011037527594,7.28,1 in 22
league_it,SAS - INT,CS 0-0,CS,24.3,0.04415011037527594,7.28,1 in 22
league_it,COM - INT,CS 4-1,CS,162.0,0.006622516556291391,7.28,1 in 151
league_it,CRE - MIL,Under 1.5,OU,5.93,0.18088235294117647,7.26,1 in 5
league_it,CAG - INT,HT/FT 2/X,HTFT,12.9,0.08314937454010302,7.26,1 in 12
league_it,INT - TOR,CS 4-1,CS,26.5,0.04047093451066961,7.25,1 in 24
league_it,VER - ROM,HT CS 1-0,HTCS,9.66,0.11102941176470588,7.25,1 in 9
league_it,MIL - FIO,HT CS 1-2,HTCS,31.0,0.034584253127299486,7.21,1 in 28
league_it,PIS - CRE,CS 0-1,CS,10.8,0.09926470588235294,7.21,1 in 10
league_it,BOL - CAG,CS 4-1,CS,47.0,0.022810890360559236,7.21,1 in 43
league_it,PIS - SAS,HT CS 2-1,HTCS,18.0,0.05955882352941176,7.21,1 in 16
league_it,TOR - ROM,CS 0-1,CS,8.33,0.12867647058823528,7.19,1 in 7
league_it,LEC - BOL,CS 0-1,CS,8.99,0.11920529801324503,7.17,1 in 8
league_it,JUV - LAZ,CS 5-0,CS,112.0,0.009565857247976454,7.14,1 in 104
league_it,CRE - ROM,CS 3-2,CS,56.0,0.01913171449595291,7.14,1 in 52
league_it,COM - TOR,CS 2-3,CS,36.4,0.029433406916850625,7.14,1 in 33
league_it,LAZ - INT,Exact 6,ExactGoals,22.4,0.047829286239882265,7.14,1 in 20
league_it,VER - NAP,Exact 0,ExactGoals,36.4,0.029433406916850625,7.14,1 in 33
league_it,VER - NAP,CS 0-0,CS,36.4,0.029433406916850625,7.14,1 in 33
league_it,FIO - CAG,CS 5-0,CS,112.0,0.009565857247976454,7.14,1 in 104
league_it,PAR - CRE,HT CS 3-0,HTCS,26.0,0.041206769683590876,7.14,1 in 24
league_it,FIO - JUV,CS 4-2,CS,182.0,0.005886681383370125,7.14,1 in 169
league_it,PAR - VER,Exact 6,ExactGoals,22.4,0.047829286239882265,7.14,1 in 20
league_it,SAS - LEC,HT CS 0-2,HTCS,21.1,0.05077262693156733,7.13,1 in 19
league_it,LEC - MIL,HT/FT 2/1,HTFT,35.5,0.03016924208977189,7.1,1 in 33
league_it,INT - LAZ,CS 4-0,CS,35.5,0.03016924208977189,7.1,1 in 33
league_it,TOR - LEC,HT/FT 2/2,HTFT,7.66,0.13980868285504047,7.09,1 in 7
league_it,CAG - INT,Draw,1X2,3.86,0.27740986019131714,7.08,1 in 3
league_it,FIO - UDI,CS 4-1,CS,58.2,0.01839587932303164,7.06,1 in 54
league_it,ATA - LAZ,HT CS 0-2,HTCS,15.0,0.07137601177336277,7.06,1 in 14
league_it,PAR - JUV,CS 4-2,CS,182.0,0.0058823529411764705,7.06,1 in 170
league_it,COM - CRE,HT CS 1-2,HTCS,36.4,0.029411764705882353,7.06,1 in 34
league_it,ROM - JUV,CS 1-5,CS,291.0,0.003679175864606328,7.06,1 in 271
league_it,LAZ - UDI,Over 4.5,OU,6.83,0.15673289183222958,7.05,1 in 6
league_it,NAP - PIS,HT CS 0-1,HTCS,60.6,0.017660044150110375,7.02,1 in 56
league_it,INT - ATA,CS 1-3,CS,40.4,0.026490066225165563,7.02,1 in 37
league_it,INT - UDI,HT/FT 2/1,HTFT,44.1,0.02426470588235294,7.01,1 in 41
league_it,LAZ - COM,CS 0-3,CS,66.1,0.016188373804267846,7.01,1 in 61
league_it,GEN - LEC,CS 3-1,CS,18.9,0.05661764705882353,7.01,1 in 17
league_it,SAS - NAP,HT CS 1-0,HTCS,23.1,0.04632352941176471,7.01,1 in 21
league_it,FIO - VER,HT/FT 1/2,HTFT,39.3,0.027225901398086828,7.0,1 in 36
league_it,GEN - MIL,HT/FT X/2,HTFT,7.24,0.14779411764705883,7.0,1 in 6
league_it,CAG - BOL,HT/FT 2/2,HTFT,4.42,0.2420897718910964,7.0,1 in 4
league_it,GEN - NAP,CS 1-5,CS,72.7,0.014716703458425313,6.99,1 in 67
league_it,BOL - GEN,HT/FT 1/X,HTFT,15.0,0.0713235294117647,6.99,1 in 14
league_it,LAZ - VER,CS 1-4,CS,291.0,0.003676470588235294,6.99,1 in 272
league_it,VER - ROM,CS 0-6,CS,291.0,0.003676470588235294,6.99,1 in 272
league_it,UDI - CAG,HT/FT 2/X,HTFT,21.7,0.049300956585724795,6.98,1 in 20
league_it,MIL - SAS,CS 0-2,CS,46.9,0.022810890360559236,6.98,1 in 43
league_it,VER - NAP,HT/FT X/X,HTFT,15.8,0.06769683590875644,6.96,1 in 14
league_it,COM - PAR,HT CS 1-2,HTCS,32.3,0.033112582781456956,6.95,1 in 30
league_it,PIS - FIO,CS 3-1,CS,33.8,0.03164091243561442,6.95,1 in 31
league_it,COM - ATA,HT/FT 2/X,HTFT,15.3,0.06990434142752024,6.95,1 in 14
league_it,VER - PAR,CS 3-3,CS,76.5,0.013980868285504048,6.95,1 in 71
league_it,TOR - INT,Exact 6,ExactGoals,20.2,0.052941176470588235,6.94,1 in 18
league_it,INT - COM,Exact 0,ExactGoals,14.4,0.07426470588235294,6.94,1 in 13
league_it,INT - COM,CS 0-0,CS,14.4,0.07426470588235294,6.94,1 in 13
league_it,PIS - GEN,CS 3-3,CS,80.8,0.013235294117647059,6.94,1 in 75
league_it,FIO - PIS,HT CS 3-0,HTCS,16.7,0.0640176600441501,6.91,1 in 15
league_it,CRE - ROM,CS 0-1,CS,8.07,0.13245033112582782,6.89,1 in 7
league_it,ROM - VER,HT/FT X/2,HTFT,19.9,0.05371596762325239,6.89,1 in 18
league_it,ROM - PIS,HT CS 1-2,HTCS,58.1,0.01839587932303164,6.88,1 in 54
league_it,LEC - TOR,HT CS 3-0,HTCS,76.5,0.013970588235294118,6.88,1 in 71
league_it,GEN - ATA,HT/FT 2/1,HTFT,31.6,0.033823529411764704,6.88,1 in 29
league_it,VER - INT,HT/FT 2/X,HTFT,17.3,0.061764705882352944,6.85,1 in 16
league_it,BOL - PIS,HT/FT X/2,HTFT,12.0,0.08903605592347315,6.84,1 in 11
league_it,ROM - BOL,CS 6-0,CS,242.0,0.004415011037527594,6.84,1 in 226
league_it,PAR - GEN,CS 5-1,CS,242.0,0.004415011037527594,6.84,1 in 226
league_it,BOL - JUV,CS 0-6,CS,363.0,0.0029433406916850625,6.84,1 in 339
league_it,LEC - NAP,CS 4-1,CS,726.0,0.0014716703458425313,6.84,1 in 679
league_it,TOR - CAG,CS 6-0,CS,726.0,0.0014716703458425313,6.84,1 in 679
league_it,SAS - INT,CS 4-1,CS,726.0,0.0014716703458425313,6.84,1 in 679
league_it,BOL - ROM,HT CS 3-0,HTCS,121.0,0.008830022075055188,6.84,1 in 113
league_it,CRE - VER,HT/FT 1/2,HTFT,33.0,0.03237674760853569,6.84,1 in 30
league_it,COM - GEN,CS 4-0,CS,76.4,0.013980868285504048,6.81,1 in 71
league_it,NAP - JUV,Over 4.5,OU,6.95,0.1536764705882353,6.81,1 in 6
league_it,PIS - INT,HT/FT X/2,HTFT,11.8,0.09050772626931568,6.8,1 in 11
league_it,CRE - LAZ,HT/FT 2/1,HTFT,35.4,0.03016924208977189,6.8,1 in 33
league_it,PIS - ROM,HT/FT X/2,HTFT,7.15,0.14937454010301693,6.8,1 in 6
league_it,BOL - ATA,HT/FT 1/1,HTFT,4.64,0.2301470588235294,6.79,1 in 4
league_it,ROM - CAG,CS 0-1,CS,22.0,0.04852941176470588,6.76,1 in 20
league_it,ROM - CAG,CS 1-4,CS,242.0,0.004411764705882353,6.76,1 in 226
league_it,SAS - JUV,CS 2-3,CS,26.4,0.04044117647058824,6.76,1 in 24
league_it,LAZ - FIO,Exact 0,ExactGoals,13.2,0.08088235294117647,6.76,1 in 12
league_it,LAZ - FIO,CS 0-0,CS,13.2,0.08088235294117647,6.76,1 in 12
league_it,COM - LEC,HT/FT X/2,HTFT,9.87,0.10816777041942605,6.76,1 in 9
league_it,LEC - VER,Exact 6,ExactGoals,42.7,0.025,6.75,1 in 40
league_it,SAS - ROM,HT/FT 1/2,HTFT,37.2,0.02869757174392936,6.75,1 in 34
league_it,COM - MIL,HT/FT 1/X,HTFT,23.4,0.04562178072111847,6.75,1 in 21
league_it,MIL - INT,CS 3-0,CS,27.9,0.03826342899190582,6.75,1 in 26
league_it,MIL - VER,HT/FT 1/2,HTFT,51.8,0.020603384841795438,6.73,1 in 48
league_it,SAS - COM,HT/FT 1/1,HTFT,4.74,0.2251655629139073,6.73,1 in 4
league_it,MIL - INT,CS 2-4,CS,96.7,0.011037527593818985,6.73,1 in 90
league_it,ROM - ATA,CS 6-0,CS,725.0,0.0014716703458425313,6.7,1 in 679
league_it,LAZ - JUV,CS 4-1,CS,72.5,0.014716703458425313,6.7,1 in 67
league_it,CRE - VER,CS 0-6,CS,1450.0,0.0007358351729212656,6.7,1 in 1359
league_it,LEC - VER,HT/FT 2/1,HTFT,37.2,0.028676470588235293,6.68,1 in 34
league_it,JUV - GEN,CS 5-0,CS,55.8,0.01911764705882353,6.68,1 in 52
league_it,COM - FIO,CS 4-1,CS,65.9,0.016188373804267846,6.68,1 in 61
league_it,TOR - BOL,HT/FT X/1,HTFT,8.06,0.1323529411764706,6.68,1 in 7
league_it,FIO - GEN,CS 3-0,CS,27.9,0.03823529411764706,6.68,1 in 26
league_it,CAG - SAS,HT/FT 2/1,HTFT,37.2,0.028676470588235293,6.68,1 in 34
league_it,CAG - BOL,CS 1-2,CS,10.9,0.09786607799852833,6.67,1 in 10
league_it,CAG - ATA,HT/FT 1/X,HTFT,22.3,0.047829286239882265,6.66,1 in 20
league_it,INT - GEN,HT/FT 1/2,HTFT,39.2,0.027205882352941177,6.65,1 in 36
league_it,ROM - BOL,CS 1-4,CS,161.0,0.006622516556291391,6.62,1 in 151
league_it,SAS - VER,CS 0-4,CS,145.0,0.007352941176470588,6.62,1 in 136
league_it,LAZ - ATA,HT/FT 1/2,HTFT,29.0,0.03676470588235294,6.62,1 in 27
league_it,ATA - ROM,CS 2-3,CS,32.2,0.033112582781456956,6.62,1 in 30
league_it,VER - MIL,CS 1-4,CS,29.0,0.03676470588235294,6.62,1 in 27
league_it,LAZ - TOR,HT CS 1-2,HTCS,30.2,0.03529411764705882,6.59,1 in 28
league_it,SAS - COM,HT CS 2-1,HTCS,20.4,0.05224429727740986,6.58,1 in 19
league_it,LAZ - UDI,Exact 0,ExactGoals,14.2,0.07505518763796909,6.58,1 in 13
league_it,LAZ - UDI,CS 0-0,CS,14.2,0.07505518763796909,6.58,1 in 13
league_it,VER - BOL,HT/FT 1/2,HTFT,33.7,0.03161764705882353,6.55,1 in 31
league_it,MIL - PAR,CS 6-0,CS,161.0,0.006617647058823529,6.54,1 in 151
league_it,CRE - ROM,HT CS 0-1,HTCS,3.82,0.2788815305371597,6.53,1 in 3
league_it,LEC - ATA,Exact 0,ExactGoals,12.7,0.08388520971302428,6.53,1 in 11
league_it,LEC - ATA,CS 0-0,CS,12.7,0.08388520971302428,6.53,1 in 11
league_it,TOR - ATA,CS 2-1,CS,12.7,0.08388520971302428,6.53,1 in 11
league_it,NAP - PIS,HT/FT X/X,HTFT,32.9,0.03237674760853569,6.52,1 in 30
league_it,INT - MIL,CS 4-2,CS,96.5,0.011037527593818985,6.51,1 in 90
league_it,CRE - PAR,CS 0-3,CS,28.4,0.0375,6.5,1 in 26
league_it,VER - SAS,HT CS 3-0,HTCS,60.3,0.017660044150110375,6.49,1 in 56
league_it,BOL - FIO,HT/FT X/X,HTFT,5.72,0.1861662987490802,6.49,1 in 5
league_it,LEC - GEN,CS 1-0,CS,8.57,0.12426470588235294,6.49,1 in 8
league_it,INT - UDI,HT/FT 2/X,HTFT,36.2,0.029411764705882353,6.47,1 in 34
league_it,PAR - BOL,CS 5-0,CS,362.0,0.0029411764705882353,6.47,1 in 340
league_it,JUV - UDI,Exact 5,ExactGoals,8.51,0.12509197939661515,6.45,1 in 7
league_it,GEN - ATA,CS 2-3,CS,30.8,0.03455882352941177,6.44,1 in 28
league_it,UDI - FIO,CS 2-3,CS,35.3,0.030147058823529412,6.42,1 in 33
league_it,VER - PIS,CS 1-4,CS,96.4,0.011037527593818985,6.4,1 in 90
league_it,MIL - CRE,CS 0-3,CS,241.0,0.004415011037527594,6.4,1 in 226
league_it,VER - ROM,Exact 4,ExactGoals,5.32,0.2,6.4,1 in 5
league_it,PAR - ROM,CS 2-0,CS,27.3,0.03897058823529412,6.39,1 in 25
league_it,FIO - LEC,HT CS 0-1,HTCS,9.71,0.10955882352941176,6.38,1 in 9
league_it,GEN - SAS,CS 0-2,CS,18.3,0.058130978660779986,6.38,1 in 17
league_it,COM - GEN,HT CS 1-1,HTCS,5.9,0.18027961736571008,6.36,1 in 5
league_it,LEC - FIO,CS 2-2,CS,14.6,0.0728476821192053,6.36,1 in 13
league_it,LEC - COM,Over 4.5,OU,8.12,0.1309786607799853,6.35,1 in 7
league_it,VER - MIL,CS 0-6,CS,241.0,0.004411764705882353,6.32,1 in 226
league_it,LEC - CRE,HT/FT 2/1,HTFT,34.4,0.03090507726269316,6.31,1 in 32
league_it,ATA - LAZ,CS 0-3,CS,34.4,0.03090507726269316,6.31,1 in 32
league_it,COM - FIO,HT/FT 2/X,HTFT,16.8,0.06328182487122884,6.31,1 in 15
league_it,CRE - FIO,Exact 5,ExactGoals,11.2,0.09492273730684327,6.31,1 in 10
league_it,PAR - CAG,HT CS 2-1,HTCS,17.2,0.06181015452538632,6.31,1 in 16
league_it,LAZ - FIO,HT CS 3-0,HTCS,23.7,0.04485294117647059,6.3,1 in 22
league_it,UDI - ATA,Exact 6,ExactGoals,24.5,0.04338235294117647,6.29,1 in 23
league_it,CRE - INT,HT CS 1-1,HTCS,14.3,0.07431935246504782,6.28,1 in 13
league_it,COM - JUV,HT/FT 1/1,HTFT,8.76,0.1213235294117647,6.28,1 in 8
league_it,FIO - CAG,CS 3-1,CS,15.7,0.06769683590875644,6.28,1 in 14
league_it,MIL - TOR,HT/FT 2/2,HTFT,15.7,0.06769683590875644,6.28,1 in 14
league_it,ROM - UDI,CS 3-2,CS,24.9,0.042678440029433405,6.27,1 in 23
league_it,NAP - GEN,Exact 0,ExactGoals,17.4,0.061074319352465045,6.27,1 in 16
league_it,NAP - GEN,CS 0-0,CS,17.4,0.061074319352465045,6.27,1 in 16
league_it,FIO - COM,CS 0-3,CS,38.0,0.027961736571008096,6.25,1 in 35
league_it,JUV - MIL,CS 2-1,CS,9.89,0.10743193524650478,6.25,1 in 9
league_it,COM - PAR,HT CS 3-0,HTCS,76.0,0.013980868285504048,6.25,1 in 71
league_it,CAG - GEN,HT/FT 2/1,HTFT,38.0,0.027961736571008096,6.25,1 in 35
league_it,BOL - JUV,HT/FT 1/1,HTFT,7.68,0.13833701250919794,6.24,1 in 7
league_it,JUV - TOR,Away Win,1X2,5.97,0.17794117647058824,6.23,1 in 5
league_it,TOR - INT,CS 1-4,CS,31.4,0.033823529411764704,6.21,1 in 29
league_it,CRE - COM,CS 2-3,CS,32.1,0.03308823529411765,6.21,1 in 30
league_it,GEN - LAZ,CS 3-1,CS,31.4,0.033823529411764704,6.21,1 in 29
league_it,PIS - LAZ,Exact 5,ExactGoals,10.7,0.09926470588235294,6.21,1 in 10
league_it,FIO - ATA,HT CS 1-0,HTCS,5.53,0.19205298013245034,6.21,1 in 5
league_it,UDI - LAZ,HT/FT 2/X,HTFT,14.3,0.07426470588235294,6.2,1 in 13
league_it,INT - TOR,CS 3-3,CS,84.9,0.012509197939661517,6.2,1 in 79
league_it,BOL - JUV,HT CS 2-1,HTCS,22.2,0.047829286239882265,6.18,1 in 20
league_it,MIL - JUV,CS 0-4,CS,111.0,0.009565857247976454,6.18,1 in 104
league_it,PIS - LEC,CS 4-0,CS,96.2,0.011037527593818985,6.18,1 in 90
league_it,UDI - ROM,CS 3-1,CS,39.0,0.027225901398086828,6.18,1 in 36
league_it,LEC - NAP,CS 0-3,CS,8.34,0.12729948491537896,6.17,1 in 7
league_it,VER - FIO,Over 4.5,OU,7.68,0.13823529411764707,6.16,1 in 7
league_it,INT - PIS,HT/FT X/1,HTFT,16.4,0.06470588235294118,6.12,1 in 15
league_it,ROM - MIL,CS 4-2,CS,90.2,0.011764705882352941,6.12,1 in 85
league_it,FIO - COM,CS 4-2,CS,103.0,0.010301692420897719,6.11,1 in 97
league_it,VER - ATA,Exact 0,ExactGoals,14.0,0.07579102281089035,6.11,1 in 13
league_it,VER - ATA,CS 0-0,CS,14.0,0.07579102281089035,6.11,1 in 13
league_it,VER - PAR,CS 0-4,CS,103.0,0.010301692420897719,6.11,1 in 97
league_it,ATA - LEC,CS 5-0,CS,51.5,0.020603384841795438,6.11,1 in 48
league_it,JUV - SAS,HT/FT X/1,HTFT,7.63,0.1390728476821192,6.11,1 in 7
league_it,TOR - COM,CS 2-1,CS,10.3,0.10301692420897719,6.11,1 in 9
league_it,ROM - PAR,CS 2-3,CS,62.7,0.01692420897718911,6.11,1 in 59
league_it,JUV - TOR,CS 1-2,CS,19.5,0.054411764705882354,6.1,1 in 18
league_it,COM - PIS,CS 4-0,CS,37.0,0.028676470588235293,6.1,1 in 34
league_it,PIS - BOL,CS 4-1,CS,111.0,0.009558823529411765,6.1,1 in 104
league_it,ATA - PIS,HT/FT 1/2,HTFT,39.0,0.027205882352941177,6.1,1 in 36
league_it,ATA - LEC,HT/FT X/1,HTFT,7.67,0.13833701250919794,6.1,1 in 7
league_it,PIS - GEN,CS 2-4,CS,111.0,0.009558823529411765,6.1,1 in 104
league_it,JUV - ATA,CS 3-0,CS,17.8,0.059602649006622516,6.09,1 in 16
league_it,BOL - ATA,CS 0-4,CS,68.7,0.015441176470588236,6.08,1 in 64
league_it,SAS - PAR,HT CS 2-0,HTCS,13.6,0.07799852832965416,6.08,1 in 12
league_it,ROM - COM,CS 1-2,CS,21.2,0.05003679175864607,6.08,1 in 19
league_it,JUV - UDI,HT/FT 2/1,HTFT,42.4,0.025018395879323033,6.08,1 in 39
league_it,NAP - PAR,CS 4-1,CS,22.9,0.04632352941176471,6.08,1 in 21
league_it,LAZ - UDI,CS 3-2,CS,27.2,0.03899926416482708,6.08,1 in 25
league_it,PIS - MIL,CS 2-2,CS,15.5,0.0684326710816777,6.07,1 in 14
league_it,NAP - CAG,HT/FT 2/1,HTFT,49.7,0.021339220014716703,6.06,1 in 46
league_it,SAS - CRE,CS 3-0,CS,20.6,0.051470588235294115,6.03,1 in 19
league_it,INT - TOR,CS 0-3,CS,131.0,0.008094186902133923,6.03,1 in 123
league_it,BOL - SAS,CS 3-3,CS,80.1,0.013235294117647059,6.01,1 in 75
league_it,ATA - JUV,CS 2-4,CS,90.1,0.011764705882352941,6.0,1 in 85
league_it,PIS - CRE,CS 4-2,CS,90.1,0.011764705882352941,6.0,1 in 85
league_it,LEC - JUV,CS 0-4,CS,29.4,0.036055923473142015,6.0,1 in 27
league_it,NAP - BOL,CS 0-1,CS,21.5,0.049300956585724795,6.0,1 in 20
league_it,VER - SAS,CS 5-1,CS,240.0,0.004415011037527594,5.96,1 in 226
league_it,LEC - PIS,HT/FT 1/2,HTFT,32.0,0.033112582781456956,5.96,1 in 30
league_it,GEN - INT,CS 5-0,CS,1440.0,0.0007358351729212656,5.96,1 in 1359
league_it,CRE - INT,CS 3-3,CS,120.0,0.008830022075055188,5.96,1 in 113
league_it,UDI - BOL,CS 0-6,CS,1440.0,0.0007358351729212656,5.96,1 in 1359
league_it,MIL - SAS,CS 1-4,CS,288.0,0.003679175864606328,5.96,1 in 271
league_it,UDI - NAP,HT/FT 1/X,HTFT,28.8,0.03679175864606328,5.96,1 in 27
league_it,JUV - CRE,HT/FT 2/2,HTFT,28.8,0.03679175864606328,5.96,1 in 27
league_it,JUV - ROM,HT/FT 2/1,HTFT,31.3,0.03384841795437822,5.95,1 in 29
league_it,ROM - CRE,Away Win,1X2,9.48,0.11176470588235295,5.95,1 in 8
league_it,SAS - CAG,HT CS 2-0,HTCS,12.2,0.08682855040470934,5.93,1 in 11
league_it,COM - VER,Exact 6,ExactGoals,23.6,0.044885945548197206,5.93,1 in 22
league_it,SAS - INT,HT/FT X/X,HTFT,11.8,0.08977189109639441,5.93,1 in 11
league_it,SAS - VER,HT/FT 2/1,HTFT,33.5,0.03161764705882353,5.92,1 in 31
league_it,MIL - TOR,CS 4-2,CS,51.4,0.020603384841795438,5.9,1 in 48
league_it,SAS - GEN,CS 1-2,CS,11.7,0.09050772626931568,5.89,1 in 11
league_it,PAR - CAG,HT/FT 2/1,HTFT,35.1,0.03016924208977189,5.89,1 in 33
league_it,VER - BOL,CS 4-2,CS,120.0,0.008823529411764706,5.88,1 in 113
league_it,PAR - PIS,HT CS 0-3,HTCS,240.0,0.004411764705882353,5.88,1 in 226
league_it,NAP - PAR,CS 1-5,CS,1440.0,0.0007352941176470588,5.88,1 in 1360
league_it,VER - FIO,CS 3-3,CS,72.0,0.014705882352941176,5.88,1 in 68
league_it,SAS - FIO,CS 0-4,CS,60.0,0.01764705882352941,5.88,1 in 56
league_it,VER - ROM,HT CS 0-3,HTCS,19.2,0.05514705882352941,5.88,1 in 18
league_it,JUV - INT,CS 3-0,CS,31.3,0.033823529411764704,5.87,1 in 29
league_it,MIL - GEN,HT CS 0-2,HTCS,62.6,0.016911764705882352,5.87,1 in 59
league_it,GEN - PIS,HT/FT 1/X,HTFT,13.2,0.08020603384841796,5.87,1 in 12
league_it,FIO - GEN,HT/FT X/2,HTFT,8.52,0.12426470588235294,5.87,1 in 8
league_it,MIL - TOR,CS 1-3,CS,65.4,0.016188373804267846,5.87,1 in 61
league_it,VER - COM,Exact 0,ExactGoals,11.6,0.09124356144223694,5.84,1 in 10
league_it,VER - COM,CS 0-0,CS,11.6,0.09124356144223694,5.84,1 in 10
league_it,VER - CRE,Exact 6,ExactGoals,24.8,0.042678440029433405,5.84,1 in 23
league_it,MIL - UDI,HT/FT 2/1,HTFT,49.6,0.021339220014716703,5.84,1 in 46
league_it,FIO - UDI,HT/FT 1/X,HTFT,15.3,0.06916850625459897,5.83,1 in 14
league_it,BOL - VER,HT/FT 2/1,HTFT,42.3,0.025018395879323033,5.83,1 in 39
league_it,TOR - INT,HT/FT X/1,HTFT,12.3,0.08602941176470588,5.82,1 in 11
league_it,LAZ - CRE,CS 5-0,CS,53.3,0.019852941176470587,5.82,1 in 50
league_it,FIO - LEC,HT/FT 1/2,HTFT,36.9,0.028676470588235293,5.82,1 in 34
league_it,PIS - LAZ,CS 1-4,CS,35.1,0.030147058823529412,5.82,1 in 33
league_it,ATA - BOL,HT/FT 1/2,HTFT,36.9,0.028676470588235293,5.82,1 in 34
league_it,GEN - TOR,HT CS 1-2,HTCS,25.7,0.041176470588235294,5.82,1 in 24
league_it,JUV - CAG,CS 1-5,CS,1440.0,0.0007347538574577516,5.8,1 in 1361
league_it,GEN - PIS,CS 1-3,CS,55.3,0.01913171449595291,5.8,1 in 52
league_it,TOR - UDI,HT CS 1-1,HTCS,7.73,0.1368653421633554,5.8,1 in 7
league_it,UDI - NAP,HT CS 1-2,HTCS,11.5,0.09197939661515821,5.78,1 in 10
league_it,NAP - LEC,HT/FT 2/1,HTFT,59.9,0.017660044150110375,5.78,1 in 56
league_it,NAP - FIO,HT/FT X/2,HTFT,13.7,0.07720588235294118,5.77,1 in 12
league_it,BOL - INT,HT/FT 1/X,HTFT,24.8,0.04264705882352941,5.76,1 in 23
league_it,JUV - FIO,CS 1-3,CS,46.4,0.022794117647058822,5.76,1 in 43
league_it,CAG - UDI,HT/FT X/1,HTFT,8.12,0.13024282560706402,5.76,1 in 7
league_it,UDI - FIO,CS 3-3,CS,75.7,0.013970588235294118,5.76,1 in 71
league_it,SAS - ATA,HT/FT 2/X,HTFT,14.1,0.075,5.75,1 in 13
league_it,JUV - LAZ,CS 2-3,CS,44.9,0.0235467255334805,5.72,1 in 42
league_it,LEC - MIL,HT/FT X/2,HTFT,7.22,0.14643119941133187,5.72,1 in 6
league_it,JUV - SAS,HT/FT 2/X,HTFT,44.9,0.0235467255334805,5.72,1 in 42
league_it,FIO - LAZ,HT CS 0-2,HTCS,13.3,0.07947019867549669,5.7,1 in 12
league_it,CAG - INT,HT/FT X/X,HTFT,6.5,0.1626195732155997,5.7,1 in 6
league_it,GEN - PIS,HT/FT 2/2,HTFT,10.8,0.09786607799852833,5.7,1 in 10
league_it,BOL - COM,CS 3-2,CS,34.2,0.03090507726269316,5.7,1 in 32
league_it,PAR - VER,HT/FT 1/X,HTFT,13.3,0.07947019867549669,5.7,1 in 12
league_it,PIS - COM,CS 1-3,CS,18.9,0.05592347314201619,5.7,1 in 17
league_it,LEC - COM,CS 2-0,CS,16.7,0.06328182487122884,5.68,1 in 15
league_it,TOR - ATA,HT/FT 1/2,HTFT,33.4,0.03164091243561442,5.68,1 in 31
league_it,GEN - PIS,HT CS 0-1,HTCS,9.51,0.1111111111111111,5.67,1 in 9
league_it,COM - PIS,Draw,1X2,3.47,0.3044117647058823,5.63,1 in 3
league_it,ROM - MIL,CS 4-0,CS,84.5,0.0125,5.63,1 in 80
league_it,MIL - LEC,HT/FT X/X,HTFT,7.6,0.13897058823529412,5.62,1 in 7
league_it,LEC - VER,CS 1-2,CS,13.3,0.07941176470588235,5.62,1 in 12
league_it,LEC - UDI,Exact 6,ExactGoals,25.2,0.04191176470588235,5.62,1 in 23
league_it,GEN - ATA,CS 0-4,CS,53.2,0.019852941176470587,5.62,1 in 50
league_it,VER - COM,HT/FT 2/X,HTFT,13.8,0.07652685798381163,5.61,1 in 13
league_it,GEN - NAP,HT CS 2-1,HTCS,31.2,0.03384841795437822,5.61,1 in 29
league_it,NAP - LEC,CS 4-1,CS,11.3,0.09345106696100074,5.6,1 in 10
league_it,COM - PIS,HT/FT X/X,HTFT,5.46,0.19338235294117648,5.59,1 in 5
league_it,LAZ - CAG,CS 2-4,CS,287.0,0.003679175864606328,5.59,1 in 271
league_it,PIS - INT,CS 0-6,CS,28.7,0.03679175864606328,5.59,1 in 27
league_it,VER - UDI,CS 0-5,CS,287.0,0.003679175864606328,5.59,1 in 271
league_it,JUV - ROM,HT CS 0-2,HTCS,21.1,0.05003679175864607,5.58,1 in 19
league_it,PIS - COM,CS 1-2,CS,9.44,0.11184694628403238,5.58,1 in 8
league_it,PIS - COM,BTTS Yes,BTTS,1.78,0.5930831493745401,5.57,1 in 1
league_it,ATA - INT,HT CS 2-1,HTCS,19.4,0.054411764705882354,5.56,1 in 18
league_it,FIO - UDI,CS 2-2,CS,15.1,0.06990434142752024,5.56,1 in 14
league_it,PAR - UDI,CS 4-1,CS,75.5,0.013980868285504048,5.56,1 in 71
league_it,SAS - LAZ,Exact 0,ExactGoals,14.5,0.07279411764705883,5.55,1 in 13
league_it,SAS - LAZ,CS 0-0,CS,14.5,0.07279411764705883,5.55,1 in 13
league_it,INT - MIL,HT/FT X/1,HTFT,7.67,0.13760117733627666,5.54,1 in 7
league_it,TOR - INT,Over 4.5,OU,6.9,0.15294117647058825,5.53,1 in 6
league_it,LAZ - JUV,HT CS 1-0,HTCS,5.05,0.20897718910963944,5.53,1 in 4
league_it,LEC - MIL,Exact 6,ExactGoals,20.2,0.05224429727740986,5.53,1 in 19
league_it,FIO - MIL,CS 0-3,CS,18.4,0.057352941176470586,5.53,1 in 17
league_it,UDI - MIL,HT/FT 2/X,HTFT,13.8,0.07647058823529412,5.53,1 in 13
league_it,LEC - CAG,CS 2-3,CS,36.8,0.028676470588235293,5.53,1 in 34
league_it,ROM - FIO,CS 3-2,CS,23.9,0.04415011037527594,5.52,1 in 22
league_it,SAS - PIS,CS 6-0,CS,717.0,0.0014716703458425313,5.52,1 in 679
league_it,FIO - BOL,CS 4-1,CS,71.7,0.014716703458425313,5.52,1 in 67
league_it,JUV - INT,CS 1-5,CS,287.0,0.003676470588235294,5.51,1 in 272
league_it,CAG - FIO,CS 2-3,CS,35.0,0.030147058823529412,5.51,1 in 33
league_it,SAS - NAP,CS 1-0,CS,35.0,0.030147058823529412,5.51,1 in 33
league_it,NAP - BOL,CS 4-1,CS,24.3,0.04341427520235467,5.5,1 in 23
league_it,UDI - JUV,HT CS 1-2,HTCS,12.8,0.08241353936718175,5.49,1 in 12
league_it,LAZ - PAR,HT CS 2-1,HTCS,11.2,0.094186902133922,5.49,1 in 10
league_it,SAS - TOR,Exact 0,ExactGoals,11.2,0.094186902133922,5.49,1 in 10
league_it,SAS - TOR,CS 0-0,CS,11.2,0.094186902133922,5.49,1 in 10
league_it,FIO - SAS,HT/FT X/1,HTFT,7.24,0.1456953642384106,5.48,1 in 6
league_it,ATA - PAR,CS 2-3,CS,65.2,0.016176470588235296,5.47,1 in 61
league_it,FIO - ROM,Exact 0,ExactGoals,14.2,0.07426470588235294,5.46,1 in 13
league_it,FIO - ROM,CS 0-0,CS,14.2,0.07426470588235294,5.46,1 in 13
league_it,TOR - LAZ,HT CS 0-0,HTCS,4.24,0.2487122884473878,5.45,1 in 4
league_it,CRE - NAP,Exact 1,ExactGoals,9.89,0.10661764705882353,5.44,1 in 9
league_it,LEC - LAZ,HT CS 2-1,HTCS,23.9,0.04411764705882353,5.44,1 in 22
league_it,NAP - UDI,HT CS 2-1,HTCS,10.7,0.09852941176470588,5.43,1 in 10
league_it,SAS - BOL,HT CS 1-0,HTCS,5.97,0.17660044150110377,5.43,1 in 5
league_it,ROM - PAR,HT CS 2-1,HTCS,9.68,0.10890360559234731,5.42,1 in 9
league_it,UDI - PIS,Exact 0,ExactGoals,12.8,0.08235294117647059,5.41,1 in 12
league_it,UDI - PIS,CS 0-0,CS,12.8,0.08235294117647059,5.41,1 in 12
league_it,ATA - PIS,CS 3-0,CS,11.2,0.09411764705882353,5.41,1 in 10
league_it,LAZ - NAP,HT/FT 1/2,HTFT,30.5,0.03455882352941177,5.4,1 in 28
league_it,GEN - CRE,HT/FT X/1,HTFT,6.51,0.16188373804267844,5.39,1 in 6
league_it,LAZ - JUV,Draw,1X2,3.72,0.28329654157468726,5.39,1 in 3
league_it,VER - CAG,HT CS 0-2,HTCS,18.6,0.05665930831493746,5.39,1 in 17
league_it,LEC - ROM,Over 4.5,OU,7.09,0.14863870493009565,5.38,1 in 6
league_it,ROM - VER,CS 4-0,CS,17.9,0.05886681383370125,5.37,1 in 16
league_it,COM - INT,CS 4-2,CS,179.0,0.005886681383370125,5.37,1 in 169
league_it,CRE - TOR,Exact 5,ExactGoals,11.1,0.09492273730684327,5.36,1 in 10
league_it,COM - FIO,CS 2-3,CS,33.3,0.03164091243561442,5.36,1 in 31
league_it,JUV - COM,HT/FT 1/2,HTFT,38.7,0.027225901398086828,5.36,1 in 36
league_it,JUV - GEN,CS 5-1,CS,59.7,0.01764705882352941,5.35,1 in 56
league_it,UDI - ROM,HT/FT 2/X,HTFT,13.9,0.07579102281089035,5.35,1 in 13
league_it,ROM - MIL,HT CS 3-0,HTCS,57.3,0.01838235294117647,5.33,1 in 54
league_it,NAP - LEC,CS 3-0,CS,8.47,0.1243561442236939,5.33,1 in 8
league_it,CAG - CRE,CS 4-1,CS,43.4,0.02426470588235294,5.31,1 in 41
league_it,CAG - BOL,Away Win,1X2,2.67,0.39440765268579836,5.31,1 in 2
league_it,LAZ - BOL,CS 3-2,CS,26.5,0.039735099337748346,5.3,1 in 25
league_it,PAR - LAZ,CS 4-0,CS,159.0,0.006622516556291391,5.3,1 in 151
league_it,INT - JUV,CS 4-1,CS,47.7,0.02207505518763797,5.3,1 in 45
league_it,ATA - VER,CS 2-4,CS,358.0,0.0029411764705882353,5.29,1 in 340
league_it,PAR - TOR,CS 5-0,CS,358.0,0.0029411764705882353,5.29,1 in 340
league_it,PAR - CAG,CS 1-3,CS,31.1,0.03384841795437822,5.27,1 in 29
league_it,JUV - COM,HT/FT 2/X,HTFT,31.1,0.03384841795437822,5.27,1 in 29
league_it,LEC - PAR,Over 3.5,OU,3.48,0.30242825607064017,5.25,1 in 3
league_it,NAP - TOR,HT CS 0-0,HTCS,4.8,0.21927888153053715,5.25,1 in 4
league_it,ATA - NAP,HT/FT 2/1,HTFT,29.8,0.03532008830022075,5.25,1 in 28
league_it,ROM - INT,HT/FT 2/X,HTFT,15.4,0.0683321087435709,5.23,1 in 14
league_it,PIS - TOR,HT/FT 2/1,HTFT,31.8,0.03308823529411765,5.22,1 in 30
league_it,LEC - ATA,CS 1-0,CS,14.3,0.07358351729212656,5.22,1 in 13
league_it,ATA - CAG,CS 0-3,CS,130.0,0.008094186902133923,5.22,1 in 123
league_it,CRE - INT,HT/FT 1/X,HTFT,130.0,0.008094186902133923,5.22,1 in 123
league_it,INT - ROM,CS 3-2,CS,28.6,0.03679175864606328,5.22,1 in 27
league_it,JUV - VER,HT/FT 2/2,HTFT,27.0,0.03897058823529412,5.22,1 in 25
league_it,CRE - FIO,CS 4-1,CS,143.0,0.007358351729212656,5.22,1 in 135
league_it,COM - CRE,Exact 4,ExactGoals,5.77,0.18235294117647058,5.22,1 in 5
league_it,FIO - CAG,CS 2-3,CS,55.0,0.01913171449595291,5.22,1 in 52
league_it,UDI - GEN,CS 3-3,CS,143.0,0.007358351729212656,5.22,1 in 135
league_it,JUV - BOL,CS 1-4,CS,286.0,0.003679175864606328,5.22,1 in 271
league_it,JUV - BOL,CS 2-4,CS,286.0,0.003679175864606328,5.22,1 in 271
league_it,VER - UDI,CS 4-2,CS,130.0,0.008094186902133923,5.22,1 in 123
league_it,INT - LAZ,HT/FT 1/2,HTFT,32.5,0.03237674760853569,5.22,1 in 30
league_it,SAS - UDI,CS 0-1,CS,8.62,0.12205882352941176,5.21,1 in 8
league_it,LEC - SAS,HT CS 0-2,HTCS,19.6,0.05367647058823529,5.21,1 in 18
league_it,ROM - SAS,HT/FT 2/X,HTFT,38.7,0.02718589272593681,5.21,1 in 36
league_it,TOR - ROM,Under 1.5,OU,3.93,0.2676470588235294,5.19,1 in 3
league_it,CAG - FIO,Draw,1X2,3.39,0.31029411764705883,5.19,1 in 3
league_it,PIS - COM,HT CS 1-0,HTCS,6.68,0.15746872700515085,5.19,1 in 6
league_it,ATA - CAG,HT/FT 1/2,HTFT,39.7,0.026490066225165563,5.17,1 in 37
league_it,CAG - JUV,HT CS 2-0,HTCS,39.7,0.026490066225165563,5.17,1 in 37
league_it,ATA - CRE,HT/FT 2/X,HTFT,39.7,0.026490066225165563,5.17,1 in 37
league_it,ROM - CRE,Exact 1,ExactGoals,7.26,0.1448529411764706,5.16,1 in 6
league_it,COM - BOL,CS 1-5,CS,286.0,0.003676470588235294,5.15,1 in 272
league_it,COM - BOL,CS 6-0,CS,1430.0,0.0007352941176470588,5.15,1 in 1360
league_it,JUV - LEC,HT CS 0-2,HTCS,110.0,0.009558823529411765,5.15,1 in 104
league_it,SAS - ATA,HT/FT 2/1,HTFT,32.5,0.03235294117647059,5.15,1 in 30
league_it,TOR - ROM,CS 4-1,CS,130.0,0.008088235294117648,5.15,1 in 123
league_it,VER - LEC,CS 4-0,CS,143.0,0.007352941176470588,5.15,1 in 136
league_it,CAG - MIL,Under 1.5,OU,4.37,0.24061810154525387,5.15,1 in 4
league_it,LAZ - ATA,CS 4-0,CS,71.5,0.014705882352941176,5.15,1 in 68
league_it,UDI - PAR,CS 4-0,CS,143.0,0.007352941176470588,5.15,1 in 136
league_it,LAZ - SAS,HT/FT 2/2,HTFT,15.2,0.06916850625459897,5.14,1 in 14
league_it,ATA - NAP,CS 3-2,CS,37.6,0.027961736571008096,5.14,1 in 35
league_it,JUV - BOL,HT/FT 1/2,HTFT,43.3,0.024282560706401765,5.14,1 in 41
league_it,ATA - SAS,HT CS 1-0,HTCS,3.7,0.28403237674760856,5.09,1 in 3
league_it,COM - MIL,CS 1-5,CS,102.0,0.010301692420897719,5.08,1 in 97
league_it,GEN - INT,CS 2-1,CS,16.8,0.06254598969830757,5.08,1 in 15
league_it,LEC - COM,CS 2-2,CS,14.0,0.07505518763796909,5.08,1 in 13
league_it,CRE - FIO,Over 4.5,OU,7.89,0.13318616629874908,5.08,1 in 7
league_it,LEC - INT,Home Win,1X2,11.9,0.08830022075055188,5.08,1 in 11
league_it,CAG - UDI,CS 0-5,CS,357.0,0.0029433406916850625,5.08,1 in 339
league_it,UDI - GEN,CS 4-1,CS,102.0,0.010301692420897719,5.08,1 in 97
league_it,BOL - ROM,HT/FT X/1,HTFT,10.2,0.10301692420897719,5.08,1 in 9
league_it,PAR - COM,Draw,1X2,3.27,0.32132352941176473,5.07,1 in 3
league_it,VER - BOL,HT/FT 1/X,HTFT,18.8,0.05588235294117647,5.06,1 in 17
league_it,CRE - UDI,Over 3.5,OU,3.8,0.27647058823529413,5.06,1 in 3
league_it,LEC - ROM,HT/FT X/2,HTFT,7.21,0.1456953642384106,5.05,1 in 6
league_it,BOL - GEN,HT/FT X/1,HTFT,7.44,0.1411764705882353,5.04,1 in 7
league_it,PAR - MIL,HT CS 0-2,HTCS,7.32,0.1434878587196468,5.03,1 in 6
league_it,COM - CAG,HT/FT X/2,HTFT,9.71,0.10816777041942605,5.03,1 in 9
league_it,NAP - CAG,CS 3-1,CS,11.7,0.08977189109639441,5.03,1 in 11
league_it,LAZ - ATA,Exact 6,ExactGoals,20.7,0.05073529411764706,5.02,1 in 19
league_it,ROM - JUV,CS 4-0,CS,89.2,0.01177336276674025,5.02,1 in 84
league_it,LEC - VER,HT CS 0-3,HTCS,238.0,0.004411764705882353,5.0,1 in 226
league_it,LEC - SAS,HT/FT 2/1,HTFT,34.0,0.030882352941176472,5.0,1 in 32
league_it,PIS - CRE,HT CS 0-1,HTCS,6.0,0.175,5.0,1 in 5
league_it,FIO - ROM,HT/FT 2/X,HTFT,14.0,0.075,5.0,1 in 13
league_it,CRE - UDI,HT CS 2-1,HTCS,23.8,0.04411764705882353,5.0,1 in 22
league_it,INT - GEN,CS 1-2,CS,21.0,0.05,5.0,1 in 20
league_it,TOR - VER,CS 1-3,CS,47.6,0.022058823529411766,5.0,1 in 45
league_it,INT - CAG,HT/FT 2/2,HTFT,16.8,0.0625,5.0,1 in 16
league_it,CAG - SAS,HT CS 0-3,HTCS,238.0,0.004411764705882353,5.0,1 in 226
league_it,SAS - GEN,HT/FT 1/2,HTFT,34.8,0.03016924208977189,4.99,1 in 33
league_it,ROM - CAG,CS 3-3,CS,64.9,0.016176470588235296,4.99,1 in 61
league_it,SAS - MIL,HT/FT 2/1,HTFT,34.8,0.03016924208977189,4.99,1 in 33
league_it,ROM - GEN,HT CS 0-1,HTCS,13.1,0.08014705882352942,4.99,1 in 12
league_it,VER - PAR,HT/FT 2/X,HTFT,16.4,0.0640176600441501,4.99,1 in 15
league_it,NAP - LAZ,HT/FT X/2,HTFT,12.3,0.08535688005886681,4.99,1 in 11
league_it,CAG - JUV,HT/FT X/2,HTFT,7.47,0.14054451802796172,4.99,1 in 7
league_it,CRE - TOR,HT/FT 2/1,HTFT,31.7,0.033112582781456956,4.97,1 in 30
league_it,TOR - PAR,CS 3-2,CS,31.7,0.033112582781456956,4.97,1 in 30
league_it,MIL - ATA,HT CS 0-3,HTCS,95.1,0.011037527593818985,4.97,1 in 90
league_it,TOR - CAG,HT/FT X/2,HTFT,9.51,0.11037527593818984,4.97,1 in 9
league_it,ROM - MIL,HT/FT 2/X,HTFT,17.2,0.06102941176470588,4.97,1 in 16
league_it,ROM - CAG,Away Win,1X2,6.43,0.16323529411764706,4.96,1 in 6
league_it,ATA - INT,HT CS 1-1,HTCS,6.1,0.17205882352941176,4.96,1 in 5
league_it,PIS - CRE,Exact 6,ExactGoals,23.4,0.04485294117647059,4.96,1 in 22
league_it,PIS - NAP,CS 1-4,CS,12.2,0.08602941176470588,4.96,1 in 11
league_it,CAG - PIS,Over 4.5,OU,8.15,0.1287711552612215,4.95,1 in 7
league_it,CRE - TOR,CS 2-3,CS,31.0,0.03384841795437822,4.93,1 in 29
league_it,LAZ - UDI,CS 3-3,CS,71.3,0.014716703458425313,4.93,1 in 67
league_it,CAG - JUV,HT CS 0-0,HTCS,4.63,0.22663723325974983,4.93,1 in 4
league_it,MIL - ATA,HT/FT 1/2,HTFT,29.1,0.036055923473142015,4.92,1 in 27
league_it,VER - PAR,Exact 6,ExactGoals,26.9,0.03899926416482708,4.91,1 in 25
league_it,ATA - BOL,HT CS 2-1,HTCS,12.3,0.08529411764705883,4.91,1 in 11
league_it,PIS - CAG,CS 1-4,CS,79.2,0.013245033112582781,4.9,1 in 75
league_it,PAR - GEN,Exact 6,ExactGoals,26.4,0.039735099337748346,4.9,1 in 25
league_it,LEC - CRE,CS 0-3,CS,52.8,0.019867549668874173,4.9,1 in 50
league_it,INT - TOR,HT/FT 1/X,HTFT,13.2,0.07947019867549669,4.9,1 in 12
league_it,PIS - LEC,HT CS 2-0,HTCS,14.4,0.0728476821192053,4.9,1 in 13
league_it,TOR - COM,CS 3-3,CS,64.8,0.016188373804267846,4.9,1 in 61
league_it,COM - FIO,HT/FT X/X,HTFT,5.89,0.1780721118469463,4.88,1 in 5
league_it,ROM - CRE,CS 2-3,CS,83.9,0.0125,4.88,1 in 80
league_it,UDI - CRE,HT/FT 2/1,HTFT,37.5,0.027961736571008096,4.86,1 in 35
league_it,CAG - ATA,Under 1.5,OU,3.8,0.27593818984547464,4.86,1 in 3
league_it,ATA - PAR,HT/FT 1/X,HTFT,12.4,0.08455882352941177,4.85,1 in 11
league_it,LEC - VER,Over 4.5,OU,12.4,0.08455882352941177,4.85,1 in 11
league_it,ATA - TOR,HT/FT 2/2,HTFT,12.4,0.08455882352941177,4.85,1 in 11
league_it,ROM - NAP,CS 0-4,CS,62.0,0.016911764705882352,4.85,1 in 59
league_it,UDI - INT,Over 4.5,OU,7.46,0.14054451802796172,4.85,1 in 7
league_it,FIO - ROM,CS 1-3,CS,17.6,0.05955882352941176,4.82,1 in 16
league_it,CAG - SAS,HT CS 2-1,HTCS,21.6,0.04852941176470588,4.82,1 in 20
league_it,TOR - LEC,Away Win,1X2,3.99,0.26269315673289184,4.81,1 in 3
league_it,UDI - LEC,HT/FT X/X,HTFT,5.72,0.18322295805739514,4.8,1 in 5
league_it,CRE - TOR,Over 4.5,OU,7.74,0.13539367181751288,4.79,1 in 7
league_it,UDI - BOL,HT CS 2-0,HTCS,14.1,0.07431935246504782,4.79,1 in 13
league_it,CAG - ROM,Over 4.5,OU,6.88,0.152317880794702,4.79,1 in 6
league_it,CAG - ATA,CS 2-3,CS,30.3,0.034584253127299486,4.79,1 in 28
league_it,FIO - BOL,CS 3-0,CS,30.3,0.034584253127299486,4.79,1 in 28
league_it,PIS - TOR,CS 4-1,CS,95.0,0.011029411764705883,4.78,1 in 90
league_it,ROM - GEN,CS 3-1,CS,12.5,0.0838235294117647,4.78,1 in 11
league_it,CAG - TOR,HT/FT X/1,HTFT,7.83,0.1338235294117647,4.78,1 in 7
league_it,CRE - MIL,HT/FT 1/X,HTFT,75.0,0.013970588235294118,4.78,1 in 71
league_it,GEN - NAP,Exact 6,ExactGoals,17.8,0.05886681383370125,4.78,1 in 16
league_it,GEN - SAS,CS 0-3,CS,49.1,0.021339220014716703,4.78,1 in 46
league_it,LEC - FIO,CS 1-3,CS,17.8,0.05886681383370125,4.78,1 in 16
league_it,COM - MIL,HT/FT 1/2,HTFT,33.9,0.03090507726269316,4.77,1 in 32
league_it,BOL - MIL,Over 4.5,OU,6.19,0.1692420897718911,4.76,1 in 5
league_it,JUV - CRE,HT/FT X/2,HTFT,21.9,0.047829286239882265,4.75,1 in 20
league_it,SAS - ATA,HT CS 0-1,HTCS,4.07,0.25735294117647056,4.74,1 in 3
league_it,PAR - LAZ,CS 2-2,CS,13.3,0.07873436350257543,4.72,1 in 12
league_it,PAR - ROM,HT CS 3-0,HTCS,178.0,0.0058823529411764705,4.71,1 in 170
league_it,SAS - CRE,CS 2-3,CS,44.5,0.023529411764705882,4.71,1 in 42
league_it,TOR - PAR,CS 1-3,CS,27.9,0.037527593818984545,4.7,1 in 26
league_it,PAR - CAG,CS 2-3,CS,45.9,0.022810890360559236,4.7,1 in 43
league_it,CAG - PAR,HT CS 1-2,HTCS,22.6,0.04632352941176471,4.69,1 in 21
league_it,TOR - NAP,HT/FT X/1,HTFT,12.6,0.08308823529411764,4.69,1 in 12
league_it,CAG - TOR,Over 2.5,OU,2.26,0.4632352941176471,4.69,1 in 2
league_it,TOR - BOL,CS 0-3,CS,33.9,0.030882352941176472,4.69,1 in 32
league_it,LEC - FIO,HT CS 0-3,HTCS,34.7,0.03016924208977189,4.69,1 in 33
league_it,CAG - COM,CS 3-0,CS,33.9,0.030882352941176472,4.69,1 in 32
league_it,LAZ - ATA,CS 3-3,CS,61.9,0.016911764705882352,4.68,1 in 59
league_it,CAG - FIO,CS 1-1,CS,6.53,0.16029411764705884,4.67,1 in 6
league_it,PAR - FIO,CS 0-3,CS,31.6,0.033112582781456956,4.64,1 in 30
league_it,COM - TOR,CS 3-2,CS,31.6,0.033112582781456956,4.64,1 in 30
league_it,PAR - PIS,HT/FT 1/X,HTFT,13.3,0.07867647058823529,4.64,1 in 12
league_it,GEN - SAS,CS 3-3,CS,94.8,0.011037527593818985,4.64,1 in 90
league_it,BOL - COM,HT/FT 2/1,HTFT,31.6,0.033112582781456956,4.64,1 in 30
league_it,CAG - SAS,HT/FT X/1,HTFT,6.94,0.15073529411764705,4.61,1 in 6
league_it,CRE - INT,Draw,1X2,8.94,0.11699779249448124,4.6,1 in 8
league_it,ROM - CAG,HT/FT 1/X,HTFT,12.7,0.08235294117647059,4.59,1 in 12
league_it,PIS - FIO,Over 3.5,OU,3.07,0.340691685062546,4.59,1 in 2
league_it,UDI - PAR,CS 2-3,CS,88.9,0.011764705882352941,4.59,1 in 85
league_it,FIO - TOR,CS 4-0,CS,74.8,0.013980868285504048,4.58,1 in 71
league_it,LEC - INT,HT/FT 1/1,HTFT,32.3,0.03237674760853569,4.58,1 in 30
league_it,COM - LEC,HT/FT 2/1,HTFT,37.4,0.027961736571008096,4.58,1 in 35
league_it,COM - TOR,Over 4.5,OU,7.64,0.1368653421633554,4.57,1 in 7
league_it,LAZ - CRE,HT/FT X/2,HTFT,15.8,0.0661764705882353,4.56,1 in 15
league_it,GEN - INT,CS 4-2,CS,203.0,0.0051508462104488595,4.56,1 in 194
league_it,ROM - PIS,CS 1-2,CS,29.0,0.036055923473142015,4.56,1 in 27
league_it,LAZ - JUV,HT/FT X/X,HTFT,6.26,0.1670345842531273,4.56,1 in 5
league_it,JUV - UDI,CS 3-2,CS,24.5,0.042678440029433405,4.56,1 in 23
league_it,LEC - JUV,CS 4-1,CS,203.0,0.0051508462104488595,4.56,1 in 194
league_it,INT - JUV,HT CS 2-1,HTCS,14.5,0.07211184694628403,4.56,1 in 13
league_it,ROM - LAZ,HT CS 3-0,HTCS,29.6,0.03532008830022075,4.55,1 in 28
league_it,COM - VER,HT CS 2-1,HTCS,12.8,0.08167770419426049,4.55,1 in 12
league_it,TOR - CAG,CS 4-0,CS,59.2,0.017660044150110375,4.55,1 in 56
league_it,VER - GEN,CS 1-4,CS,67.7,0.015441176470588236,4.54,1 in 64
league_it,MIL - SAS,HT/FT 1/X,HTFT,13.4,0.07799852832965416,4.52,1 in 12
league_it,BOL - UDI,Over 4.5,OU,21.2,0.049300956585724795,4.52,1 in 20
league_it,ROM - TOR,Away Win,1X2,6.7,0.15599705665930833,4.52,1 in 6
league_it,JUV - CAG,CS 0-2,CS,50.8,0.020573108008817047,4.51,1 in 48
league_it,PAR - BOL,CS 1-3,CS,23.3,0.04485294117647059,4.51,1 in 22
league_it,FIO - GEN,Away Win,1X2,3.36,0.3110294117647059,4.51,1 in 3
league_it,SAS - ROM,CS 2-3,CS,26.3,0.039735099337748346,4.5,1 in 25
league_it,GEN - BOL,CS 3-1,CS,26.3,0.039735099337748346,4.5,1 in 25
league_it,BOL - VER,CS 1-3,CS,52.6,0.019867549668874173,4.5,1 in 50
league_it,VER - CRE,CS 2-4,CS,142.0,0.007358351729212656,4.49,1 in 135
league_it,NAP - JUV,CS 3-2,CS,29.0,0.03602941176470588,4.49,1 in 27
league_it,CRE - INT,HT CS 0-3,HTCS,4.0,0.2612214863870493,4.49,1 in 3
league_it,INT - MIL,HT CS 0-2,HTCS,20.0,0.05224429727740986,4.49,1 in 19
league_it,LAZ - FIO,HT CS 1-2,HTCS,29.0,0.03602941176470588,4.49,1 in 27
league_it,FIO - MIL,CS 4-0,CS,203.0,0.005147058823529412,4.49,1 in 194
league_it,TOR - UDI,CS 1-4,CS,142.0,0.007358351729212656,4.49,1 in 135
league_it,NAP - LEC,CS 2-4,CS,355.0,0.0029433406916850625,4.49,1 in 339
league_it,PAR - FIO,Away Win,1X2,2.61,0.40029433406916853,4.48,1 in 2
league_it,COM - ATA,HT CS 0-1,HTCS,4.64,0.2251655629139073,4.48,1 in 4
league_it,ATA - GEN,CS 2-2,CS,15.6,0.06696100073583518,4.46,1 in 14
league_it,JUV - ATA,HT/FT 1/2,HTFT,33.8,0.03090507726269316,4.46,1 in 32
league_it,LEC - PAR,Exact 4,ExactGoals,5.89,0.17733627667402502,4.45,1 in 5
league_it,JUV - SAS,Exact 5,ExactGoals,8.02,0.13024282560706402,4.45,1 in 7
league_it,PAR - VER,CS 3-1,CS,16.7,0.06254598969830757,4.45,1 in 15
league_it,COM - ROM,Exact 6,ExactGoals,21.2,0.04926470588235294,4.44,1 in 20
league_it,TOR - ROM,Exact 1,ExactGoals,5.28,0.19779411764705881,4.44,1 in 5
league_it,ATA - LAZ,Exact 4,ExactGoals,5.61,0.1861662987490802,4.44,1 in 5
league_it,ATA - ROM,HT/FT 2/X,HTFT,17.1,0.061074319352465045,4.44,1 in 16
league_it,NAP - VER,HT CS 2-1,HTCS,7.63,0.1368653421633554,4.43,1 in 7
league_it,LEC - UDI,Draw,1X2,3.28,0.31838235294117645,4.43,1 in 3
league_it,SAS - JUV,CS 0-5,CS,78.9,0.013235294117647059,4.43,1 in 75
league_it,GEN - ATA,CS 2-4,CS,78.9,0.013235294117647059,4.43,1 in 75
league_it,MIL - FIO,CS 4-0,CS,33.0,0.03164091243561442,4.42,1 in 31
league_it,LEC - PIS,HT CS 0-3,HTCS,129.0,0.008094186902133923,4.42,1 in 123
league_it,CAG - TOR,HT CS 1-1,HTCS,6.34,0.16470588235294117,4.42,1 in 6
league_it,ROM - LAZ,CS 3-0,CS,21.5,0.04856512141280353,4.42,1 in 20
league_it,ROM - VER,CS 1-3,CS,94.6,0.011037527593818985,4.42,1 in 90
league_it,PAR - ATA,CS 1-5,CS,129.0,0.008094186902133923,4.42,1 in 123
league_it,CRE - LEC,Draw,1X2,3.3,0.3164091243561442,4.42,1 in 3
league_it,TOR - COM,HT/FT 2/1,HTFT,33.0,0.03164091243561442,4.42,1 in 31
league_it,BOL - ROM,Home Win,1X2,3.62,0.2884473877851361,4.42,1 in 3
league_it,SAS - UDI,CS 2-4,CS,142.0,0.007352941176470588,4.41,1 in 136
league_it,MIL - COM,CS 0-1,CS,20.0,0.05220588235294118,4.41,1 in 19
league_it,LEC - GEN,Over 4.5,OU,9.53,0.10955882352941176,4.41,1 in 9
league_it,VER - ROM,HT/FT 1/1,HTFT,9.93,0.10514705882352941,4.41,1 in 9
league_it,PAR - TOR,CS 6-0,CS,1420.0,0.0007352941176470588,4.41,1 in 1360
league_it,CAG - TOR,HT CS 2-1,HTCS,22.9,0.045588235294117645,4.4,1 in 21
league_it,BOL - FIO,Draw,1X2,3.46,0.3016924208977189,4.39,1 in 3
league_it,SAS - GEN,Away Win,1X2,2.86,0.36497424576894777,4.38,1 in 2
league_it,COM - ROM,CS 3-3,CS,67.6,0.015441176470588236,4.38,1 in 64
league_it,JUV - INT,CS 3-2,CS,36.4,0.028676470588235293,4.38,1 in 34
league_it,VER - INT,Exact 0,ExactGoals,36.4,0.028676470588235293,4.38,1 in 34
league_it,VER - INT,CS 0-0,CS,36.4,0.028676470588235293,4.38,1 in 34
league_it,FIO - GEN,CS 0-1,CS,8.45,0.12352941176470589,4.38,1 in 8
league_it,VER - MIL,CS 2-1,CS,18.2,0.057352941176470586,4.38,1 in 17
league_it,BOL - TOR,HT/FT X/2,HTFT,8.5,0.12279411764705882,4.37,1 in 8
league_it,GEN - JUV,HT CS 0-3,HTCS,19.7,0.052980132450331126,4.37,1 in 18
league_it,GEN - CAG,HT/FT 1/1,HTFT,3.63,0.2875,4.36,1 in 3
league_it,UDI - PIS,Draw,1X2,3.53,0.29558823529411765,4.34,1 in 3
league_it,INT - LEC,CS 1-4,CS,473.0,0.0022058823529411764,4.34,1 in 453
league_it,CRE - FIO,HT/FT 2/X,HTFT,13.9,0.07505518763796909,4.33,1 in 13
league_it,VER - NAP,Draw,1X2,7.79,0.13392200147167035,4.33,1 in 7
league_it,TOR - UDI,Over 3.5,OU,5.35,0.1949963208241354,4.32,1 in 5
league_it,LEC - CRE,CS 2-3,CS,44.3,0.0235467255334805,4.31,1 in 42
league_it,CRE - CAG,CS 3-0,CS,34.6,0.030147058823529412,4.31,1 in 33
league_it,MIL - ROM,CS 4-2,CS,74.6,0.013980868285504048,4.3,1 in 71
league_it,BOL - JUV,CS 0-3,CS,17.5,0.059602649006622516,4.3,1 in 16
league_it,ROM - COM,HT/FT 1/2,HTFT,40.5,0.025754231052244298,4.3,1 in 38
league_it,PAR - CAG,HT/FT X/1,HTFT,7.5,0.1390728476821192,4.3,1 in 7
league_it,VER - SAS,Over 4.5,OU,8.59,0.12141280353200883,4.29,1 in 8
league_it,JUV - CRE,Under 2.5,OU,2.37,0.44002943340691686,4.29,1 in 2
league_it,ROM - BOL,HT CS 2-1,HTCS,9.91,0.10522442972774099,4.28,1 in 9
league_it,JUV - LEC,Away Win,1X2,9.33,0.11176470588235295,4.28,1 in 8
league_it,GEN - SAS,CS 4-2,CS,109.0,0.009565857247976454,4.27,1 in 104
league_it,PIS - MIL,CS 3-0,CS,109.0,0.009565857247976454,4.27,1 in 104
league_it,UDI - CAG,Exact 1,ExactGoals,3.84,0.271523178807947,4.26,1 in 3
league_it,JUV - SAS,HT CS 1-1,HTCS,6.98,0.14937454010301693,4.26,1 in 6
league_it,BOL - TOR,CS 2-1,CS,10.2,0.10220588235294117,4.25,1 in 9
league_it,NAP - COM,CS 3-2,CS,27.8,0.0375,4.25,1 in 26
league_it,VER - INT,Draw,1X2,7.79,0.1338235294117647,4.25,1 in 7
league_it,PAR - VER,CS 0-3,CS,61.6,0.01692420897718911,4.25,1 in 59
league_it,MIL - NAP,CS 3-3,CS,56.7,0.01838235294117647,4.23,1 in 54
league_it,PIS - FIO,Exact 0,ExactGoals,14.6,0.07137601177336277,4.21,1 in 14
league_it,PIS - FIO,CS 0-0,CS,14.6,0.07137601177336277,4.21,1 in 14
league_it,FIO - JUV,HT/FT 2/X,HTFT,14.6,0.07137601177336277,4.21,1 in 14
league_it,MIL - INT,HT/FT 2/1,HTFT,28.9,0.036055923473142015,4.2,1 in 27
league_it,NAP - VER,HT CS 0-2,HTCS,177.0,0.005886681383370125,4.19,1 in 169
league_it,GEN - CRE,HT/FT 2/1,HTFT,47.2,0.02207505518763797,4.19,1 in 45
league_it,INT - NAP,HT/FT 2/X,HTFT,17.7,0.05886681383370125,4.19,1 in 16
league_it,VER - CRE,CS 0-3,CS,47.2,0.02207505518763797,4.19,1 in 45
league_it,UDI - CRE,Over 3.5,OU,3.27,0.318616629874908,4.19,1 in 3
league_it,TOR - MIL,HT CS 3-0,HTCS,177.0,0.005886681383370125,4.19,1 in 169
league_it,ROM - ATA,CS 1-4,CS,70.8,0.014716703458425313,4.19,1 in 67
league_it,PIS - NAP,Exact 5,ExactGoals,5.45,0.19117647058823528,4.19,1 in 5
league_it,NAP - CAG,CS 0-3,CS,177.0,0.005886681383370125,4.19,1 in 169
league_it,TOR - UDI,CS 4-2,CS,177.0,0.005886681383370125,4.19,1 in 169
league_it,INT - FIO,CS 1-4,CS,177.0,0.005886681383370125,4.19,1 in 169
league_it,LAZ - NAP,Exact 0,ExactGoals,15.4,0.06764705882352941,4.18,1 in 14
league_it,LAZ - NAP,CS 0-0,CS,15.4,0.06764705882352941,4.18,1 in 14
league_it,CAG - COM,HT/FT X/1,HTFT,7.96,0.13088235294117648,4.18,1 in 7
league_it,GEN - PIS,Away Win,1X2,4.95,0.21044885945548197,4.17,1 in 4
league_it,NAP - CAG,CS 2-1,CS,8.58,0.12141280353200883,4.17,1 in 8
league_it,COM - LAZ,CS 2-4,CS,78.7,0.013235294117647059,4.16,1 in 75
league_it,CRE - CAG,HT CS 0-0,HTCS,3.55,0.2933823529411765,4.15,1 in 3
league_it,TOR - MIL,HT/FT 1/X,HTFT,23.2,0.044885945548197206,4.14,1 in 22
league_it,FIO - JUV,CS 3-2,CS,48.8,0.021339220014716703,4.14,1 in 46
league_it,ATA - VER,Away Win,1X2,8.38,0.12426470588235294,4.13,1 in 8
league_it,UDI - NAP,CS 1-0,CS,15.9,0.06548933038999265,4.13,1 in 15
league_it,PAR - LEC,CS 3-3,CS,70.8,0.014705882352941176,4.12,1 in 68
league_it,BOL - ATA,CS 4-1,CS,70.8,0.014705882352941176,4.12,1 in 68
league_it,COM - CRE,CS 2-4,CS,236.0,0.004411764705882353,4.12,1 in 226
league_it,PAR - COM,HT/FT 1/X,HTFT,17.7,0.058823529411764705,4.12,1 in 17
league_it,LAZ - CRE,HT CS 3-0,HTCS,12.1,0.08602941176470588,4.1,1 in 11
league_it,LEC - LAZ,CS 0-4,CS,42.9,0.02426470588235294,4.1,1 in 41
league_it,SAS - UDI,Exact 1,ExactGoals,4.41,0.23602941176470588,4.09,1 in 4
league_it,INT - GEN,HT/FT X/X,HTFT,7.49,0.13897058823529412,4.09,1 in 7
league_it,GEN - BOL,CS 1-4,CS,83.2,0.012509197939661517,4.08,1 in 79
league_it,CRE - BOL,CS 2-0,CS,20.8,0.05003679175864607,4.08,1 in 19
league_it,VER - LAZ,HT CS 2-1,HTCS,27.2,0.03826342899190582,4.08,1 in 26
league_it,BOL - UDI,Exact 6,ExactGoals,83.2,0.012509197939661517,4.08,1 in 79
league_it,NAP - ATA,HT/FT X/2,HTFT,11.6,0.08970588235294118,4.06,1 in 11
league_it,LAZ - ROM,HT CS 3-0,HTCS,48.8,0.021323529411764706,4.06,1 in 46
league_it,JUV - PIS,HT/FT 1/2,HTFT,50.5,0.020603384841795438,4.05,1 in 48
league_it,PIS - COM,CS 1-4,CS,50.5,0.020603384841795438,4.05,1 in 48
league_it,PIS - JUV,CS 3-0,CS,118.0,0.00881704628949302,4.04,1 in 113
league_it,MIL - BOL,CS 0-2,CS,39.3,0.026470588235294117,4.03,1 in 37
league_it,LEC - SAS,CS 3-3,CS,78.6,0.013235294117647059,4.03,1 in 75
league_it,LEC - PAR,Draw,1X2,3.25,0.3200883002207506,4.03,1 in 3
league_it,CRE - COM,Over 4.5,OU,8.13,0.12794117647058822,4.02,1 in 7
league_it,LEC - PIS,Exact 5,ExactGoals,11.4,0.09124356144223694,4.02,1 in 10
league_it,PAR - GEN,CS 1-0,CS,8.78,0.11846946284032377,4.02,1 in 8
league_it,PIS - COM,Exact 4,ExactGoals,5.99,0.17365710080941868,4.02,1 in 5
league_it,INT - PIS,HT/FT 2/1,HTFT,94.3,0.011029411764705883,4.01,1 in 90
league_it,CAG - PAR,HT CS 3-0,HTCS,61.5,0.016911764705882352,4.01,1 in 59
league_it,CAG - ROM,Draw,1X2,3.56,0.29212656364974243,4.0,1 in 3
league_it,FIO - MIL,CS 2-1,CS,13.6,0.07647058823529412,4.0,1 in 13
league_it,LEC - LAZ,CS 2-3,CS,27.2,0.03823529411764706,4.0,1 in 26
league_it,VER - INT,CS 0-5,CS,17.9,0.05808823529411765,3.98,1 in 17
league_it,LEC - CAG,HT/FT 2/X,HTFT,17.9,0.05808823529411765,3.98,1 in 17
league_it,LEC - VER,CS 1-3,CS,40.4,0.025735294117647058,3.97,1 in 38
league_it,INT - PIS,Exact 0,ExactGoals,101.0,0.010294117647058823,3.97,1 in 97
league_it,INT - PIS,CS 0-0,CS,101.0,0.010294117647058823,3.97,1 in 97
league_it,LEC - ATA,HT CS 1-0,HTCS,9.0,0.11552612214863871,3.97,1 in 8
league_it,LAZ - INT,CS 1-5,CS,157.0,0.006622516556291391,3.97,1 in 151
league_it,ATA - PIS,HT CS 1-2,HTCS,40.4,0.025735294117647058,3.97,1 in 38
league_it,LEC - JUV,Exact 6,ExactGoals,19.9,0.05224429727740986,3.97,1 in 19
league_it,LAZ - NAP,HT/FT X/X,HTFT,6.34,0.16397058823529412,3.96,1 in 6
league_it,PAR - FIO,HT/FT X/2,HTFT,8.36,0.1243561442236939,3.96,1 in 8
league_it,MIL - ROM,CS 1-4,CS,88.3,0.01177336276674025,3.96,1 in 84
league_it,INT - JUV,Over 4.5,OU,8.36,0.1243561442236939,3.96,1 in 8
league_it,INT - CRE,HT/FT 2/2,HTFT,83.1,0.012509197939661517,3.95,1 in 79
league_it,CAG - PAR,HT CS 0-2,HTCS,18.6,0.05588235294117647,3.94,1 in 17
league_it,JUV - ROM,HT CS 2-1,HTCS,12.5,0.08314937454010302,3.94,1 in 12
league_it,LAZ - LEC,CS 3-0,CS,11.3,0.09197939661515821,3.94,1 in 10
league_it,PIS - INT,Draw,1X2,8.94,0.11626195732155997,3.94,1 in 8
league_it,PAR - SAS,Exact 0,ExactGoals,11.4,0.09117647058823529,3.94,1 in 10
league_it,PAR - SAS,CS 0-0,CS,11.4,0.09117647058823529,3.94,1 in 10
league_it,COM - UDI,CS 2-2,CS,15.2,0.06838235294117648,3.94,1 in 14
league_it,VER - ROM,CS 3-1,CS,45.6,0.022794117647058822,3.94,1 in 43
league_it,VER - COM,CS 2-2,CS,13.2,0.07873436350257543,3.93,1 in 12
league_it,PIS - LEC,CS 3-0,CS,32.1,0.03237674760853569,3.93,1 in 30
league_it,ATA - UDI,Exact 4,ExactGoals,5.39,0.1927888153053716,3.91,1 in 5
league_it,LAZ - VER,BTTS No,BTTS,1.96,0.5301470588235294,3.91,1 in 1
league_it,INT - PIS,CS 3-3,CS,78.5,0.013235294117647059,3.9,1 in 75
league_it,LEC - ATA,CS 0-6,CS,353.0,0.0029433406916850625,3.9,1 in 339
league_it,UDI - LAZ,CS 4-0,CS,157.0,0.006617647058823529,3.9,1 in 151
league_it,COM - UDI,HT CS 2-1,HTCS,15.7,0.0661764705882353,3.9,1 in 15
league_it,CRE - TOR,HT/FT X/1,HTFT,9.05,0.11479028697571744,3.89,1 in 8
league_it,BOL - CAG,CS 3-1,CS,18.1,0.05739514348785872,3.89,1 in 17
league_it,CAG - PAR,CS 3-0,CS,27.7,0.0375,3.87,1 in 26
league_it,PAR - MIL,HT/FT X/X,HTFT,6.19,0.16777041942604856,3.85,1 in 5
league_it,INT - VER,Exact 5,ExactGoals,7.89,0.13161764705882353,3.85,1 in 7
league_it,VER - COM,HT/FT 1/X,HTFT,19.6,0.052980132450331126,3.84,1 in 18
league_it,PIS - CAG,HT/FT 2/2,HTFT,4.2,0.24724061810154527,3.84,1 in 4
league_it,UDI - CRE,HT CS 1-2,HTCS,29.4,0.03532008830022075,3.84,1 in 28
league_it,ROM - COM,HT CS 1-2,HTCS,39.2,0.026490066225165563,3.84,1 in 37
league_it,NAP - TOR,CS 5-0,CS,58.8,0.017660044150110375,3.84,1 in 56
league_it,VER - UDI,CS 0-2,CS,12.6,0.08241353936718175,3.84,1 in 12
league_it,LEC - FIO,HT CS 1-2,HTCS,13.7,0.07579102281089035,3.83,1 in 13
league_it,JUV - CAG,HT/FT 2/1,HTFT,47.1,0.02204261572373255,3.82,1 in 45
league_it,COM - SAS,HT/FT 1/2,HTFT,35.3,0.029411764705882353,3.82,1 in 34
league_it,MIL - CAG,HT/FT X/1,HTFT,7.63,0.13602941176470587,3.79,1 in 7
league_it,FIO - UDI,HT CS 2-1,HTCS,15.5,0.06696100073583518,3.79,1 in 14
league_it,TOR - PIS,HT/FT 2/1,HTFT,40.3,0.025754231052244298,3.79,1 in 38
league_it,NAP - BOL,Under 1.5,OU,4.64,0.22369389256806477,3.79,1 in 4
league_it,ATA - ROM,CS 0-2,CS,15.5,0.06696100073583518,3.79,1 in 14
league_it,INT - GEN,Draw,1X2,4.33,0.23970588235294119,3.79,1 in 4
league_it,VER - ATA,CS 1-4,CS,32.8,0.03164091243561442,3.78,1 in 31
league_it,JUV - LAZ,HT/FT 2/X,HTFT,23.9,0.04341427520235467,3.76,1 in 23
league_it,ROM - GEN,HT/FT X/2,HTFT,14.7,0.07058823529411765,3.76,1 in 14
league_it,PIS - LEC,CS 1-3,CS,23.9,0.04341427520235467,3.76,1 in 23
league_it,LAZ - PIS,CS 4-0,CS,22.4,0.04632352941176471,3.76,1 in 21
league_it,ATA - MIL,CS 2-2,CS,13.7,0.07573529411764705,3.76,1 in 13
league_it,ROM - VER,CS 0-1,CS,30.0,0.034584253127299486,3.75,1 in 28
league_it,CAG - ROM,CS 2-2,CS,14.1,0.07358351729212656,3.75,1 in 13
league_it,PAR - CAG,CS 5-1,CS,235.0,0.004415011037527594,3.75,1 in 226
league_it,LAZ - GEN,CS 2-3,CS,56.4,0.01839587932303164,3.75,1 in 54
league_it,UDI - ROM,CS 3-2,CS,47.0,0.02207505518763797,3.75,1 in 45
league_it,COM - LEC,HT CS 2-1,HTCS,15.0,0.06916850625459897,3.75,1 in 14
league_it,SAS - TOR,CS 6-0,CS,1410.0,0.0007358351729212656,3.75,1 in 1359
league_it,TOR - VER,CS 3-0,CS,16.6,0.0625,3.75,1 in 16
league_it,VER - LAZ,HT/FT 1/2,HTFT,37.1,0.027961736571008096,3.74,1 in 35
league_it,UDI - INT,Exact 5,ExactGoals,10.6,0.09786607799852833,3.74,1 in 10
league_it,FIO - JUV,HT CS 1-1,HTCS,6.65,0.15599705665930833,3.74,1 in 6
league_it,TOR - COM,HT/FT X/1,HTFT,7.92,0.1309786607799853,3.74,1 in 7
league_it,ATA - UDI,HT CS 2-1,HTCS,11.1,0.09345106696100074,3.73,1 in 10
league_it,LEC - ATA,Home Win,1X2,4.73,0.21927888153053715,3.72,1 in 4
league_it,GEN - PAR,CS 4-0,CS,88.1,0.01177336276674025,3.72,1 in 84
league_it,BOL - COM,HT CS 2-1,HTCS,16.2,0.0640176600441501,3.71,1 in 15
league_it,SAS - CRE,HT CS 3-0,HTCS,34.4,0.030147058823529412,3.71,1 in 33
league_it,UDI - CAG,Exact 6,ExactGoals,42.7,0.024282560706401765,3.69,1 in 41
league_it,UDI - CAG,HT/FT 2/2,HTFT,6.29,0.1648270787343635,3.68,1 in 6
league_it,ATA - JUV,HT/FT 1/2,HTFT,30.0,0.03455882352941177,3.68,1 in 28
league_it,GEN - LEC,CS 6-0,CS,705.0,0.0014705882352941176,3.68,1 in 680
league_it,GEN - LEC,HT CS 1-2,HTCS,28.2,0.03676470588235294,3.68,1 in 27
league_it,SAS - CRE,HT CS 1-2,HTCS,23.9,0.04338235294117647,3.68,1 in 23
league_it,LEC - FIO,Exact 4,ExactGoals,5.92,0.1751287711552612,3.68,1 in 5
league_it,COM - SAS,CS 0-4,CS,235.0,0.004411764705882353,3.68,1 in 226
league_it,FIO - PIS,CS 1-2,CS,19.3,0.05371596762325239,3.67,1 in 18
league_it,LAZ - ATA,CS 3-0,CS,26.6,0.03897058823529412,3.66,1 in 25
league_it,GEN - COM,CS 4-1,CS,93.9,0.011037527593818985,3.64,1 in 90
league_it,PAR - CAG,Over 4.5,OU,9.39,0.11037527593818984,3.64,1 in 9
league_it,LAZ - GEN,CS 0-3,CS,93.9,0.011037527593818985,3.64,1 in 90
league_it,NAP - ATA,HT CS 1-1,HTCS,6.18,0.1676470588235294,3.61,1 in 5
league_it,MIL - BOL,Exact 6,ExactGoals,18.3,0.05661764705882353,3.61,1 in 17
league_it,MIL - JUV,CS 2-0,CS,12.8,0.08094186902133922,3.61,1 in 12
league_it,LEC - PAR,HT/FT 2/X,HTFT,17.6,0.05886681383370125,3.61,1 in 16
league_it,LEC - FIO,HT CS 2-0,HTCS,25.6,0.04047093451066961,3.61,1 in 24
league_it,BOL - VER,CS 1-2,CS,17.6,0.05886681383370125,3.61,1 in 16
league_it,VER - UDI,CS 1-3,CS,22.0,0.047093451066961,3.61,1 in 21
league_it,PIS - TOR,HT/FT 1/X,HTFT,19.3,0.05367647058823529,3.6,1 in 18
league_it,LEC - ATA,CS 0-4,CS,36.1,0.02869757174392936,3.6,1 in 34
league_it,ATA - BOL,HT/FT X/1,HTFT,7.08,0.1463235294117647,3.6,1 in 6
league_it,MIL - LEC,Draw,1X2,4.43,0.2338235294117647,3.58,1 in 4
league_it,FIO - LAZ,CS 1-4,CS,61.2,0.01692420897718911,3.58,1 in 59
league_it,PIS - JUV,HT/FT 2/X,HTFT,12.7,0.08155767817781043,3.58,1 in 12
league_it,LEC - ATA,HT CS 0-0,HTCS,4.14,0.2501839587932303,3.58,1 in 3
league_it,CAG - INT,Exact 0,ExactGoals,15.3,0.06769683590875644,3.58,1 in 14
league_it,CAG - INT,CS 0-0,CS,15.3,0.06769683590875644,3.58,1 in 14
league_it,SAS - PIS,HT/FT 2/X,HTFT,20.7,0.05003679175864607,3.58,1 in 19
league_it,LEC - PAR,HT/FT 1/X,HTFT,15.3,0.06769683590875644,3.58,1 in 14
league_it,LEC - JUV,CS 1-3,CS,13.8,0.07505518763796909,3.58,1 in 13
league_it,ATA - CRE,CS 2-1,CS,8.53,0.12141280353200883,3.57,1 in 8
league_it,BOL - UDI,HT/FT 2/2,HTFT,6.34,0.16335540838852097,3.57,1 in 6
league_it,JUV - FIO,CS 2-3,CS,50.3,0.020588235294117647,3.56,1 in 48
league_it,PAR - BOL,Under 1.5,OU,3.63,0.2852941176470588,3.56,1 in 3
league_it,ATA - VER,CS 5-1,CS,50.3,0.020588235294117647,3.56,1 in 48
league_it,GEN - ROM,HT/FT X/2,HTFT,7.18,0.14422369389256806,3.55,1 in 6
league_it,UDI - JUV,CS 3-1,CS,46.9,0.02207505518763797,3.53,1 in 45
league_it,PIS - ATA,HT CS 2-0,HTCS,40.2,0.025754231052244298,3.53,1 in 38
league_it,SAS - UDI,CS 5-1,CS,352.0,0.0029411764705882353,3.53,1 in 340
league_it,ATA - JUV,HT/FT 2/X,HTFT,16.0,0.06470588235294118,3.53,1 in 15
league_it,FIO - UDI,CS 5-1,CS,201.0,0.0051508462104488595,3.53,1 in 194
league_it,FIO - UDI,HT CS 1-2,HTCS,21.0,0.049300956585724795,3.53,1 in 20
league_it,BOL - GEN,CS 1-3,CS,32.0,0.03235294117647059,3.53,1 in 30
league_it,TOR - VER,CS 1-4,CS,176.0,0.0058823529411764705,3.53,1 in 170
league_it,PAR - TOR,CS 3-0,CS,32.0,0.03235294117647059,3.53,1 in 30
league_it,BOL - LAZ,CS 2-0,CS,16.0,0.06470588235294118,3.53,1 in 15
league_it,UDI - FIO,HT/FT X/2,HTFT,8.43,0.12279411764705882,3.52,1 in 8
league_it,UDI - INT,CS 3-1,CS,52.1,0.019867549668874173,3.51,1 in 50
league_it,NAP - PAR,Over 4.5,OU,5.89,0.17573529411764705,3.51,1 in 5
league_it,ROM - CAG,CS 1-2,CS,20.7,0.05,3.5,1 in 20
league_it,MIL - CAG,HT/FT 1/2,HTFT,39.1,0.026470588235294117,3.5,1 in 37
league_it,BOL - INT,CS 1-4,CS,30.6,0.033823529411764704,3.5,1 in 29
league_it,CRE - PAR,HT/FT 2/X,HTFT,15.3,0.06764705882352941,3.5,1 in 14
league_it,UDI - VER,CS 4-1,CS,39.1,0.026470588235294117,3.5,1 in 37
league_it,PAR - JUV,CS 1-3,CS,13.8,0.075,3.5,1 in 13
league_it,SAS - LAZ,HT/FT X/X,HTFT,6.12,0.16911764705882354,3.5,1 in 5
league_it,SAS - VER,CS 3-2,CS,30.6,0.033823529411764704,3.5,1 in 29
league_it,INT - JUV,CS 3-3,CS,87.9,0.01177336276674025,3.49,1 in 84
league_it,VER - ATA,HT CS 0-0,HTCS,4.45,0.23252391464311994,3.47,1 in 4
league_it,ATA - JUV,HT CS 3-0,HTCS,67.0,0.015441176470588236,3.46,1 in 64
league_it,UDI - CRE,CS 1-5,CS,703.0,0.0014716703458425313,3.46,1 in 679
league_it,MIL - UDI,Exact 5,ExactGoals,9.19,0.11258278145695365,3.46,1 in 8
league_it,VER - PAR,HT CS 2-1,HTCS,19.0,0.054451802796173655,3.46,1 in 18
league_it,ROM - LEC,Over 4.5,OU,5.33,0.19411764705882353,3.46,1 in 5
league_it,LEC - ROM,CS 3-3,CS,74.0,0.013980868285504048,3.46,1 in 71
league_it,INT - NAP,CS 4-0,CS,82.7,0.012509197939661517,3.45,1 in 79
league_it,BOL - JUV,CS 3-0,CS,63.9,0.016188373804267846,3.44,1 in 61
league_it,PIS - INT,HT/FT 2/X,HTFT,19.8,0.05224429727740986,3.44,1 in 19
league_it,NAP - COM,Exact 0,ExactGoals,14.5,0.0713235294117647,3.42,1 in 14
league_it,NAP - COM,CS 0-0,CS,14.5,0.0713235294117647,3.42,1 in 14
league_it,CRE - COM,HT/FT 1/2,HTFT,32.7,0.03161764705882353,3.39,1 in 31
league_it,TOR - INT,CS 3-3,CS,74.0,0.013970588235294118,3.38,1 in 71
league_it,JUV - INT,HT CS 1-2,HTCS,19.0,0.054411764705882354,3.38,1 in 18
league_it,BOL - JUV,CS 2-4,CS,56.2,0.01839587932303164,3.38,1 in 54
league_it,NAP - JUV,Draw,1X2,3.7,0.27941176470588236,3.38,1 in 3
league_it,ATA - FIO,HT CS 0-3,HTCS,281.0,0.003679175864606328,3.38,1 in 271
league_it,GEN - COM,HT CS 2-1,HTCS,22.3,0.046357615894039736,3.38,1 in 21
league_it,COM - LEC,HT CS 0-2,HTCS,28.1,0.03679175864606328,3.38,1 in 27
league_it,FIO - COM,CS 1-4,CS,87.8,0.01177336276674025,3.37,1 in 84
league_it,ROM - TOR,CS 0-2,CS,43.9,0.0235467255334805,3.37,1 in 42
league_it,FIO - UDI,Over 4.5,OU,8.41,0.12288447387785136,3.35,1 in 8
league_it,FIO - ROM,Exact 4,ExactGoals,5.49,0.18823529411764706,3.34,1 in 5
league_it,GEN - JUV,CS 1-0,CS,15.1,0.0684326710816777,3.33,1 in 14
league_it,JUV - LAZ,CS 0-4,CS,234.0,0.004415011037527594,3.31,1 in 226
league_it,NAP - VER,CS 0-3,CS,468.0,0.002207505518763797,3.31,1 in 453
league_it,TOR - GEN,HT/FT 2/X,HTFT,18.0,0.05739514348785872,3.31,1 in 17
league_it,MIL - VER,CS 0-3,CS,234.0,0.004415011037527594,3.31,1 in 226
league_it,GEN - INT,HT CS 2-1,HTCS,31.2,0.033112582781456956,3.31,1 in 30
league_it,SAS - CAG,Exact 5,ExactGoals,11.7,0.08830022075055188,3.31,1 in 11
league_it,VER - TOR,Exact 0,ExactGoals,13.0,0.07947019867549669,3.31,1 in 12
league_it,VER - TOR,CS 0-0,CS,13.0,0.07947019867549669,3.31,1 in 12
league_it,MIL - ATA,CS 2-4,CS,108.0,0.009565857247976454,3.31,1 in 104
league_it,NAP - CRE,CS 2-3,CS,117.0,0.008830022075055188,3.31,1 in 113
league_it,INT - PAR,Exact 0,ExactGoals,18.0,0.05739514348785872,3.31,1 in 17
league_it,INT - PAR,CS 0-0,CS,18.0,0.05739514348785872,3.31,1 in 17
league_it,TOR - JUV,CS 0-4,CS,36.0,0.02869757174392936,3.31,1 in 34
league_it,PIS - LEC,CS 5-0,CS,351.0,0.0029433406916850625,3.31,1 in 339
league_it,MIL - COM,CS 2-4,CS,281.0,0.003676470588235294,3.31,1 in 272
league_it,INT - CRE,CS 2-3,CS,117.0,0.008830022075055188,3.31,1 in 113
league_it,CRE - LAZ,CS 3-3,CS,70.2,0.014716703458425313,3.31,1 in 67
league_it,FIO - ATA,CS 2-0,CS,15.6,0.06622516556291391,3.31,1 in 15
league_it,PAR - LAZ,CS 1-5,CS,117.0,0.008830022075055188,3.31,1 in 113
league_it,PAR - LAZ,CS 2-3,CS,26.0,0.039735099337748346,3.31,1 in 25
league_it,BOL - SAS,HT/FT 2/X,HTFT,22.3,0.04632352941176471,3.3,1 in 21
league_it,FIO - ATA,Home Win,1X2,2.78,0.37159676232523914,3.3,1 in 2
league_it,CRE - NAP,Under 1.5,OU,8.12,0.12720588235294117,3.29,1 in 7
league_it,VER - SAS,Exact 5,ExactGoals,12.1,0.08535688005886681,3.28,1 in 11
league_it,LEC - COM,Exact 5,ExactGoals,11.6,0.08903605592347315,3.28,1 in 11
league_it,GEN - JUV,HT/FT X/1,HTFT,12.1,0.08535688005886681,3.28,1 in 11
league_it,CRE - PAR,CS 3-1,CS,26.5,0.03897058823529412,3.27,1 in 25
league_it,LAZ - VER,CS 1-0,CS,7.98,0.12941176470588237,3.27,1 in 7
league_it,ROM - CAG,CS 3-2,CS,23.8,0.04338235294117647,3.25,1 in 23
league_it,COM - LAZ,HT/FT X/2,HTFT,8.26,0.125,3.25,1 in 8
league_it,INT - UDI,CS 5-1,CS,58.5,0.01764705882352941,3.24,1 in 56
league_it,NAP - JUV,HT/FT 2/X,HTFT,18.0,0.057352941176470586,3.24,1 in 17
league_it,FIO - INT,Exact 0,ExactGoals,13.5,0.07647058823529412,3.24,1 in 13
league_it,FIO - INT,CS 0-0,CS,13.5,0.07647058823529412,3.24,1 in 13
league_it,CAG - NAP,HT/FT 1/2,HTFT,61.0,0.01692420897718911,3.24,1 in 59
league_it,JUV - FIO,HT/FT 2/2,HTFT,9.75,0.10588235294117647,3.24,1 in 9
league_it,FIO - GEN,HT CS 2-1,HTCS,21.6,0.04779411764705882,3.24,1 in 20
league_it,SAS - CRE,CS 1-4,CS,117.0,0.008823529411764706,3.24,1 in 113
league_it,FIO - ROM,CS 5-1,CS,351.0,0.0029411764705882353,3.24,1 in 340
league_it,PIS - GEN,CS 5-0,CS,468.0,0.0022058823529411764,3.24,1 in 453
league_it,GEN - CAG,Home Win,1X2,2.34,0.4411764705882353,3.24,1 in 2
league_it,GEN - TOR,HT CS 0-3,HTCS,108.0,0.009558823529411765,3.24,1 in 104
league_it,LEC - GEN,CS 0-3,CS,35.1,0.029411764705882353,3.24,1 in 34
league_it,PAR - ROM,Home Win,1X2,4.36,0.23676470588235293,3.23,1 in 4
league_it,MIL - UDI,Over 4.5,OU,6.18,0.1670345842531273,3.23,1 in 5
league_it,VER - CAG,CS 0-2,CS,16.9,0.061074319352465045,3.22,1 in 16
league_it,LEC - JUV,HT CS 0-0,HTCS,4.66,0.22148638704930096,3.21,1 in 4
league_it,PIS - GEN,Draw,1X2,3.19,0.3235294117647059,3.21,1 in 3
league_it,FIO - ATA,HT/FT 1/1,HTFT,4.51,0.2288447387785136,3.21,1 in 4
league_it,MIL - PAR,CS 3-0,CS,12.1,0.08529411764705883,3.21,1 in 11
league_it,FIO - PIS,CS 3-2,CS,27.5,0.037527593818984545,3.2,1 in 26
league_it,COM - PAR,CS 3-1,CS,24.6,0.04194260485651214,3.18,1 in 23
league_it,BOL - PAR,HT CS 0-1,HTCS,6.84,0.15084621044885946,3.18,1 in 6
league_it,COM - PAR,HT/FT X/1,HTFT,6.94,0.14863870493009565,3.16,1 in 6
league_it,LAZ - JUV,HT CS 3-0,HTCS,70.1,0.014716703458425313,3.16,1 in 67
league_it,INT - BOL,HT/FT X/1,HTFT,7.01,0.14716703458425312,3.16,1 in 6
league_it,CAG - JUV,Under 1.5,OU,4.16,0.24797645327446652,3.16,1 in 4
league_it,LAZ - ATA,Over 4.5,OU,6.98,0.14779411764705883,3.16,1 in 6
league_it,BOL - CAG,HT/FT 1/2,HTFT,32.6,0.03164091243561442,3.15,1 in 31
league_it,ATA - PIS,CS 5-0,CS,50.1,0.020588235294117647,3.15,1 in 48
league_it,ROM - CRE,Under 1.5,OU,5.48,0.18823529411764706,3.15,1 in 5
league_it,SAS - TOR,HT/FT 2/1,HTFT,32.6,0.03164091243561442,3.15,1 in 31
league_it,BOL - INT,Exact 5,ExactGoals,9.05,0.11397058823529412,3.14,1 in 8
league_it,LAZ - PAR,HT/FT 2/1,HTFT,43.8,0.0235467255334805,3.13,1 in 42
league_it,CAG - NAP,HT CS 1-2,HTCS,9.87,0.10448859455481972,3.13,1 in 9
league_it,FIO - NAP,CS 1-3,CS,14.6,0.0706401766004415,3.13,1 in 14
league_it,JUV - PIS,CS 4-1,CS,19.2,0.05371596762325239,3.13,1 in 18
league_it,MIL - LAZ,CS 4-0,CS,43.8,0.0235467255334805,3.13,1 in 42
league_it,UDI - CRE,CS 3-2,CS,28.6,0.036055923473142015,3.12,1 in 27
league_it,CRE - FIO,HT CS 0-3,HTCS,28.6,0.036055923473142015,3.12,1 in 27
league_it,JUV - BOL,CS 2-2,CS,15.4,0.06696100073583518,3.12,1 in 14
league_it,UDI - SAS,CS 2-0,CS,11.3,0.09124356144223694,3.11,1 in 10
league_it,JUV - ATA,Exact 0,ExactGoals,12.4,0.08314937454010302,3.11,1 in 12
league_it,JUV - ATA,CS 0-0,CS,12.4,0.08314937454010302,3.11,1 in 12
league_it,BOL - JUV,CS 1-5,CS,93.4,0.011037527593818985,3.09,1 in 90
league_it,PIS - FIO,Exact 4,ExactGoals,5.43,0.18984547461368653,3.09,1 in 5
league_it,LEC - COM,CS 2-4,CS,93.4,0.011037527593818985,3.09,1 in 90
league_it,COM - CAG,CS 1-5,CS,467.0,0.002207505518763797,3.09,1 in 453
league_it,TOR - JUV,HT/FT 2/X,HTFT,13.6,0.07579102281089035,3.08,1 in 13
league_it,JUV - PIS,Exact 5,ExactGoals,7.87,0.1309786607799853,3.08,1 in 7
league_it,FIO - BOL,CS 2-1,CS,10.3,0.10007358351729213,3.08,1 in 9
league_it,JUV - LAZ,Over 4.5,OU,6.9,0.14937454010301693,3.07,1 in 6
league_it,INT - ATA,CS 3-3,CS,66.7,0.01545253863134658,3.07,1 in 64
league_it,COM - NAP,Over 4.5,OU,6.09,0.1692420897718911,3.07,1 in 5
league_it,TOR - CAG,HT/FT X/1,HTFT,7.49,0.13760117733627666,3.06,1 in 7
league_it,JUV - FIO,Over 4.5,OU,6.58,0.15661764705882353,3.05,1 in 6
league_it,TOR - JUV,CS 3-0,CS,77.8,0.013245033112582781,3.05,1 in 75
league_it,MIL - BOL,HT/FT 2/2,HTFT,14.3,0.07205882352941176,3.04,1 in 13
league_it,BOL - SAS,HT CS 2-1,HTCS,14.3,0.07205882352941176,3.04,1 in 13
league_it,ATA - VER,HT/FT X/2,HTFT,18.2,0.05661764705882353,3.04,1 in 17
league_it,TOR - ATA,HT CS 2-0,HTCS,20.9,0.049300956585724795,3.04,1 in 20
league_it,COM - CRE,CS 2-2,CS,15.4,0.06691176470588235,3.04,1 in 14
league_it,TOR - FIO,HT CS 0-3,HTCS,63.7,0.016176470588235296,3.04,1 in 61
league_it,PIS - BOL,HT CS 2-1,HTCS,22.6,0.045588235294117645,3.03,1 in 21
league_it,CRE - NAP,CS 0-1,CS,11.3,0.09117647058823529,3.03,1 in 10
league_it,PIS - ROM,Home Win,1X2,5.11,0.2016188373804268,3.03,1 in 4
league_it,TOR - VER,HT/FT X/2,HTFT,11.3,0.09117647058823529,3.03,1 in 10
league_it,PAR - INT,CS 5-0,CS,1400.0,0.0007358351729212656,3.02,1 in 1359
league_it,GEN - PIS,CS 5-1,CS,140.0,0.007358351729212656,3.02,1 in 135
league_it,CAG - NAP,HT CS 0-0,HTCS,7.33,0.14054451802796172,3.02,1 in 7
league_it,BOL - CAG,CS 0-5,CS,700.0,0.0014716703458425313,3.02,1 in 679
league_it,VER - PAR,CS 1-3,CS,25.0,0.041206769683590876,3.02,1 in 24
league_it,PAR - UDI,CS 0-6,CS,1400.0,0.0007358351729212656,3.02,1 in 1359
league_it,LEC - CRE,Exact 5,ExactGoals,11.2,0.09197939661515821,3.02,1 in 10
league_it,ATA - LAZ,CS 0-5,CS,350.0,0.0029433406916850625,3.02,1 in 339
league_it,NAP - LAZ,HT CS 0-2,HTCS,40.0,0.025754231052244298,3.02,1 in 38
league_it,LAZ - CAG,CS 6-0,CS,200.0,0.0051508462104488595,3.02,1 in 194
league_it,INT - BOL,CS 3-3,CS,70.0,0.014716703458425313,3.02,1 in 67
league_it,LAZ - GEN,HT/FT 2/1,HTFT,40.0,0.025754231052244298,3.02,1 in 38
league_it,JUV - COM,CS 1-3,CS,56.0,0.01839587932303164,3.02,1 in 54
league_it,FIO - ATA,CS 3-0,CS,35.0,0.029433406916850625,3.02,1 in 33
league_it,FIO - ATA,CS 4-2,CS,100.0,0.010301692420897719,3.02,1 in 97
league_it,TOR - LAZ,CS 1-0,CS,12.5,0.08241353936718175,3.02,1 in 12
league_it,VER - ATA,HT/FT X/X,HTFT,6.06,0.16997792494481237,3.01,1 in 5
league_it,CAG - LEC,HT/FT X/1,HTFT,7.07,0.1456953642384106,3.01,1 in 6
league_it,LAZ - TOR,CS 0-3,CS,82.4,0.0125,3.0,1 in 80
league_it,ATA - COM,Exact 5,ExactGoals,10.3,0.1,3.0,1 in 10
league_it,MIL - PAR,CS 0-2,CS,41.2,0.025,3.0,1 in 40
